rp ESP32 Access Point connection, 
14, 
22, 
57, 
12, 
49, 
20, 
21, 
55, 
35, 
16, 
28, 
15, 
16, 
15, 
22, 
13, 
17, 
12, 
16, 
16, 
22, 
25, 
14, 
17, 
14, 
16, 
15, 
27, 
21, 
16, 
15, 
16, 
14, 
12, 
15, 
16, 
17, 
19, 
14, 
29, 
15, 
22, 
13, 
15, 
13, 
13, 
14, 
15, 
26, 
14, 
23, 
14, 
17, 
31, 
19, 
14, 
14, 
16, 
19, 
34, 
14, 
14, 
11, 
13, 
16, 
13, 
34, 
63, 
27, 
18, 
119, 
12, 
18, 
14, 
13, 
16, 
18, 
13, 
12, 
14, 
17, 
15, 
13, 
24, 
14, 
15, 
12, 
12, 
21, 
13, 
13, 
15, 
22, 
23, 
17, 
17, 
14, 
14, 
17, 
13, 
19, 
13, 
14, 
14, 
19, 
18, 
12, 
23, 
22, 
13, 
14, 
17, 
14, 
37, 
15, 
16, 
17, 
15, 
17, 
13, 
26, 
33, 
14, 
19, 
82, 
15, 
15, 
16, 
24, 
17, 
71, 
25, 
50, 
16, 
14, 
18, 
28, 
25, 
18, 
15, 
14, 
25, 
22, 
17, 
15, 
15, 
18, 
15, 
21, 
15, 
16, 
22, 
15, 
15, 
46, 
15, 
17, 
15, 
16, 
26, 
17, 
13, 
13, 
14, 
14, 
17, 
22, 
17, 
14, 
15, 
16, 
15, 
16, 
18, 
17, 
15, 
15, 
15, 
65, 
146, 
44, 
88, 
22, 
52, 
22, 
15, 
32, 
17, 
14, 
15, 
12, 
39, 
135, 
27, 
15, 
16, 
15, 
25, 
14, 
15, 
17, 
15, 
16, 
27, 
15, 
13, 
17, 
14, 
12, 
19, 
56, 
14, 
16, 
15, 
15, 
26, 
16, 
14, 
19, 
15, 
23, 
20, 
15, 
14, 
18, 
14, 
15, 
42, 
15, 
16, 
26, 
26, 
15, 
18, 
20, 
15, 
18, 
15, 
15, 
27, 
31, 
15, 
14, 
16, 
25, 
15, 
15, 
29, 
15, 
25, 
124, 
15, 
84, 
124, 
15, 
13, 
13, 
15, 
23, 
17, 
14, 
16, 
16, 
15, 
19, 
22, 
16, 
17, 
13, 
15, 
13, 
22, 
17, 
20, 
21, 
15, 
17, 
21, 
16, 
14, 
17, 
15, 
16, 
25, 
19, 
15, 
22, 
24, 
15, 
20, 
18, 
17, 
16, 
17, 
12, 
14, 
30, 
20, 
19, 
18, 
17, 
14, 
21, 
16, 
28, 
14, 
16, 
14, 
26, 
16, 
12, 
14, 
77, 
18, 
35, 
25, 
42, 
29, 
24, 
30, 
26, 
21, 
21, 
16, 
16, 
21, 
35, 
16, 
17, 
45, 
15, 
15, 
48, 
17, 
17, 
17, 
19, 
18, 
23, 
14, 
16, 
14, 
15, 
14, 
14, 
22, 
22, 
15, 
15, 
30, 
18, 
14, 
12, 
15, 
15, 
14, 
16, 
26, 
15, 
16, 
14, 
15, 
15, 
19, 
13, 
15, 
14, 
19, 
34, 
17, 
17, 
15, 
16, 
74, 
15, 
17, 
115, 
12, 
15, 
15, 
15, 
30, 
22, 
15, 
14, 
16, 
17, 
23, 
18, 
17, 
14, 
14, 
15, 
15, 
24, 
16, 
16, 
15, 
36, 
24, 
16, 
16, 
14, 
27, 
16, 
27, 
15, 
14, 
15, 
18, 
15, 
21, 
25, 
17, 
15, 
29, 
15, 
15, 
23, 
15, 
14, 
27, 
16, 
13, 
15, 
15, 
25, 
17, 
29, 
16, 
15, 
16, 
24, 
19, 
23, 
165, 
24, 
15, 
131, 
13, 
15, 
21, 
21, 
29, 
14, 
15, 
15, 
13, 
24, 
18, 
20, 
14, 
16, 
15, 
33, 
17, 
15, 
46, 
19, 
16, 
18, 
25, 
19, 
15, 
19, 
15, 
17, 
16, 
15, 
15, 
15, 
17, 
14, 
14, 
16, 
17, 
21, 
32, 
28, 
21, 
21, 
29, 
26, 
20, 
16, 
17, 
33, 
22, 
17, 
17, 
14, 
17, 
44, 
19, 
15, 
30, 
62, 
16, 
46, 
15, 
13, 
26, 
14, 
15, 
13, 
49, 
13, 
14, 
14, 
14, 
29, 
15, 
15, 
15, 
16, 
15, 
23, 
36, 
15, 
15, 
14, 
17, 
43, 
18, 
16, 
21, 
16, 
24, 
18, 
17, 
16, 
12, 
14, 
15, 
13, 
24, 
15, 
16, 
37, 
83, 
35, 
24, 
14, 
15, 
16, 
17, 
16, 
20, 
18, 
35, 
15, 
14, 
25, 
15, 
23, 
15, 
21, 
72, 
39, 
18, 
33, 
31, 
15, 
16, 
15, 
13, 
15, 
20, 
20, 
31, 
18, 
16, 
16, 
18, 
14, 
15, 
15, 
16, 
12, 
15, 
20, 
13, 
12, 
12, 
12, 
16, 
11, 
11, 
60, 
12, 
13, 
156, 
12, 
20, 
23, 
19, 
13, 
16, 
12, 
21, 
13, 
29, 
12, 
16, 
12, 
19, 
16, 
12, 
12, 
16, 
12, 
18, 
14, 
15, 
26, 
16, 
13, 
15, 
14, 
63, 
90, 
25, 
125, 
13, 
12, 
13, 
26, 
12, 
19, 
27, 
13, 
24, 
12, 
13, 
21, 
16, 
13, 
12, 
13, 
12, 
13, 
12, 
11, 
15, 
20, 
14, 
29, 
13, 
13, 
16, 
14, 
24, 
20, 
17, 
15, 
14, 
15, 
20, 
93, 
21, 
17, 
18, 
14, 
103, 
15, 
17, 
25, 
15, 
15, 
14, 
15, 
14, 
30, 
16, 
15, 
13, 
14, 
16, 
13, 
23, 
22, 
116, 
95, 
138, 
13, 
13, 
18, 
25, 
15, 
21, 
25, 
15, 
15, 
25, 
13, 
14, 
16, 
13, 
13, 
15, 
22, 
18, 
15, 
77, 
39, 
26, 
20, 
24, 
18, 
15, 
14, 
16, 
14, 
14, 
22, 
16, 
15, 
14, 
14, 
15, 
28, 
33, 
19, 
16, 
36, 
51, 
14, 
19, 
15, 
26, 
26, 
16, 
16, 
25, 
16, 
14, 
28, 
19, 
17, 
15, 
13, 
73, 
102, 
17, 
96, 
31, 
14, 
20, 
22, 
17, 
15, 
17, 
15, 
20, 
15, 
13, 
14, 
23, 
16, 
16, 
13, 
18, 
19, 
27, 
14, 
15, 
12, 
12, 
38, 
20, 
26, 
18, 
15, 
16, 
14, 
16, 
34, 
21, 
14, 
14, 
15, 
25, 
15, 
18, 
14, 
15, 
15, 
25, 
16, 
16, 
15, 
18, 
19, 
23, 
15, 
18, 
24, 
16, 
14, 
19, 
18, 
16, 
18, 
71, 
17, 
85, 
15, 
94, 
20, 
17, 
16, 
16, 
23, 
27, 
18, 
13, 
15, 
15, 
20, 
18, 
16, 
15, 
15, 
15, 
17, 
29, 
17, 
13, 
15, 
16, 
38, 
29, 
33, 
17, 
19, 
18, 
17, 
15, 
23, 
20, 
24, 
13, 
15, 
14, 
13, 
14, 
13, 
17, 
25, 
29, 
16, 
16, 
16, 
27, 
19, 
14, 
17, 
25, 
16, 
17, 
16, 
17, 
36, 
20, 
16, 
36, 
14, 
49, 
124, 
39, 
15, 
15, 
28, 
13, 
20, 
14, 
15, 
16, 
16, 
24, 
20, 
17, 
14, 
14, 
18, 
16, 
17, 
17, 
16, 
17, 
15, 
18, 
22, 
15, 
21, 
15, 
16, 
21, 
13, 
15, 
16, 
15, 
16, 
29, 
15, 
17, 
14, 
15, 
16, 
37, 
17, 
15, 
15, 
15, 
21, 
15, 
22, 
17, 
16, 
16, 
18, 
16, 
24, 
14, 
15, 
25, 
26, 
47, 
12, 
61, 
133, 
24, 
21, 
35, 
21, 
17, 
23, 
17, 
24, 
26, 
16, 
15, 
15, 
15, 
19, 
20, 
16, 
17, 
15, 
18, 
15, 
24, 
20, 
19, 
14, 
15, 
14, 
22, 
14, 
14, 
19, 
16, 
16, 
15, 
31, 
16, 
13, 
14, 
17, 
21, 
17, 
29, 
39, 
31, 
21, 
16, 
17, 
14, 
16, 
26, 
14, 
20, 
14, 
13, 
12, 
12, 
21, 
15, 
30, 
80, 
48, 
23, 
20, 
15, 
16, 
13, 
14, 
23, 
13, 
17, 
14, 
17, 
16, 
14, 
16, 
14, 
13, 
16, 
17, 
14, 
22, 
13, 
15, 
14, 
15, 
15, 
19, 
14, 
14, 
16, 
20, 
15, 
26, 
19, 
19, 
16, 
13, 
15, 
17, 
19, 
17, 
17, 
17, 
14, 
19, 
20, 
16, 
27, 
14, 
39, 
23, 
21, 
15, 
15, 
15, 
14, 
22, 
17, 
16, 
111, 
15, 
15, 
64, 
21, 
13, 
17, 
14, 
24, 
15, 
17, 
21, 
15, 
14, 
31, 
14, 
16, 
15, 
27, 
24, 
54, 
27, 
38, 
30, 
14, 
18, 
13, 
16, 
16, 
23, 
14, 
16, 
15, 
15, 
14, 
62, 
22, 
21, 
32, 
22, 
23, 
21, 
18, 
27, 
25, 
15, 
17, 
14, 
126, 
32, 
16, 
16, 
15, 
17, 
19, 
15, 
15, 
24, 
15, 
32, 
17, 
57, 
24, 
15, 
136, 
107, 
15, 
17, 
19, 
13, 
29, 
14, 
33, 
15, 
17, 
24, 
14, 
17, 
19, 
12, 
25, 
16, 
16, 
17, 
14, 
14, 
16, 
22, 
15, 
37, 
15, 
12, 
12, 
15, 
17, 
23, 
28, 
15, 
14, 
11, 
14, 
15, 
14, 
23, 
15, 
54, 
17, 
22, 
48, 
15, 
16, 
14, 
22, 
15, 
17, 
16, 
14, 
15, 
25, 
17, 
17, 
14, 
15, 
13, 
15, 
137, 
15, 
78, 
15, 
17, 
14, 
13, 
22, 
14, 
24, 
15, 
18, 
16, 
28, 
18, 
27, 
15, 
14, 
16, 
15, 
15, 
23, 
16, 
16, 
19, 
14, 
15, 
22, 
15, 
18, 
36, 
15, 
33, 
16, 
16, 
16, 
14, 
17, 
28, 
16, 
18, 
16, 
12, 
21, 
17, 
25, 
16, 
15, 
30, 
22, 
21, 
28, 
52, 
30, 
55, 
15, 
18, 
13, 
15, 
15, 
80, 
14, 
42, 
14, 
103, 
17, 
17, 
14, 
14, 
14, 
24, 
20, 
34, 
13, 
17, 
16, 
15, 
30, 
15, 
15, 
16, 
16, 
18, 
17, 
14, 
14, 
19, 
13, 
21, 
14, 
15, 
15, 
15, 
16, 
48, 
17, 
14, 
18, 
14, 
19, 
17, 
28, 
14, 
17, 
15, 
24, 
14, 
21, 
13, 
14, 
15, 
43, 
18, 
27, 
15, 
30, 
13, 
15, 
13, 
13, 
14, 
13, 
32, 
17, 
130, 
16, 
16, 
20, 
17, 
17, 
14, 
15, 
16, 
23, 
14, 
15, 
17, 
15, 
14, 
15, 
21, 
38, 
12, 
15, 
13, 
20, 
19, 
14, 
51, 
12, 
30, 
15, 
12, 
15, 
18, 
17, 
17, 
19, 
23, 
15, 
20, 
27, 
26, 
14, 
19, 
22, 
14, 
34, 
18, 
16, 
12, 
15, 
13, 
15, 
15, 
48, 
17, 
15, 
23, 
15, 
17, 
16, 
14, 
111, 
26, 
15, 
43, 
15, 
13, 
16, 
18, 
15, 
20, 
17, 
22, 
16, 
27, 
18, 
16, 
21, 
20, 
15, 
20, 
15, 
16, 
25, 
25, 
16, 
19, 
15, 
14, 
19, 
18, 
15, 
21, 
16, 
15, 
15, 
22, 
15, 
16, 
17, 
16, 
22, 
21, 
16, 
23, 
20, 
15, 
16, 
57, 
14, 
13, 
15, 
27, 
18, 
14, 
14, 
13, 
15, 
15, 
25, 
23, 
28, 
15, 
83, 
15, 
47, 
18, 
61, 
12, 
15, 
23, 
17, 
17, 
16, 
42, 
20, 
15, 
15, 
16, 
26, 
17, 
23, 
15, 
14, 
16, 
22, 
15, 
23, 
25, 
16, 
15, 
37, 
15, 
25, 
17, 
15, 
15, 
15, 
17, 
16, 
15, 
16, 
15, 
17, 
25, 
16, 
14, 
17, 
21, 
15, 
22, 
14, 
16, 
18, 
14, 
16, 
37, 
15, 
17, 
15, 
15, 
17, 
34, 
18, 
14, 
85, 
63, 
41, 
15, 
37, 
14, 
15, 
18, 
22, 
15, 
17, 
16, 
15, 
43, 
12, 
17, 
17, 
15, 
15, 
17, 
29, 
17, 
17, 
16, 
14, 
14, 
23, 
17, 
24, 
17, 
39, 
15, 
17, 
15, 
19, 
16, 
18, 
26, 
13, 
15, 
16, 
16, 
15, 
24, 
22, 
17, 
17, 
36, 
14, 
18, 
17, 
22, 
39, 
18, 
22, 
15, 
14, 
15, 
16, 
14, 
28, 
18, 
62, 
19, 
18, 
14, 
129, 
22, 
12, 
33, 
19, 
18, 
15, 
16, 
22, 
55, 
19, 
13, 
14, 
23, 
14, 
22, 
15, 
13, 
16, 
22, 
17, 
17, 
15, 
15, 
33, 
15, 
43, 
14, 
17, 
18, 
16, 
15, 
17, 
15, 
21, 
26, 
15, 
15, 
18, 
15, 
17, 
18, 
21, 
65, 
17, 
17, 
16, 
18, 
18, 
16, 
15, 
30, 
16, 
14, 
21, 
17, 
16, 
23, 
77, 
25, 
17, 
16, 
19, 
33, 
23, 
17, 
19, 
20, 
15, 
14, 
16, 
16, 
20, 
20, 
16, 
13, 
15, 
13, 
16, 
24, 
16, 
16, 
16, 
21, 
17, 
32, 
18, 
16, 
16, 
16, 
50, 
17, 
28, 
14, 
33, 
16, 
15, 
13, 
15, 
13, 
14, 
24, 
16, 
19, 
14, 
14, 
15, 
16, 
27, 
15, 
17, 
16, 
13, 
15, 
15, 
14, 
25, 
23, 
21, 
86, 
20, 
23, 
20, 
113, 
16, 
12, 
31, 
15, 
16, 
15, 
14, 
16, 
28, 
18, 
16, 
14, 
14, 
17, 
23, 
24, 
18, 
18, 
14, 
15, 
16, 
26, 
14, 
15, 
17, 
14, 
15, 
14, 
17, 
15, 
26, 
14, 
19, 
17, 
14, 
13, 
22, 
14, 
15, 
17, 
16, 
17, 
14, 
23, 
17, 
15, 
15, 
14, 
14, 
21, 
16, 
16, 
15, 
53, 
12, 
16, 
14, 
15, 
75, 
91, 
67, 
86, 
25, 
14, 
21, 
14, 
12, 
17, 
16, 
15, 
15, 
22, 
15, 
15, 
16, 
17, 
14, 
15, 
22, 
19, 
15, 
17, 
16, 
16, 
19, 
14, 
18, 
22, 
17, 
16, 
14, 
19, 
14, 
15, 
16, 
15, 
15, 
14, 
14, 
20, 
16, 
14, 
13, 
14, 
12, 
16, 
21, 
20, 
18, 
25, 
15, 
15, 
14, 
24, 
17, 
22, 
16, 
15, 
15, 
15, 
78, 
15, 
13, 
93, 
18, 
16, 
15, 
15, 
19, 
17, 
27, 
15, 
15, 
39, 
24, 
36, 
21, 
14, 
15, 
16, 
16, 
24, 
22, 
18, 
17, 
15, 
14, 
47, 
20, 
15, 
15, 
16, 
25, 
16, 
19, 
20, 
17, 
16, 
33, 
19, 
16, 
13, 
19, 
27, 
48, 
16, 
22, 
15, 
42, 
16, 
17, 
19, 
22, 
16, 
31, 
16, 
23, 
14, 
18, 
38, 
16, 
105, 
18, 
35, 
75, 
149, 
48, 
20, 
29, 
23, 
17, 
17, 
20, 
18, 
29, 
17, 
16, 
19, 
15, 
19, 
15, 
14, 
16, 
28, 
25, 
15, 
22, 
15, 
25, 
178, 
17, 
18, 
16, 
12, 
43, 
18, 
15, 
14, 
14, 
32, 
22, 
18, 
15, 
15, 
16, 
13, 
23, 
16, 
15, 
16, 
14, 
47, 
18, 
18, 
18, 
14, 
26, 
15, 
15, 
15, 
15, 
16, 
85, 
14, 
20, 
67, 
14, 
14, 
22, 
17, 
20, 
26, 
13, 
14, 
13, 
15, 
20, 
13, 
14, 
17, 
16, 
14, 
14, 
29, 
13, 
12, 
15, 
12, 
14, 
13, 
22, 
19, 
14, 
12, 
22, 
16, 
17, 
13, 
14, 
13, 
19, 
14, 
13, 
14, 
25, 
30, 
29, 
17, 
13, 
14, 
16, 
14, 
13, 
15, 
30, 
15, 
15, 
15, 
15, 
14, 
25, 
25, 
17, 
15, 
55, 
15, 
97, 
51, 
18, 
20, 
17, 
13, 
15, 
17, 
89, 
15, 
14, 
21, 
24, 
15, 
23, 
18, 
13, 
26, 
19, 
14, 
17, 
16, 
14, 
15, 
15, 
13, 
12, 
17, 
18, 
15, 
25, 
25, 
22, 
17, 
15, 
15, 
14, 
19, 
18, 
15, 
16, 
17, 
14, 
23, 
15, 
14, 
17, 
18, 
16, 
18, 
29, 
18, 
18, 
17, 
14, 
26, 
21, 
16, 
13, 
40, 
18, 
45, 
42, 
13, 
16, 
27, 
16, 
14, 
23, 
15, 
16, 
28, 
18, 
17, 
23, 
15, 
24, 
14, 
25, 
15, 
14, 
16, 
13, 
14, 
16, 
23, 
19, 
14, 
15, 
17, 
16, 
17, 
16, 
33, 
16, 
16, 
17, 
25, 
16, 
15, 
14, 
17, 
13, 
16, 
23, 
28, 
15, 
16, 
16, 
17, 
40, 
16, 
18, 
15, 
15, 
31, 
15, 
16, 
18, 
14, 
95, 
74, 
78, 
17, 
15, 
22, 
15, 
25, 
18, 
15, 
20, 
15, 
15, 
30, 
16, 
16, 
17, 
16, 
16, 
17, 
14, 
22, 
15, 
15, 
28, 
17, 
20, 
19, 
17, 
15, 
17, 
24, 
15, 
16, 
57, 
16, 
15, 
49, 
17, 
14, 
24, 
15, 
16, 
17, 
16, 
15, 
24, 
14, 
15, 
17, 
42, 
39, 
15, 
17, 
15, 
16, 
15, 
23, 
18, 
17, 
13, 
119, 
64, 
19, 
60, 
13, 
16, 
20, 
16, 
15, 
30, 
16, 
16, 
13, 
19, 
17, 
21, 
18, 
27, 
27, 
15, 
24, 
14, 
18, 
16, 
14, 
14, 
16, 
19, 
15, 
16, 
19, 
15, 
14, 
24, 
33, 
16, 
17, 
15, 
15, 
20, 
15, 
15, 
17, 
15, 
17, 
29, 
17, 
19, 
15, 
14, 
13, 
36, 
17, 
41, 
15, 
12, 
12, 
31, 
15, 
17, 
14, 
77, 
16, 
55, 
17, 
33, 
14, 
15, 
29, 
13, 
14, 
16, 
16, 
16, 
19, 
27, 
36, 
23, 
22, 
21, 
24, 
29, 
20, 
17, 
15, 
17, 
21, 
16, 
16, 
15, 
16, 
24, 
19, 
15, 
22, 
15, 
17, 
17, 
25, 
17, 
19, 
15, 
15, 
15, 
31, 
15, 
15, 
13, 
16, 
23, 
16, 
16, 
13, 
18, 
15, 
14, 
30, 
17, 
17, 
12, 
16, 
16, 
22, 
16, 
15, 
38, 
12, 
20, 
20, 
19, 
14, 
14, 
15, 
16, 
43, 
16, 
14, 
14, 
15, 
22, 
20, 
15, 
15, 
17, 
13, 
23, 
22, 
13, 
15, 
15, 
16, 
34, 
23, 
17, 
14, 
14, 
16, 
14, 
21, 
18, 
15, 
16, 
15, 
18, 
29, 
16, 
15, 
15, 
36, 
17, 
18, 
14, 
14, 
20, 
16, 
23, 
16, 
15, 
17, 
21, 
16, 
14, 
28, 
12, 
73, 
23, 
96, 
91, 
13, 
15, 
34, 
15, 
14, 
15, 
15, 
20, 
22, 
15, 
14, 
17, 
16, 
15, 
16, 
23, 
15, 
15, 
14, 
16, 
17, 
15, 
16, 
14, 
17, 
14, 
15, 
55, 
18, 
15, 
14, 
24, 
20, 
14, 
15, 
14, 
14, 
15, 
16, 
15, 
13, 
13, 
18, 
16, 
49, 
31, 
15, 
23, 
17, 
15, 
16, 
14, 
17, 
20, 
18, 
15, 
16, 
26, 
53, 
32, 
27, 
14, 
19, 
16, 
17, 
16, 
24, 
16, 
17, 
24, 
16, 
20, 
13, 
16, 
15, 
15, 
18, 
15, 
22, 
13, 
29, 
15, 
24, 
15, 
14, 
16, 
22, 
15, 
13, 
15, 
23, 
16, 
30, 
15, 
17, 
16, 
23, 
17, 
15, 
15, 
17, 
16, 
16, 
21, 
15, 
15, 
23, 
13, 
12, 
20, 
23, 
14, 
16, 
18, 
49, 
17, 
23, 
16, 
121, 
17, 
20, 
27, 
14, 
16, 
132, 
12, 
17, 
73, 
17, 
15, 
15, 
21, 
25, 
17, 
16, 
17, 
14, 
19, 
14, 
16, 
40, 
16, 
25, 
18, 
18, 
22, 
25, 
26, 
39, 
27, 
22, 
37, 
25, 
20, 
25, 
14, 
16, 
25, 
23, 
15, 
15, 
15, 
17, 
16, 
16, 
20, 
25, 
21, 
18, 
14, 
15, 
25, 
18, 
17, 
318, 
11, 
12, 
19, 
29, 
12, 
15, 
13, 
14, 
47, 
46, 
12, 
15, 
15, 
15, 
17, 
17, 
24, 
15, 
14, 
18, 
14, 
15, 
22, 
15, 
15, 
30, 
17, 
24, 
15, 
17, 
15, 
14, 
20, 
12, 
16, 
25, 
16, 
15, 
15, 
16, 
16, 
15, 
19, 
14, 
28, 
22, 
15, 
18, 
21, 
14, 
14, 
15, 
14, 
23, 
15, 
23, 
16, 
16, 
15, 
16, 
23, 
18, 
20, 
15, 
17, 
18, 
16, 
21, 
76, 
44, 
12, 
68, 
86, 
16, 
39, 
14, 
12, 
16, 
16, 
20, 
15, 
16, 
13, 
18, 
15, 
13, 
17, 
57, 
16, 
15, 
21, 
41, 
18, 
15, 
15, 
24, 
26, 
16, 
16, 
17, 
14, 
14, 
21, 
14, 
24, 
19, 
18, 
17, 
23, 
17, 
15, 
13, 
27, 
24, 
28, 
17, 
22, 
14, 
32, 
17, 
13, 
12, 
14, 
17, 
13, 
19, 
23, 
15, 
16, 
15, 
87, 
16, 
15, 
32, 
33, 
23, 
24, 
16, 
17, 
24, 
55, 
15, 
17, 
24, 
18, 
15, 
17, 
20, 
18, 
13, 
25, 
38, 
20, 
17, 
22, 
13, 
15, 
25, 
14, 
17, 
25, 
16, 
17, 
16, 
15, 
16, 
15, 
19, 
42, 
15, 
15, 
19, 
17, 
23, 
17, 
14, 
17, 
17, 
14, 
20, 
28, 
17, 
16, 
20, 
16, 
14, 
26, 
13, 
13, 
14, 
18, 
13, 
43, 
22, 
69, 
22, 
17, 
18, 
15, 
13, 
26, 
15, 
15, 
18, 
18, 
16, 
24, 
15, 
18, 
19, 
15, 
19, 
15, 
19, 
13, 
15, 
19, 
14, 
15, 
15, 
20, 
16, 
19, 
15, 
17, 
15, 
23, 
15, 
14, 
15, 
15, 
14, 
42, 
23, 
16, 
15, 
15, 
14, 
14, 
28, 
15, 
30, 
20, 
15, 
29, 
14, 
14, 
25, 
14, 
17, 
25, 
14, 
79, 
58, 
15, 
37, 
24, 
46, 
14, 
16, 
13, 
24, 
20, 
15, 
15, 
15, 
18, 
14, 
21, 
24, 
14, 
13, 
18, 
14, 
23, 
17, 
26, 
15, 
15, 
15, 
21, 
15, 
15, 
17, 
19, 
14, 
18, 
23, 
16, 
14, 
14, 
17, 
13, 
14, 
16, 
17, 
21, 
16, 
22, 
16, 
22, 
14, 
30, 
17, 
13, 
20, 
20, 
16, 
21, 
17, 
16, 
20, 
15, 
45, 
32, 
19, 
136, 
16, 
15, 
15, 
15, 
19, 
16, 
33, 
17, 
15, 
21, 
15, 
14, 
15, 
24, 
15, 
18, 
15, 
17, 
25, 
17, 
22, 
15, 
14, 
38, 
16, 
16, 
23, 
16, 
16, 
14, 
33, 
21, 
16, 
18, 
17, 
18, 
15, 
25, 
18, 
20, 
17, 
16, 
14, 
22, 
21, 
30, 
25, 
14, 
17, 
18, 
15, 
17, 
17, 
15, 
23, 
15, 
27, 
121, 
60, 
53, 
24, 
23, 
30, 
17, 
18, 
19, 
16, 
19, 
21, 
15, 
14, 
15, 
17, 
21, 
19, 
21, 
23, 
14, 
16, 
13, 
14, 
17, 
18, 
15, 
15, 
18, 
29, 
15, 
15, 
15, 
16, 
18, 
23, 
15, 
17, 
15, 
17, 
16, 
15, 
23, 
15, 
14, 
15, 
15, 
29, 
15, 
23, 
17, 
14, 
15, 
28, 
15, 
25, 
20, 
14, 
15, 
15, 
30, 
22, 
21, 
69, 
21, 
17, 
15, 
15, 
13, 
54, 
14, 
15, 
16, 
19, 
21, 
20, 
15, 
15, 
14, 
32, 
15, 
21, 
13, 
22, 
18, 
15, 
13, 
25, 
19, 
15, 
16, 
18, 
14, 
27, 
21, 
15, 
39, 
21, 
14, 
22, 
18, 
16, 
15, 
19, 
13, 
16, 
17, 
26, 
14, 
16, 
16, 
14, 
16, 
26, 
16, 
26, 
13, 
14, 
17, 
35, 
13, 
95, 
14, 
12, 
38, 
23, 
26, 
18, 
15, 
14, 
17, 
15, 
15, 
15, 
22, 
13, 
16, 
15, 
24, 
16, 
26, 
15, 
25, 
18, 
15, 
15, 
23, 
19, 
41, 
16, 
19, 
18, 
18, 
15, 
15, 
15, 
15, 
15, 
25, 
17, 
16, 
13, 
19, 
22, 
17, 
23, 
38, 
17, 
46, 
22, 
15, 
18, 
16, 
22, 
14, 
26, 
22, 
15, 
16, 
17, 
22, 
20, 
12, 
92, 
15, 
47, 
13, 
16, 
20, 
16, 
16, 
14, 
28, 
17, 
18, 
13, 
17, 
15, 
42, 
15, 
21, 
16, 
16, 
37, 
31, 
22, 
21, 
23, 
21, 
23, 
24, 
17, 
33, 
45, 
18, 
14, 
14, 
16, 
15, 
15, 
35, 
15, 
14, 
13, 
17, 
15, 
23, 
16, 
17, 
19, 
34, 
23, 
14, 
13, 
13, 
16, 
12, 
13, 
15, 
24, 
14, 
14, 
15, 
32, 
49, 
18, 
63, 
74, 
15, 
24, 
18, 
30, 
21, 
18, 
24, 
13, 
488, 
39, 
12, 
16, 
13, 
14, 
16, 
33, 
23, 
16, 
15, 
15, 
32, 
20, 
26, 
13, 
15, 
14, 
16, 
14, 
19, 
16, 
19, 
16, 
38, 
20, 
36, 
16, 
14, 
16, 
14, 
23, 
16, 
16, 
27, 
15, 
14, 
26, 
15, 
16, 
20, 
44, 
21, 
16, 
15, 
15, 
15, 
12, 
39, 
18, 
15, 
16, 
18, 
14, 
18, 
25, 
16, 
15, 
26, 
14, 
15, 
15, 
16, 
17, 
15, 
15, 
35, 
16, 
15, 
16, 
15, 
17, 
16, 
17, 
18, 
72, 
24, 
15, 
14, 
16, 
15, 
32, 
15, 
14, 
14, 
14, 
15, 
23, 
14, 
14, 
17, 
14, 
15, 
24, 
19, 
14, 
27, 
15, 
16, 
16, 
17, 
17, 
21, 
17, 
15, 
20, 
22, 
16, 
18, 
18, 
19, 
114, 
98, 
133, 
28, 
16, 
19, 
15, 
16, 
22, 
14, 
16, 
19, 
17, 
14, 
15, 
16, 
15, 
24, 
17, 
13, 
27, 
15, 
23, 
19, 
20, 
15, 
20, 
14, 
15, 
17, 
15, 
16, 
14, 
23, 
15, 
14, 
14, 
15, 
15, 
57, 
16, 
18, 
16, 
20, 
21, 
21, 
15, 
15, 
18, 
19, 
14, 
18, 
20, 
14, 
17, 
15, 
14, 
69, 
14, 
16, 
23, 
19, 
15, 
71, 
34, 
15, 
14, 
16, 
20, 
17, 
18, 
24, 
14, 
17, 
33, 
15, 
17, 
37, 
16, 
25, 
17, 
17, 
21, 
15, 
16, 
17, 
15, 
17, 
17, 
18, 
15, 
17, 
19, 
17, 
13, 
16, 
16, 
15, 
13, 
15, 
14, 
15, 
18, 
12, 
21, 
42, 
15, 
15, 
15, 
24, 
18, 
20, 
16, 
17, 
16, 
34, 
15, 
14, 
19, 
18, 
17, 
23, 
62, 
111, 
49, 
15, 
19, 
17, 
17, 
21, 
15, 
24, 
21, 
45, 
13, 
13, 
17, 
18, 
15, 
20, 
22, 
15, 
15, 
13, 
18, 
16, 
20, 
15, 
16, 
17, 
32, 
39, 
29, 
14, 
18, 
16, 
22, 
17, 
15, 
15, 
16, 
15, 
20, 
17, 
16, 
15, 
21, 
20, 
23, 
26, 
21, 
20, 
14, 
15, 
22, 
15, 
18, 
16, 
16, 
17, 
16, 
18, 
15, 
100, 
15, 
71, 
137, 
15, 
15, 
15, 
21, 
17, 
18, 
18, 
15, 
15, 
28, 
26, 
16, 
15, 
15, 
20, 
40, 
15, 
16, 
17, 
14, 
14, 
20, 
15, 
38, 
18, 
22, 
15, 
25, 
15, 
15, 
18, 
21, 
16, 
23, 
16, 
16, 
16, 
20, 
16, 
13, 
20, 
33, 
16, 
17, 
18, 
15, 
23, 
48, 
17, 
16, 
20, 
16, 
16, 
15, 
12, 
16, 
15, 
132, 
23, 
15, 
36, 
77, 
12, 
14, 
16, 
24, 
16, 
15, 
15, 
14, 
15, 
19, 
15, 
21, 
19, 
24, 
22, 
22, 
26, 
24, 
18, 
20, 
17, 
16, 
16, 
24, 
17, 
22, 
16, 
16, 
20, 
18, 
17, 
17, 
18, 
12, 
13, 
14, 
21, 
26, 
17, 
18, 
14, 
17, 
35, 
30, 
15, 
23, 
17, 
16, 
19, 
13, 
15, 
15, 
13, 
15, 
18, 
17, 
14, 
85, 
30, 
18, 
59, 
18, 
15, 
17, 
14, 
17, 
15, 
19, 
14, 
32, 
17, 
13, 
29, 
14, 
41, 
15, 
16, 
22, 
15, 
15, 
18, 
14, 
33, 
16, 
16, 
16, 
21, 
23, 
17, 
15, 
13, 
14, 
15, 
19, 
15, 
17, 
18, 
16, 
16, 
34, 
28, 
20, 
23, 
16, 
32, 
33, 
17, 
17, 
23, 
13, 
13, 
14, 
13, 
16, 
15, 
13, 
14, 
13, 
27, 
30, 
14, 
55, 
128, 
17, 
15, 
15, 
15, 
15, 
33, 
17, 
16, 
17, 
14, 
13, 
16, 
17, 
27, 
15, 
18, 
18, 
15, 
20, 
18, 
14, 
21, 
14, 
13, 
15, 
34, 
14, 
19, 
20, 
16, 
23, 
15, 
14, 
17, 
15, 
15, 
28, 
18, 
15, 
17, 
16, 
17, 
13, 
16, 
18, 
17, 
14, 
16, 
16, 
46, 
14, 
16, 
18, 
31, 
18, 
15, 
15, 
33, 
42, 
19, 
33, 
57, 
27, 
21, 
16, 
23, 
16, 
19, 
14, 
14, 
18, 
15, 
24, 
16, 
13, 
25, 
16, 
18, 
28, 
16, 
13, 
18, 
13, 
13, 
12, 
31, 
16, 
15, 
18, 
19, 
21, 
13, 
16, 
18, 
16, 
12, 
18, 
17, 
13, 
20, 
42, 
15, 
13, 
16, 
15, 
16, 
31, 
16, 
16, 
15, 
12, 
15, 
15, 
21, 
16, 
15, 
17, 
19, 
26, 
17, 
73, 
137, 
131, 
18, 
14, 
13, 
27, 
27, 
18, 
18, 
15, 
17, 
18, 
21, 
18, 
17, 
15, 
18, 
12, 
18, 
22, 
15, 
17, 
16, 
16, 
19, 
572, 
10, 
18, 
16, 
22, 
15, 
22, 
17, 
18, 
22, 
115, 
39, 
16, 
15, 
16, 
26, 
15, 
15, 
17, 
15, 
16, 
22, 
76, 
14, 
18, 
19, 
42, 
15, 
13, 
15, 
15, 
17, 
15, 
14, 
14, 
61, 
97, 
15, 
14, 
33, 
26, 
14, 
15, 
18, 
23, 
20, 
17, 
27, 
16, 
15, 
17, 
15, 
14, 
17, 
14, 
15, 
20, 
16, 
15, 
36, 
22, 
18, 
17, 
20, 
27, 
38, 
18, 
20, 
17, 
17, 
24, 
47, 
23, 
13, 
25, 
15, 
14, 
15, 
19, 
14, 
23, 
15, 
18, 
14, 
13, 
17, 
15, 
18, 
27, 
15, 
34, 
18, 
19, 
18, 
24, 
33, 
22, 
17, 
138, 
15, 
21, 
21, 
12, 
23, 
29, 
16, 
15, 
18, 
16, 
23, 
17, 
14, 
17, 
15, 
15, 
16, 
24, 
15, 
16, 
15, 
52, 
15, 
15, 
16, 
21, 
16, 
20, 
17, 
15, 
15, 
14, 
16, 
21, 
14, 
17, 
17, 
18, 
19, 
22, 
14, 
15, 
18, 
15, 
15, 
32, 
14, 
15, 
17, 
16, 
15, 
18, 
20, 
20, 
15, 
40, 
14, 
47, 
28, 
18, 
41, 
38, 
16, 
20, 
15, 
14, 
35, 
17, 
15, 
15, 
43, 
21, 
20, 
15, 
18, 
15, 
33, 
16, 
15, 
17, 
17, 
15, 
17, 
17, 
19, 
16, 
15, 
39, 
15, 
22, 
17, 
58, 
12, 
16, 
16, 
12, 
12, 
15, 
15, 
14, 
21, 
27, 
19, 
20, 
16, 
23, 
15, 
14, 
15, 
19, 
15, 
15, 
20, 
16, 
15, 
16, 
13, 
16, 
22, 
30, 
20, 
69, 
106, 
99, 
16, 
15, 
15, 
16, 
16, 
21, 
39, 
14, 
13, 
13, 
13, 
14, 
16, 
20, 
16, 
16, 
17, 
17, 
21, 
22, 
14, 
15, 
15, 
15, 
15, 
43, 
25, 
15, 
18, 
13, 
15, 
20, 
16, 
17, 
16, 
17, 
21, 
23, 
15, 
17, 
13, 
16, 
19, 
25, 
13, 
14, 
15, 
15, 
17, 
16, 
19, 
15, 
14, 
15, 
15, 
21, 
35, 
22, 
16, 
44, 
125, 
13, 
15, 
14, 
15, 
16, 
13, 
13, 
24, 
15, 
13, 
15, 
18, 
16, 
52, 
15, 
25, 
14, 
18, 
25, 
20, 
15, 
21, 
16, 
15, 
21, 
14, 
18, 
15, 
14, 
12, 
14, 
87, 
104, 
63, 
85, 
83, 
127, 
66, 
60, 
99, 
55, 
75, 
56, 
18, 
24, 
15, 
14, 
16, 
19, 
16, 
19, 
15, 
15, 
16, 
17, 
21, 
116, 
21, 
14, 
76, 
116, 
19, 
18, 
16, 
16, 
19, 
16, 
16, 
46, 
29, 
15, 
15, 
15, 
15, 
23, 
20, 
17, 
23, 
17, 
14, 
13, 
13, 
36, 
22, 
22, 
26, 
22, 
26, 
18, 
16, 
15, 
17, 
15, 
25, 
16, 
19, 
17, 
16, 
15, 
18, 
14, 
15, 
15, 
15, 
23, 
30, 
15, 
15, 
16, 
43, 
19, 
14, 
22, 
14, 
29, 
29, 
14, 
14, 
22, 
14, 
52, 
25, 
14, 
26, 
108, 
16, 
19, 
21, 
16, 
15, 
16, 
15, 
34, 
16, 
16, 
18, 
14, 
15, 
15, 
26, 
17, 
15, 
15, 
16, 
16, 
15, 
24, 
15, 
47, 
16, 
26, 
17, 
13, 
16, 
14, 
15, 
16, 
15, 
19, 
13, 
13, 
13, 
14, 
26, 
55, 
16, 
34, 
15, 
19, 
21, 
13, 
23, 
22, 
24, 
19, 
17, 
27, 
15, 
19, 
14, 
16, 
14, 
23, 
94, 
105, 
131, 
15, 
16, 
15, 
15, 
15, 
14, 
18, 
14, 
26, 
16, 
26, 
18, 
14, 
26, 
15, 
14, 
14, 
14, 
13, 
17, 
17, 
19, 
15, 
17, 
15, 
31, 
13, 
25, 
15, 
15, 
16, 
19, 
20, 
32, 
19, 
14, 
28, 
16, 
16, 
32, 
59, 
14, 
14, 
15, 
17, 
22, 
15, 
14, 
15, 
23, 
17, 
17, 
16, 
16, 
15, 
15, 
14, 
30, 
116, 
15, 
73, 
21, 
25, 
19, 
35, 
32, 
21, 
16, 
22, 
18, 
52, 
13, 
15, 
15, 
14, 
17, 
17, 
16, 
15, 
14, 
15, 
28, 
17, 
16, 
18, 
15, 
16, 
21, 
16, 
15, 
16, 
15, 
13, 
22, 
14, 
15, 
14, 
16, 
15, 
24, 
17, 
19, 
25, 
16, 
17, 
16, 
21, 
20, 
15, 
16, 
17, 
17, 
21, 
16, 
18, 
13, 
16, 
16, 
70, 
15, 
22, 
134, 
14, 
12, 
15, 
16, 
14, 
30, 
17, 
18, 
11, 
14, 
19, 
21, 
17, 
28, 
14, 
16, 
17, 
13, 
15, 
25, 
15, 
14, 
16, 
15, 
16, 
26, 
15, 
15, 
17, 
15, 
16, 
20, 
18, 
39, 
25, 
15, 
23, 
21, 
11, 
451, 
15, 
10, 
23, 
14, 
15, 
16, 
16, 
15, 
20, 
37, 
15, 
14, 
15, 
20, 
19, 
13, 
19, 
18, 
21, 
36, 
109, 
15, 
16, 
20, 
19, 
19, 
14, 
14, 
13, 
30, 
16, 
22, 
14, 
17, 
31, 
17, 
23, 
13, 
14, 
16, 
16, 
55, 
18, 
18, 
15, 
16, 
25, 
19, 
15, 
15, 
15, 
14, 
15, 
13, 
24, 
15, 
20, 
31, 
15, 
24, 
17, 
23, 
18, 
13, 
14, 
14, 
25, 
39, 
15, 
13, 
14, 
17, 
13, 
14, 
15, 
24, 
16, 
20, 
13, 
116, 
15, 
72, 
110, 
16, 
40, 
16, 
22, 
15, 
17, 
16, 
16, 
15, 
24, 
22, 
17, 
17, 
15, 
15, 
16, 
24, 
17, 
17, 
15, 
18, 
15, 
31, 
13, 
18, 
16, 
15, 
19, 
16, 
14, 
16, 
17, 
16, 
29, 
17, 
23, 
19, 
21, 
16, 
20, 
14, 
15, 
16, 
16, 
15, 
49, 
25, 
19, 
20, 
30, 
14, 
17, 
15, 
15, 
26, 
18, 
15, 
766, 
16, 
32, 
41, 
18, 
13, 
25, 
19, 
40, 
18, 
16, 
16, 
18, 
16, 
15, 
18, 
24, 
16, 
16, 
18, 
16, 
21, 
16, 
15, 
16, 
25, 
18, 
15, 
15, 
20, 
19, 
19, 
21, 
29, 
33, 
14, 
18, 
37, 
30, 
14, 
17, 
18, 
27, 
14, 
18, 
14, 
16, 
12, 
21, 
14, 
18, 
22, 
15, 
15, 
15, 
21, 
16, 
16, 
14, 
18, 
23, 
13, 
16, 
15, 
15, 
21, 
15, 
22, 
48, 
33, 
16, 
18, 
25, 
19, 
15, 
20, 
23, 
17, 
17, 
17, 
24, 
25, 
16, 
18, 
18, 
20, 
18, 
17, 
15, 
17, 
16, 
18, 
14, 
35, 
15, 
15, 
15, 
24, 
14, 
15, 
16, 
17, 
16, 
15, 
19, 
16, 
23, 
15, 
16, 
18, 
37, 
18, 
20, 
23, 
17, 
17, 
17, 
24, 
15, 
15, 
15, 
16, 
17, 
33, 
36, 
16, 
16, 
24, 
33, 
16, 
18, 
16, 
18, 
15, 
15, 
19, 
22, 
16, 
16, 
16, 
25, 
16, 
16, 
15, 
129, 
15, 
18, 
16, 
15, 
21, 
17, 
15, 
15, 
32, 
17, 
19, 
17, 
32, 
14, 
20, 
18, 
16, 
15, 
18, 
18, 
19, 
24, 
35, 
16, 
14, 
22, 
14, 
15, 
16, 
24, 
47, 
22, 
21, 
28, 
21, 
14, 
132, 
25, 
84, 
17, 
34, 
16, 
25, 
22, 
24, 
22, 
32, 
26, 
20, 
16, 
17, 
38, 
18, 
16, 
24, 
24, 
14, 
16, 
15, 
25, 
15, 
15, 
16, 
21, 
15, 
17, 
17, 
17, 
15, 
15, 
15, 
14, 
39, 
12, 
15, 
16, 
24, 
14, 
20, 
14, 
16, 
14, 
11, 
16, 
17, 
25, 
13, 
14, 
15, 
20, 
14, 
13, 
27, 
12, 
15, 
16, 
21, 
14, 
15, 
15, 
14, 
15, 
15, 
18, 
30, 
18, 
18, 
15, 
14, 
30, 
16, 
15, 
17, 
16, 
15, 
43, 
96, 
14, 
29, 
15, 
23, 
15, 
16, 
18, 
12, 
21, 
15, 
21, 
14, 
20, 
18, 
16, 
17, 
20, 
18, 
20, 
15, 
14, 
18, 
17, 
19, 
16, 
17, 
16, 
22, 
15, 
17, 
20, 
44, 
15, 
15, 
16, 
20, 
22, 
15, 
13, 
17, 
15, 
17, 
15, 
26, 
16, 
16, 
15, 
15, 
16, 
44, 
15, 
17, 
18, 
25, 
16, 
19, 
16, 
83, 
29, 
16, 
20, 
37, 
15, 
47, 
13, 
24, 
14, 
16, 
14, 
15, 
20, 
36, 
21, 
21, 
23, 
30, 
19, 
16, 
36, 
30, 
24, 
15, 
17, 
13, 
16, 
12, 
24, 
19, 
33, 
15, 
15, 
94, 
16, 
22, 
26, 
16, 
17, 
17, 
14, 
32, 
15, 
15, 
12, 
15, 
14, 
27, 
24, 
18, 
15, 
15, 
29, 
25, 
16, 
15, 
18, 
17, 
18, 
13, 
12, 
101, 
24, 
86, 
14, 
50, 
14, 
16, 
17, 
14, 
19, 
28, 
16, 
15, 
20, 
15, 
20, 
32, 
32, 
19, 
47, 
19, 
16, 
12, 
26, 
16, 
13, 
14, 
19, 
15, 
18, 
41, 
15, 
36, 
16, 
21, 
24, 
42, 
18, 
15, 
21, 
19, 
14, 
15, 
15, 
16, 
29, 
20, 
13, 
13, 
14, 
12, 
13, 
22, 
25, 
13, 
15, 
17, 
18, 
24, 
17, 
17, 
91, 
27, 
12, 
25, 
37, 
43, 
15, 
15, 
15, 
21, 
14, 
14, 
17, 
16, 
15, 
18, 
18, 
19, 
15, 
18, 
16, 
16, 
48, 
318, 
15, 
15, 
15, 
18, 
20, 
37, 
18, 
18, 
24, 
17, 
14, 
16, 
12, 
15, 
18, 
16, 
15, 
14, 
14, 
14, 
15, 
21, 
43, 
15, 
15, 
15, 
25, 
19, 
14, 
17, 
16, 
14, 
14, 
17, 
24, 
15, 
16, 
14, 
83, 
112, 
81, 
126, 
15, 
14, 
13, 
15, 
16, 
21, 
36, 
13, 
16, 
14, 
16, 
31, 
19, 
18, 
16, 
16, 
18, 
31, 
14, 
17, 
14, 
18, 
23, 
28, 
16, 
14, 
18, 
14, 
23, 
17, 
15, 
15, 
15, 
14, 
24, 
16, 
15, 
15, 
14, 
14, 
55, 
14, 
15, 
15, 
17, 
23, 
15, 
15, 
15, 
14, 
15, 
15, 
22, 
18, 
18, 
15, 
16, 
43, 
125, 
16, 
24, 
118, 
13, 
38, 
14, 
16, 
35, 
17, 
28, 
19, 
20, 
17, 
16, 
13, 
16, 
21, 
17, 
16, 
15, 
14, 
14, 
12, 
17, 
19, 
19, 
37, 
15, 
14, 
24, 
17, 
19, 
17, 
15, 
17, 
22, 
13, 
15, 
15, 
15, 
15, 
20, 
17, 
37, 
15, 
14, 
21, 
14, 
16, 
17, 
15, 
25, 
17, 
15, 
18, 
12, 
15, 
15, 
17, 
23, 
26, 
105, 
18, 
43, 
112, 
19, 
17, 
19, 
16, 
15, 
18, 
38, 
19, 
16, 
29, 
16, 
15, 
18, 
24, 
18, 
16, 
16, 
16, 
13, 
21, 
30, 
26, 
17, 
15, 
14, 
17, 
23, 
21, 
14, 
18, 
15, 
16, 
21, 
16, 
14, 
26, 
14, 
15, 
21, 
15, 
16, 
21, 
33, 
16, 
21, 
17, 
20, 
25, 
15, 
21, 
26, 
17, 
20, 
18, 
16, 
34, 
16, 
65, 
132, 
27, 
113, 
15, 
15, 
15, 
19, 
17, 
15, 
15, 
15, 
15, 
17, 
21, 
14, 
17, 
17, 
15, 
25, 
15, 
15, 
15, 
18, 
15, 
14, 
28, 
15, 
30, 
16, 
19, 
16, 
20, 
15, 
15, 
16, 
24, 
17, 
15, 
16, 
16, 
15, 
16, 
47, 
15, 
16, 
15, 
25, 
15, 
16, 
24, 
17, 
15, 
20, 
18, 
17, 
16, 
15, 
22, 
25, 
26, 
93, 
39, 
67, 
123, 
141, 
17, 
23, 
17, 
17, 
13, 
19, 
15, 
22, 
20, 
15, 
15, 
16, 
18, 
15, 
13, 
15, 
27, 
79, 
74, 
22, 
15, 
17, 
16, 
16, 
17, 
24, 
18, 
15, 
34, 
42, 
29, 
13, 
20, 
15, 
14, 
13, 
28, 
24, 
19, 
14, 
17, 
15, 
16, 
21, 
17, 
21, 
16, 
17, 
15, 
21, 
27, 
13, 
17, 
16, 
17, 
14, 
13, 
37, 
119, 
54, 
74, 
14, 
15, 
19, 
16, 
24, 
21, 
20, 
18, 
22, 
16, 
19, 
14, 
15, 
15, 
18, 
15, 
16, 
30, 
16, 
23, 
15, 
18, 
16, 
25, 
17, 
17, 
19, 
15, 
15, 
34, 
13, 
12, 
13, 
15, 
50, 
13, 
14, 
16, 
14, 
13, 
13, 
13, 
19, 
22, 
14, 
17, 
17, 
14, 
14, 
16, 
20, 
16, 
17, 
17, 
39, 
31, 
12, 
15, 
15, 
73, 
111, 
104, 
20, 
15, 
15, 
14, 
19, 
14, 
15, 
16, 
18, 
15, 
14, 
17, 
16, 
15, 
18, 
19, 
14, 
50, 
15, 
17, 
15, 
21, 
19, 
11, 
15, 
14, 
14, 
26, 
15, 
15, 
16, 
15, 
14, 
21, 
42, 
14, 
21, 
15, 
21, 
15, 
35, 
15, 
15, 
23, 
17, 
11, 
14, 
19, 
14, 
16, 
37, 
14, 
16, 
16, 
19, 
15, 
14, 
92, 
227, 
154, 
75, 
16, 
17, 
14, 
22, 
15, 
14, 
13, 
17, 
50, 
18, 
13, 
17, 
16, 
15, 
21, 
20, 
15, 
18, 
16, 
20, 
26, 
20, 
17, 
15, 
15, 
18, 
14, 
22, 
21, 
18, 
17, 
15, 
20, 
21, 
16, 
14, 
16, 
15, 
15, 
26, 
17, 
13, 
38, 
14, 
19, 
18, 
41, 
15, 
15, 
12, 
14, 
24, 
21, 
15, 
12, 
17, 
15, 
76, 
17, 
62, 
18, 
13, 
14, 
15, 
18, 
14, 
16, 
13, 
17, 
13, 
16, 
23, 
16, 
16, 
16, 
16, 
13, 
19, 
20, 
19, 
14, 
16, 
15, 
30, 
50, 
14, 
14, 
25, 
13, 
13, 
18, 
34, 
14, 
14, 
18, 
26, 
14, 
16, 
16, 
18, 
14, 
24, 
14, 
22, 
16, 
15, 
15, 
21, 
39, 
13, 
14, 
18, 
17, 
19, 
29, 
13, 
16, 
16, 
110, 
40, 
64, 
41, 
57, 
112, 
21, 
15, 
22, 
15, 
16, 
25, 
15, 
22, 
15, 
21, 
21, 
15, 
13, 
17, 
21, 
17, 
15, 
15, 
15, 
16, 
14, 
23, 
18, 
15, 
16, 
18, 
15, 
28, 
28, 
527, 
14, 
20, 
15, 
15, 
18, 
16, 
15, 
13, 
24, 
17, 
23, 
17, 
16, 
15, 
17, 
14, 
16, 
80, 
15, 
34, 
16, 
15, 
13, 
15, 
15, 
15, 
20, 
24, 
15, 
96, 
21, 
16, 
16, 
15, 
25, 
16, 
14, 
22, 
15, 
15, 
26, 
16, 
16, 
18, 
15, 
35, 
25, 
22, 
15, 
14, 
15, 
13, 
42, 
14, 
19, 
15, 
18, 
16, 
16, 
26, 
15, 
20, 
15, 
15, 
15, 
15, 
25, 
20, 
16, 
19, 
21, 
15, 
20, 
17, 
18, 
15, 
16, 
16, 
21, 
75, 
13, 
22, 
22, 
16, 
16, 
15, 
19, 
20, 
19, 
27, 
112, 
13, 
14, 
54, 
15, 
18, 
15, 
14, 
14, 
19, 
17, 
22, 
17, 
19, 
16, 
24, 
17, 
17, 
15, 
15, 
15, 
50, 
18, 
14, 
14, 
14, 
17, 
20, 
20, 
20, 
13, 
18, 
18, 
20, 
16, 
15, 
18, 
15, 
42, 
14, 
46, 
14, 
18, 
18, 
17, 
12, 
15, 
15, 
14, 
17, 
17, 
17, 
21, 
15, 
15, 
46, 
17, 
17, 
15, 
39, 
93, 
14, 
73, 
19, 
23, 
16, 
15, 
15, 
17, 
14, 
19, 
22, 
17, 
14, 
15, 
14, 
23, 
23, 
16, 
18, 
18, 
16, 
30, 
38, 
15, 
14, 
16, 
20, 
17, 
20, 
14, 
17, 
17, 
14, 
20, 
16, 
14, 
14, 
61, 
16, 
26, 
15, 
28, 
17, 
21, 
17, 
15, 
19, 
15, 
15, 
21, 
19, 
17, 
17, 
15, 
15, 
20, 
28, 
13, 
16, 
58, 
15, 
96, 
128, 
134, 
16, 
20, 
19, 
14, 
16, 
16, 
15, 
20, 
21, 
16, 
16, 
16, 
16, 
15, 
17, 
15, 
13, 
16, 
18, 
16, 
20, 
17, 
29, 
19, 
15, 
26, 
18, 
12, 
32, 
20, 
15, 
26, 
22, 
20, 
15, 
18, 
15, 
18, 
23, 
13, 
15, 
19, 
15, 
16, 
24, 
21, 
18, 
14, 
15, 
15, 
28, 
17, 
18, 
18, 
15, 
16, 
27, 
105, 
18, 
55, 
45, 
16, 
15, 
15, 
17, 
19, 
17, 
16, 
15, 
15, 
13, 
19, 
23, 
18, 
19, 
13, 
18, 
15, 
16, 
21, 
25, 
17, 
15, 
14, 
14, 
27, 
17, 
15, 
25, 
15, 
18, 
21, 
18, 
19, 
17, 
15, 
14, 
43, 
16, 
15, 
16, 
18, 
22, 
15, 
16, 
14, 
13, 
18, 
13, 
17, 
26, 
30, 
17, 
16, 
12, 
21, 
66, 
13, 
133, 
16, 
43, 
129, 
15, 
14, 
15, 
27, 
23, 
16, 
16, 
18, 
12, 
18, 
35, 
15, 
17, 
14, 
15, 
15, 
20, 
18, 
21, 
25, 
49, 
25, 
22, 
25, 
16, 
29, 
20, 
15, 
14, 
16, 
16, 
13, 
24, 
17, 
13, 
16, 
15, 
16, 
15, 
24, 
15, 
14, 
22, 
12, 
17, 
19, 
18, 
17, 
16, 
20, 
14, 
26, 
18, 
17, 
35, 
13, 
13, 
35, 
112, 
92, 
26, 
16, 
14, 
13, 
23, 
31, 
14, 
16, 
15, 
17, 
22, 
17, 
31, 
15, 
15, 
15, 
25, 
16, 
34, 
12, 
12, 
23, 
37, 
15, 
18, 
25, 
15, 
25, 
17, 
66, 
16, 
19, 
14, 
14, 
17, 
19, 
15, 
14, 
19, 
13, 
16, 
19, 
17, 
26, 
20, 
15, 
14, 
15, 
15, 
14, 
18, 
16, 
29, 
15, 
15, 
15, 
30, 
15, 
16, 
21, 
67, 
14, 
16, 
14, 
15, 
20, 
14, 
18, 
16, 
15, 
16, 
91, 
14, 
14, 
14, 
16, 
15, 
14, 
17, 
13, 
16, 
15, 
17, 
19, 
15, 
16, 
14, 
15, 
41, 
26, 
16, 
15, 
16, 
18, 
21, 
22, 
22, 
16, 
17, 
15, 
17, 
21, 
17, 
17, 
13, 
15, 
18, 
15, 
25, 
15, 
16, 
22, 
16, 
26, 
22, 
18, 
17, 
35, 
15, 
18, 
16, 
54, 
26, 
68, 
21, 
23, 
30, 
20, 
18, 
19, 
20, 
18, 
15, 
30, 
16, 
15, 
14, 
33, 
14, 
15, 
16, 
14, 
12, 
16, 
17, 
11, 
15, 
15, 
17, 
32, 
27, 
26, 
14, 
24, 
34, 
26, 
16, 
16, 
16, 
16, 
15, 
18, 
23, 
17, 
18, 
17, 
14, 
15, 
25, 
16, 
22, 
23, 
15, 
25, 
12, 
24, 
15, 
14, 
16, 
22, 
17, 
35, 
23, 
26, 
41, 
18, 
13, 
18, 
34, 
21, 
23, 
17, 
12, 
20, 
15, 
15, 
20, 
21, 
14, 
12, 
15, 
22, 
15, 
19, 
17, 
13, 
19, 
36, 
14, 
20, 
18, 
18, 
15, 
21, 
16, 
22, 
23, 
15, 
15, 
17, 
17, 
23, 
22, 
16, 
17, 
17, 
22, 
14, 
20, 
16, 
16, 
14, 
15, 
23, 
38, 
17, 
319, 
15, 
14, 
14, 
14, 
19, 
22, 
47, 
24, 
32, 
126, 
17, 
18, 
18, 
15, 
20, 
16, 
15, 
19, 
25, 
15, 
16, 
15, 
21, 
16, 
23, 
15, 
18, 
19, 
14, 
14, 
25, 
19, 
15, 
15, 
17, 
15, 
16, 
19, 
16, 
40, 
24, 
21, 
20, 
15, 
14, 
16, 
15, 
14, 
18, 
20, 
15, 
19, 
16, 
16, 
15, 
26, 
18, 
16, 
21, 
14, 
35, 
17, 
17, 
16, 
26, 
28, 
17, 
34, 
78, 
107, 
137, 
16, 
24, 
18, 
16, 
18, 
15, 
15, 
27, 
21, 
17, 
18, 
17, 
16, 
35, 
17, 
18, 
16, 
21, 
23, 
17, 
16, 
15, 
16, 
15, 
15, 
29, 
20, 
65, 
24, 
26, 
15, 
35, 
16, 
22, 
18, 
14, 
17, 
17, 
21, 
22, 
18, 
16, 
16, 
56, 
21, 
15, 
12, 
24, 
13, 
15, 
14, 
16, 
14, 
24, 
17, 
16, 
22, 
69, 
40, 
76, 
127, 
15, 
17, 
14, 
16, 
17, 
13, 
26, 
12, 
17, 
15, 
35, 
16, 
24, 
17, 
18, 
15, 
21, 
17, 
15, 
17, 
15, 
15, 
27, 
14, 
14, 
15, 
14, 
13, 
15, 
22, 
14, 
28, 
18, 
13, 
16, 
12, 
17, 
17, 
24, 
21, 
16, 
18, 
17, 
21, 
24, 
18, 
29, 
14, 
19, 
18, 
15, 
17, 
16, 
21, 
13, 
26, 
17, 
16, 
92, 
23, 
125, 
12, 
15, 
22, 
19, 
16, 
15, 
12, 
13, 
12, 
46, 
16, 
14, 
12, 
16, 
17, 
37, 
20, 
16, 
14, 
15, 
17, 
15, 
22, 
16, 
14, 
17, 
16, 
14, 
14, 
24, 
20, 
15, 
39, 
15, 
54, 
14, 
15, 
14, 
15, 
20, 
15, 
14, 
30, 
16, 
21, 
15, 
16, 
15, 
19, 
18, 
18, 
15, 
19, 
22, 
15, 
15, 
21, 
54, 
41, 
27, 
54, 
104, 
12, 
25, 
18, 
22, 
18, 
36, 
13, 
15, 
22, 
47, 
16, 
13, 
28, 
47, 
16, 
48, 
15, 
16, 
15, 
16, 
17, 
16, 
16, 
16, 
16, 
19, 
13, 
27, 
41, 
17, 
16, 
22, 
14, 
15, 
16, 
16, 
49, 
16, 
20, 
30, 
15, 
24, 
19, 
41, 
15, 
15, 
18, 
16, 
15, 
14, 
15, 
17, 
21, 
21, 
16, 
20, 
13, 
13, 
22, 
15, 
140, 
16, 
20, 
14, 
17, 
31, 
20, 
19, 
17, 
16, 
17, 
14, 
15, 
19, 
15, 
17, 
22, 
35, 
15, 
15, 
29, 
15, 
15, 
21, 
16, 
15, 
45, 
18, 
28, 
17, 
21, 
15, 
14, 
24, 
16, 
15, 
27, 
15, 
19, 
17, 
26, 
65, 
17, 
15, 
21, 
20, 
15, 
16, 
16, 
20, 
23, 
17, 
21, 
13, 
22, 
15, 
17, 
15, 
24, 
18, 
100, 
154, 
24, 
24, 
17, 
22, 
15, 
79, 
16, 
49, 
16, 
20, 
13, 
15, 
15, 
19, 
22, 
15, 
16, 
29, 
46, 
14, 
13, 
16, 
21, 
14, 
25, 
16, 
15, 
15, 
14, 
16, 
18, 
17, 
15, 
16, 
15, 
13, 
19, 
17, 
17, 
14, 
15, 
22, 
16, 
14, 
17, 
14, 
14, 
22, 
28, 
15, 
13, 
18, 
24, 
17, 
21, 
25, 
15, 
15, 
88, 
36, 
125, 
12, 
15, 
13, 
15, 
15, 
18, 
18, 
13, 
14, 
63, 
32, 
15, 
15, 
18, 
14, 
14, 
23, 
26, 
30, 
21, 
27, 
22, 
21, 
16, 
15, 
17, 
15, 
37, 
21, 
23, 
30, 
16, 
18, 
20, 
14, 
19, 
14, 
14, 
15, 
24, 
12, 
16, 
15, 
16, 
17, 
17, 
14, 
19, 
15, 
18, 
16, 
14, 
51, 
16, 
15, 
23, 
22, 
70, 
16, 
32, 
50, 
118, 
14, 
21, 
16, 
15, 
21, 
16, 
16, 
18, 
55, 
14, 
19, 
15, 
13, 
25, 
18, 
15, 
15, 
16, 
15, 
16, 
40, 
19, 
19, 
64, 
19, 
20, 
18, 
18, 
22, 
19, 
20, 
14, 
15, 
14, 
20, 
15, 
15, 
17, 
18, 
15, 
15, 
18, 
59, 
13, 
17, 
16, 
19, 
16, 
19, 
15, 
15, 
21, 
14, 
44, 
15, 
15, 
21, 
82, 
17, 
31, 
16, 
15, 
49, 
20, 
15, 
16, 
16, 
17, 
24, 
26, 
18, 
16, 
39, 
29, 
18, 
16, 
15, 
14, 
20, 
16, 
15, 
17, 
15, 
14, 
13, 
13, 
14, 
13, 
15, 
20, 
15, 
52, 
30, 
14, 
23, 
18, 
15, 
16, 
15, 
21, 
16, 
14, 
14, 
18, 
14, 
25, 
38, 
15, 
14, 
34, 
17, 
19, 
19, 
15, 
18, 
18, 
20, 
21, 
59, 
28, 
31, 
181, 
13, 
21, 
17, 
13, 
17, 
316, 
9, 
22, 
13, 
15, 
26, 
15, 
14, 
29, 
16, 
14, 
16, 
15, 
14, 
21, 
18, 
21, 
16, 
15, 
14, 
18, 
22, 
18, 
16, 
16, 
16, 
21, 
15, 
14, 
15, 
18, 
14, 
17, 
15, 
15, 
16, 
15, 
15, 
34, 
14, 
21, 
14, 
15, 
25, 
36, 
18, 
16, 
18, 
26, 
28, 
14, 
91, 
70, 
43, 
15, 
21, 
16, 
35, 
15, 
59, 
44, 
15, 
16, 
18, 
15, 
21, 
21, 
21, 
16, 
16, 
13, 
22, 
16, 
13, 
25, 
15, 
15, 
16, 
15, 
13, 
22, 
15, 
15, 
16, 
47, 
18, 
15, 
16, 
16, 
18, 
24, 
18, 
22, 
16, 
15, 
13, 
15, 
20, 
13, 
17, 
15, 
15, 
15, 
22, 
19, 
25, 
14, 
13, 
41, 
14, 
37, 
23, 
125, 
67, 
12, 
99, 
16, 
25, 
14, 
22, 
13, 
19, 
14, 
18, 
15, 
15, 
23, 
16, 
16, 
42, 
16, 
17, 
23, 
16, 
18, 
15, 
15, 
20, 
17, 
14, 
20, 
17, 
16, 
18, 
26, 
19, 
15, 
19, 
15, 
18, 
18, 
18, 
15, 
44, 
14, 
25, 
18, 
17, 
18, 
14, 
71, 
15, 
14, 
15, 
14, 
20, 
16, 
20, 
45, 
22, 
33, 
16, 
13, 
141, 
42, 
41, 
48, 
14, 
15, 
14, 
14, 
13, 
21, 
16, 
14, 
19, 
14, 
14, 
19, 
14, 
14, 
17, 
14, 
20, 
17, 
21, 
33, 
17, 
16, 
16, 
18, 
15, 
39, 
16, 
36, 
22, 
15, 
14, 
19, 
16, 
17, 
14, 
23, 
22, 
18, 
16, 
15, 
23, 
18, 
13, 
15, 
13, 
16, 
13, 
16, 
16, 
13, 
20, 
24, 
15, 
16, 
14, 
17, 
16, 
114, 
59, 
16, 
41, 
16, 
26, 
17, 
17, 
31, 
19, 
14, 
14, 
14, 
18, 
20, 
24, 
15, 
15, 
17, 
15, 
17, 
23, 
15, 
15, 
13, 
14, 
15, 
15, 
22, 
16, 
22, 
15, 
15, 
19, 
24, 
15, 
22, 
16, 
15, 
22, 
16, 
15, 
15, 
22, 
19, 
27, 
19, 
17, 
14, 
20, 
14, 
26, 
16, 
17, 
15, 
45, 
18, 
17, 
15, 
27, 
20, 
27, 
13, 
37, 
13, 
79, 
13, 
14, 
17, 
15, 
17, 
33, 
16, 
19, 
14, 
23, 
24, 
19, 
15, 
15, 
14, 
24, 
16, 
45, 
17, 
19, 
19, 
24, 
14, 
14, 
16, 
19, 
21, 
15, 
26, 
16, 
15, 
16, 
19, 
16, 
45, 
16, 
15, 
15, 
16, 
22, 
15, 
27, 
15, 
17, 
18, 
21, 
22, 
23, 
15, 
20, 
16, 
45, 
15, 
18, 
15, 
36, 
13, 
34, 
94, 
79, 
15, 
12, 
42, 
15, 
14, 
41, 
25, 
21, 
35, 
22, 
31, 
23, 
18, 
15, 
18, 
17, 
14, 
14, 
14, 
22, 
26, 
34, 
14, 
20, 
15, 
18, 
15, 
15, 
15, 
27, 
17, 
14, 
16, 
18, 
15, 
14, 
24, 
18, 
19, 
20, 
46, 
15, 
14, 
21, 
17, 
17, 
23, 
24, 
21, 
18, 
38, 
13, 
14, 
22, 
18, 
15, 
15, 
32, 
100, 
74, 
15, 
46, 
94, 
15, 
17, 
17, 
22, 
24, 
33, 
34, 
20, 
20, 
22, 
18, 
14, 
14, 
14, 
13, 
24, 
14, 
21, 
14, 
18, 
24, 
19, 
15, 
19, 
49, 
16, 
17, 
15, 
14, 
21, 
21, 
17, 
15, 
15, 
14, 
15, 
19, 
17, 
15, 
15, 
15, 
15, 
23, 
20, 
15, 
17, 
17, 
16, 
15, 
21, 
16, 
15, 
47, 
16, 
22, 
14, 
17, 
12, 
21, 
24, 
78, 
115, 
44, 
19, 
23, 
67, 
20, 
17, 
20, 
16, 
15, 
15, 
14, 
42, 
16, 
16, 
16, 
18, 
19, 
15, 
25, 
21, 
22, 
17, 
46, 
19, 
15, 
14, 
23, 
25, 
22, 
37, 
18, 
18, 
20, 
15, 
21, 
16, 
13, 
17, 
17, 
23, 
15, 
26, 
13, 
16, 
15, 
15, 
18, 
13, 
21, 
26, 
15, 
17, 
21, 
15, 
18, 
19, 
15, 
22, 
71, 
58, 
57, 
14, 
61, 
27, 
24, 
16, 
15, 
15, 
14, 
18, 
13, 
22, 
15, 
22, 
21, 
20, 
14, 
16, 
18, 
16, 
27, 
18, 
14, 
15, 
15, 
14, 
20, 
21, 
16, 
16, 
14, 
16, 
15, 
25, 
25, 
22, 
14, 
16, 
26, 
18, 
24, 
14, 
15, 
12, 
18, 
15, 
19, 
33, 
14, 
13, 
38, 
15, 
16, 
14, 
16, 
38, 
18, 
27, 
14, 
21, 
122, 
67, 
17, 
15, 
15, 
16, 
17, 
20, 
35, 
20, 
16, 
19, 
18, 
18, 
17, 
16, 
13, 
22, 
15, 
15, 
14, 
15, 
16, 
18, 
18, 
15, 
16, 
31, 
16, 
24, 
17, 
18, 
15, 
14, 
14, 
15, 
19, 
17, 
21, 
16, 
21, 
15, 
17, 
21, 
43, 
14, 
20, 
16, 
19, 
20, 
18, 
37, 
15, 
15, 
25, 
17, 
27, 
17, 
14, 
16, 
21, 
39, 
96, 
17, 
14, 
14, 
22, 
18, 
22, 
33, 
18, 
17, 
14, 
18, 
26, 
20, 
35, 
15, 
17, 
13, 
19, 
15, 
14, 
14, 
16, 
19, 
21, 
24, 
16, 
15, 
17, 
18, 
26, 
48, 
17, 
15, 
15, 
24, 
15, 
15, 
15, 
18, 
19, 
16, 
23, 
20, 
17, 
16, 
17, 
16, 
56, 
16, 
14, 
15, 
18, 
19, 
16, 
16, 
20, 
15, 
69, 
16, 
250, 
20, 
27, 
15, 
15, 
15, 
16, 
16, 
15, 
19, 
27, 
15, 
20, 
17, 
16, 
14, 
15, 
14, 
14, 
26, 
15, 
18, 
16, 
17, 
17, 
14, 
17, 
27, 
25, 
19, 
16, 
17, 
14, 
29, 
17, 
15, 
13, 
45, 
17, 
14, 
15, 
16, 
17, 
21, 
18, 
15, 
16, 
20, 
15, 
25, 
16, 
15, 
19, 
24, 
48, 
30, 
13, 
15, 
14, 
17, 
18, 
176, 
68, 
14, 
44, 
22, 
26, 
19, 
16, 
20, 
15, 
17, 
14, 
17, 
13, 
18, 
21, 
18, 
16, 
17, 
17, 
16, 
18, 
15, 
18, 
20, 
33, 
23, 
15, 
16, 
18, 
25, 
16, 
19, 
20, 
18, 
21, 
14, 
17, 
15, 
22, 
16, 
16, 
15, 
13, 
40, 
19, 
15, 
16, 
17, 
17, 
18, 
15, 
20, 
22, 
20, 
16, 
18, 
15, 
18, 
20, 
16, 
76, 
33, 
17, 
43, 
20, 
23, 
25, 
15, 
15, 
15, 
20, 
16, 
20, 
16, 
15, 
13, 
13, 
18, 
14, 
19, 
16, 
14, 
15, 
16, 
15, 
17, 
16, 
35, 
27, 
20, 
19, 
17, 
40, 
21, 
14, 
22, 
21, 
17, 
21, 
18, 
18, 
24, 
17, 
15, 
16, 
19, 
18, 
23, 
17, 
66, 
16, 
25, 
14, 
16, 
14, 
18, 
15, 
24, 
19, 
26, 
15, 
17, 
253, 
19, 
20, 
13, 
16, 
19, 
15, 
17, 
14, 
14, 
14, 
21, 
13, 
16, 
17, 
19, 
15, 
42, 
15, 
26, 
19, 
19, 
15, 
15, 
22, 
12, 
18, 
15, 
27, 
15, 
13, 
16, 
17, 
14, 
20, 
42, 
33, 
16, 
18, 
26, 
17, 
17, 
14, 
16, 
16, 
16, 
23, 
18, 
16, 
15, 
17, 
15, 
13, 
30, 
18, 
19, 
15, 
15, 
15, 
17, 
17, 
65, 
17, 
92, 
18, 
17, 
16, 
17, 
25, 
14, 
15, 
15, 
14, 
16, 
20, 
19, 
18, 
18, 
20, 
17, 
14, 
23, 
21, 
16, 
22, 
17, 
18, 
15, 
15, 
35, 
20, 
13, 
14, 
17, 
17, 
15, 
15, 
14, 
23, 
18, 
17, 
14, 
19, 
16, 
25, 
17, 
15, 
15, 
19, 
18, 
12, 
14, 
29, 
16, 
19, 
18, 
20, 
14, 
19, 
16, 
18, 
18, 
17, 
15, 
17, 
21, 
119, 
54, 
18, 
15, 
15, 
15, 
16, 
16, 
16, 
15, 
16, 
20, 
22, 
19, 
17, 
18, 
24, 
17, 
22, 
15, 
15, 
12, 
14, 
16, 
17, 
16, 
15, 
18, 
17, 
15, 
14, 
26, 
17, 
18, 
16, 
16, 
15, 
20, 
13, 
19, 
16, 
18, 
18, 
20, 
15, 
14, 
17, 
26, 
25, 
25, 
18, 
13, 
16, 
17, 
17, 
19, 
24, 
14, 
15, 
17, 
13, 
75, 
15, 
119, 
11, 
15, 
15, 
22, 
23, 
14, 
15, 
15, 
18, 
20, 
24, 
20, 
40, 
21, 
28, 
22, 
32, 
27, 
21, 
24, 
24, 
19, 
21, 
17, 
22, 
18, 
18, 
16, 
17, 
15, 
28, 
15, 
19, 
16, 
13, 
25, 
16, 
15, 
15, 
16, 
17, 
18, 
19, 
18, 
17, 
18, 
14, 
21, 
15, 
15, 
15, 
19, 
13, 
22, 
18, 
15, 
14, 
17, 
96, 
36, 
55, 
15, 
84, 
28, 
15, 
15, 
17, 
20, 
16, 
15, 
24, 
19, 
18, 
14, 
30, 
32, 
23, 
32, 
15, 
21, 
18, 
15, 
16, 
18, 
16, 
37, 
17, 
16, 
19, 
16, 
16, 
16, 
32, 
15, 
15, 
15, 
16, 
24, 
14, 
14, 
14, 
14, 
17, 
17, 
22, 
18, 
12, 
14, 
18, 
15, 
14, 
39, 
16, 
16, 
16, 
14, 
22, 
27, 
17, 
18, 
16, 
100, 
16, 
146, 
63, 
16, 
16, 
15, 
14, 
26, 
22, 
37, 
14, 
17, 
26, 
17, 
16, 
16, 
20, 
25, 
18, 
17, 
18, 
15, 
15, 
15, 
14, 
15, 
21, 
18, 
20, 
22, 
27, 
20, 
15, 
15, 
18, 
15, 
15, 
15, 
32, 
44, 
15, 
22, 
15, 
15, 
20, 
17, 
17, 
14, 
16, 
15, 
24, 
15, 
15, 
14, 
16, 
577, 
11, 
16, 
16, 
25, 
44, 
16, 
18, 
17, 
15, 
25, 
23, 
16, 
14, 
42, 
20, 
25, 
16, 
17, 
15, 
16, 
13, 
21, 
24, 
15, 
13, 
17, 
17, 
27, 
16, 
15, 
43, 
15, 
23, 
17, 
21, 
29, 
16, 
16, 
19, 
15, 
16, 
17, 
19, 
19, 
20, 
15, 
14, 
16, 
16, 
30, 
17, 
15, 
16, 
16, 
17, 
19, 
15, 
19, 
14, 
18, 
17, 
36, 
21, 
14, 
37, 
16, 
40, 
43, 
15, 
14, 
15, 
16, 
23, 
13, 
17, 
20, 
14, 
29, 
23, 
18, 
40, 
13, 
15, 
21, 
14, 
25, 
18, 
26, 
14, 
20, 
15, 
23, 
18, 
18, 
17, 
29, 
23, 
16, 
23, 
19, 
15, 
14, 
21, 
17, 
17, 
17, 
15, 
17, 
19, 
23, 
15, 
13, 
37, 
22, 
15, 
25, 
19, 
24, 
19, 
16, 
21, 
14, 
14, 
17, 
14, 
32, 
15, 
28, 
131, 
23, 
35, 
12, 
17, 
36, 
17, 
23, 
17, 
17, 
26, 
24, 
18, 
23, 
22, 
41, 
15, 
25, 
18, 
21, 
20, 
28, 
18, 
18, 
16, 
18, 
14, 
16, 
14, 
16, 
16, 
17, 
35, 
40, 
21, 
13, 
18, 
17, 
17, 
16, 
22, 
15, 
14, 
37, 
24, 
18, 
22, 
15, 
15, 
15, 
16, 
16, 
23, 
34, 
19, 
25, 
19, 
24, 
92, 
32, 
16, 
91, 
21, 
15, 
15, 
20, 
38, 
20, 
16, 
16, 
15, 
16, 
21, 
19, 
19, 
13, 
14, 
16, 
19, 
15, 
17, 
23, 
16, 
15, 
17, 
16, 
17, 
21, 
15, 
15, 
15, 
17, 
21, 
15, 
23, 
15, 
13, 
16, 
20, 
15, 
16, 
24, 
17, 
21, 
47, 
20, 
22, 
21, 
16, 
17, 
16, 
15, 
28, 
16, 
17, 
21, 
16, 
25, 
19, 
13, 
17, 
26, 
18, 
147, 
20, 
16, 
15, 
15, 
15, 
17, 
15, 
16, 
21, 
18, 
14, 
18, 
33, 
14, 
29, 
39, 
15, 
17, 
17, 
16, 
14, 
24, 
17, 
15, 
23, 
17, 
20, 
27, 
16, 
32, 
17, 
22, 
16, 
14, 
15, 
15, 
17, 
17, 
19, 
19, 
18, 
15, 
33, 
15, 
26, 
17, 
33, 
17, 
42, 
16, 
15, 
20, 
17, 
23, 
21, 
19, 
16, 
63, 
15, 
15, 
87, 
20, 
19, 
14, 
15, 
20, 
16, 
16, 
19, 
16, 
21, 
22, 
16, 
17, 
14, 
17, 
19, 
18, 
20, 
15, 
15, 
15, 
15, 
23, 
23, 
16, 
16, 
21, 
16, 
16, 
17, 
13, 
18, 
26, 
18, 
18, 
22, 
41, 
47, 
25, 
24, 
20, 
17, 
15, 
32, 
37, 
19, 
15, 
33, 
17, 
35, 
16, 
34, 
19, 
17, 
13, 
24, 
15, 
96, 
20, 
20, 
92, 
16, 
55, 
18, 
23, 
15, 
18, 
17, 
19, 
26, 
23, 
16, 
17, 
22, 
22, 
16, 
23, 
21, 
15, 
17, 
16, 
14, 
17, 
24, 
18, 
18, 
19, 
21, 
16, 
20, 
21, 
17, 
15, 
14, 
18, 
13, 
18, 
16, 
21, 
16, 
16, 
17, 
26, 
17, 
15, 
16, 
15, 
17, 
22, 
18, 
15, 
17, 
14, 
17, 
19, 
14, 
16, 
15, 
14, 
113, 
16, 
115, 
127, 
18, 
15, 
18, 
37, 
15, 
19, 
21, 
16, 
18, 
60, 
15, 
28, 
14, 
16, 
14, 
20, 
14, 
15, 
18, 
19, 
26, 
18, 
13, 
16, 
32, 
18, 
22, 
28, 
14, 
16, 
14, 
16, 
15, 
34, 
14, 
20, 
13, 
14, 
25, 
14, 
15, 
13, 
15, 
15, 
15, 
38, 
17, 
15, 
34, 
18, 
17, 
32, 
13, 
13, 
16, 
14, 
16, 
49, 
131, 
60, 
39, 
15, 
19, 
18, 
17, 
18, 
19, 
18, 
18, 
15, 
17, 
18, 
30, 
67, 
15, 
16, 
38, 
18, 
18, 
16, 
14, 
31, 
18, 
18, 
18, 
15, 
17, 
16, 
15, 
18, 
16, 
21, 
48, 
17, 
16, 
19, 
15, 
23, 
20, 
16, 
14, 
17, 
17, 
22, 
15, 
12, 
16, 
15, 
15, 
25, 
25, 
56, 
25, 
22, 
24, 
23, 
18, 
18, 
16, 
18, 
21, 
90, 
17, 
20, 
38, 
28, 
26, 
16, 
16, 
13, 
16, 
17, 
14, 
14, 
17, 
16, 
18, 
15, 
14, 
15, 
48, 
13, 
22, 
11, 
24, 
42, 
15, 
15, 
21, 
19, 
14, 
15, 
14, 
14, 
13, 
19, 
21, 
15, 
15, 
13, 
17, 
23, 
38, 
17, 
21, 
15, 
14, 
24, 
15, 
14, 
15, 
17, 
20, 
17, 
17, 
14, 
22, 
83, 
13, 
18, 
14, 
13, 
16, 
146, 
24, 
42, 
30, 
19, 
16, 
16, 
17, 
19, 
30, 
17, 
17, 
14, 
27, 
16, 
15, 
15, 
14, 
16, 
20, 
13, 
15, 
24, 
596, 
10, 
17, 
25, 
41, 
26, 
16, 
18, 
13, 
16, 
39, 
14, 
18, 
36, 
24, 
18, 
15, 
14, 
19, 
18, 
30, 
43, 
15, 
12, 
17, 
16, 
17, 
12, 
16, 
15, 
16, 
14, 
27, 
17, 
14, 
16, 
16, 
43, 
24, 
14, 
44, 
24, 
15, 
17, 
26, 
15, 
17, 
15, 
16, 
20, 
23, 
17, 
14, 
18, 
15, 
22, 
17, 
18, 
18, 
14, 
15, 
14, 
21, 
20, 
17, 
19, 
16, 
18, 
14, 
16, 
15, 
15, 
22, 
16, 
13, 
23, 
14, 
16, 
19, 
17, 
20, 
16, 
20, 
20, 
14, 
17, 
16, 
16, 
17, 
38, 
24, 
16, 
29, 
16, 
17, 
16, 
17, 
23, 
16, 
112, 
17, 
24, 
17, 
70, 
17, 
15, 
17, 
17, 
15, 
14, 
19, 
37, 
19, 
15, 
14, 
15, 
19, 
23, 
15, 
14, 
16, 
16, 
20, 
15, 
17, 
16, 
23, 
18, 
14, 
25, 
13, 
19, 
15, 
15, 
15, 
28, 
19, 
18, 
19, 
15, 
17, 
19, 
20, 
13, 
35, 
18, 
22, 
21, 
24, 
20, 
15, 
15, 
20, 
15, 
22, 
32, 
17, 
20, 
18, 
17, 
26, 
111, 
22, 
22, 
76, 
29, 
13, 
15, 
27, 
15, 
17, 
21, 
28, 
20, 
15, 
18, 
15, 
14, 
14, 
15, 
25, 
60, 
21, 
16, 
17, 
42, 
16, 
12, 
13, 
18, 
15, 
31, 
19, 
13, 
17, 
15, 
20, 
16, 
21, 
28, 
29, 
16, 
49, 
15, 
19, 
14, 
23, 
14, 
18, 
24, 
16, 
16, 
15, 
13, 
15, 
19, 
22, 
19, 
14, 
15, 
15, 
24, 
18, 
108, 
26, 
19, 
15, 
30, 
19, 
15, 
20, 
22, 
20, 
15, 
14, 
16, 
51, 
14, 
15, 
18, 
19, 
14, 
16, 
20, 
18, 
15, 
16, 
15, 
15, 
22, 
19, 
16, 
15, 
16, 
15, 
16, 
22, 
20, 
15, 
17, 
16, 
20, 
19, 
15, 
15, 
14, 
20, 
15, 
15, 
22, 
20, 
16, 
24, 
18, 
15, 
16, 
20, 
17, 
17, 
16, 
15, 
15, 
16, 
15, 
16, 
41, 
73, 
57, 
15, 
15, 
21, 
30, 
18, 
14, 
16, 
16, 
22, 
16, 
17, 
17, 
38, 
19, 
39, 
13, 
38, 
17, 
19, 
28, 
16, 
18, 
17, 
21, 
25, 
17, 
16, 
22, 
18, 
18, 
34, 
15, 
18, 
14, 
15, 
23, 
18, 
12, 
17, 
18, 
18, 
17, 
17, 
22, 
20, 
19, 
15, 
16, 
32, 
23, 
28, 
15, 
16, 
28, 
16, 
16, 
14, 
16, 
61, 
14, 
18, 
16, 
41, 
19, 
19, 
27, 
20, 
20, 
25, 
25, 
19, 
21, 
20, 
20, 
22, 
18, 
15, 
17, 
15, 
18, 
22, 
18, 
36, 
17, 
15, 
16, 
17, 
15, 
15, 
16, 
15, 
16, 
24, 
17, 
17, 
15, 
16, 
26, 
19, 
20, 
15, 
13, 
16, 
15, 
21, 
14, 
14, 
17, 
14, 
17, 
22, 
17, 
15, 
14, 
25, 
15, 
42, 
15, 
15, 
17, 
16, 
112, 
111, 
31, 
21, 
17, 
15, 
20, 
14, 
15, 
20, 
15, 
49, 
17, 
16, 
17, 
16, 
22, 
17, 
16, 
18, 
22, 
28, 
68, 
14, 
27, 
20, 
24, 
20, 
16, 
15, 
15, 
23, 
14, 
24, 
25, 
25, 
16, 
21, 
15, 
23, 
16, 
18, 
17, 
14, 
50, 
15, 
15, 
15, 
12, 
18, 
15, 
17, 
18, 
15, 
15, 
12, 
14, 
18, 
32, 
17, 
75, 
28, 
13, 
14, 
14, 
15, 
25, 
21, 
16, 
16, 
14, 
19, 
19, 
15, 
17, 
17, 
14, 
20, 
34, 
17, 
25, 
15, 
19, 
15, 
14, 
20, 
14, 
15, 
21, 
20, 
16, 
26, 
46, 
15, 
15, 
19, 
28, 
17, 
15, 
19, 
16, 
29, 
27, 
20, 
24, 
19, 
28, 
23, 
21, 
18, 
15, 
28, 
23, 
18, 
15, 
15, 
15, 
16, 
28, 
19, 
15, 
94, 
15, 
17, 
14, 
21, 
14, 
26, 
17, 
25, 
15, 
17, 
16, 
16, 
15, 
17, 
20, 
14, 
15, 
16, 
15, 
16, 
15, 
15, 
20, 
15, 
32, 
21, 
19, 
30, 
15, 
19, 
22, 
14, 
14, 
16, 
13, 
15, 
22, 
18, 
13, 
34, 
13, 
13, 
16, 
27, 
19, 
15, 
14, 
16, 
17, 
17, 
26, 
20, 
15, 
15, 
15, 
21, 
21, 
17, 
15, 
14, 
15, 
57, 
23, 
15, 
76, 
17, 
11, 
16, 
13, 
15, 
16, 
15, 
26, 
54, 
17, 
14, 
15, 
16, 
20, 
17, 
17, 
15, 
17, 
13, 
26, 
14, 
17, 
15, 
16, 
24, 
17, 
26, 
26, 
16, 
16, 
15, 
17, 
25, 
20, 
15, 
16, 
15, 
16, 
11, 
14, 
11, 
15, 
14, 
30, 
12, 
13, 
12, 
13, 
18, 
15, 
17, 
15, 
16, 
31, 
18, 
95, 
44, 
18, 
24, 
17, 
18, 
20, 
31, 
19, 
14, 
18, 
15, 
14, 
24, 
17, 
18, 
18, 
15, 
18, 
19, 
16, 
22, 
18, 
22, 
17, 
20, 
19, 
15, 
16, 
19, 
13, 
23, 
19, 
16, 
16, 
17, 
19, 
15, 
23, 
39, 
16, 
15, 
16, 
15, 
26, 
17, 
16, 
15, 
15, 
14, 
19, 
29, 
15, 
16, 
15, 
15, 
15, 
22, 
42, 
17, 
17, 
26, 
15, 
92, 
129, 
144, 
12, 
21, 
18, 
16, 
26, 
18, 
17, 
16, 
17, 
14, 
14, 
16, 
40, 
24, 
15, 
17, 
17, 
25, 
40, 
15, 
15, 
15, 
15, 
17, 
18, 
18, 
23, 
16, 
16, 
16, 
15, 
15, 
16, 
21, 
33, 
21, 
15, 
18, 
20, 
25, 
14, 
18, 
14, 
23, 
17, 
18, 
14, 
17, 
15, 
24, 
15, 
17, 
17, 
16, 
15, 
15, 
50, 
24, 
33, 
20, 
18, 
94, 
94, 
15, 
13, 
24, 
26, 
17, 
16, 
16, 
36, 
19, 
16, 
14, 
23, 
23, 
17, 
13, 
16, 
15, 
16, 
17, 
16, 
29, 
19, 
15, 
17, 
17, 
20, 
15, 
54, 
15, 
15, 
15, 
25, 
18, 
23, 
15, 
19, 
14, 
17, 
22, 
28, 
14, 
16, 
15, 
28, 
46, 
32, 
16, 
18, 
15, 
25, 
17, 
42, 
14, 
14, 
34, 
16, 
38, 
16, 
89, 
61, 
18, 
15, 
141, 
12, 
16, 
15, 
17, 
16, 
15, 
15, 
23, 
13, 
38, 
17, 
16, 
14, 
15, 
17, 
20, 
21, 
17, 
19, 
16, 
15, 
15, 
13, 
16, 
18, 
16, 
23, 
15, 
15, 
19, 
37, 
18, 
16, 
14, 
29, 
17, 
14, 
18, 
19, 
15, 
15, 
17, 
16, 
15, 
26, 
15, 
14, 
45, 
26, 
20, 
19, 
17, 
15, 
17, 
18, 
33, 
13, 
16, 
26, 
16, 
24, 
131, 
14, 
13, 
13, 
17, 
16, 
15, 
16, 
15, 
14, 
12, 
23, 
13, 
17, 
14, 
15, 
21, 
30, 
19, 
15, 
45, 
16, 
22, 
16, 
17, 
18, 
16, 
34, 
16, 
14, 
16, 
15, 
16, 
23, 
15, 
39, 
20, 
15, 
14, 
30, 
19, 
16, 
16, 
14, 
15, 
21, 
18, 
16, 
16, 
18, 
16, 
27, 
44, 
15, 
16, 
17, 
23, 
19, 
131, 
14, 
15, 
34, 
16, 
13, 
26, 
18, 
16, 
22, 
18, 
19, 
14, 
14, 
14, 
15, 
20, 
39, 
16, 
17, 
15, 
22, 
18, 
17, 
21, 
16, 
20, 
25, 
35, 
17, 
16, 
19, 
21, 
13, 
14, 
15, 
15, 
16, 
15, 
25, 
16, 
15, 
15, 
17, 
15, 
50, 
15, 
15, 
16, 
16, 
22, 
15, 
18, 
16, 
17, 
18, 
15, 
18, 
15, 
16, 
19, 
17, 
18, 
58, 
16, 
79, 
102, 
25, 
28, 
28, 
19, 
23, 
16, 
38, 
15, 
40, 
27, 
23, 
22, 
15, 
15, 
19, 
16, 
15, 
21, 
17, 
17, 
16, 
15, 
20, 
16, 
20, 
18, 
16, 
32, 
24, 
14, 
15, 
17, 
14, 
17, 
18, 
15, 
17, 
17, 
23, 
22, 
22, 
15, 
16, 
15, 
40, 
28, 
15, 
16, 
16, 
13, 
16, 
19, 
20, 
16, 
15, 
14, 
16, 
141, 
14, 
15, 
86, 
15, 
13, 
15, 
16, 
14, 
23, 
14, 
15, 
13, 
24, 
11, 
16, 
16, 
20, 
16, 
14, 
16, 
15, 
31, 
15, 
17, 
14, 
15, 
16, 
21, 
14, 
24, 
21, 
15, 
22, 
23, 
15, 
16, 
16, 
16, 
15, 
36, 
17, 
15, 
17, 
16, 
16, 
22, 
18, 
16, 
15, 
15, 
16, 
24, 
15, 
15, 
14, 
13, 
14, 
22, 
17, 
15, 
15, 
95, 
14, 
16, 
25, 
53, 
12, 
16, 
15, 
15, 
17, 
15, 
21, 
14, 
15, 
14, 
16, 
16, 
30, 
15, 
16, 
14, 
28, 
27, 
21, 
15, 
15, 
21, 
14, 
24, 
15, 
25, 
15, 
40, 
21, 
18, 
19, 
15, 
16, 
36, 
97, 
34, 
15, 
29, 
19, 
19, 
20, 
30, 
32, 
15, 
15, 
16, 
17, 
14, 
15, 
17, 
13, 
21, 
55, 
15, 
20, 
20, 
17, 
41, 
19, 
110, 
16, 
16, 
18, 
15, 
14, 
16, 
18, 
14, 
31, 
44, 
21, 
17, 
17, 
15, 
25, 
15, 
15, 
15, 
15, 
16, 
17, 
22, 
14, 
15, 
15, 
17, 
15, 
15, 
26, 
18, 
49, 
15, 
27, 
16, 
15, 
20, 
17, 
17, 
25, 
15, 
15, 
12, 
16, 
17, 
15, 
22, 
21, 
16, 
16, 
17, 
14, 
15, 
23, 
15, 
15, 
28, 
74, 
16, 
56, 
42, 
23, 
16, 
15, 
13, 
15, 
16, 
25, 
15, 
16, 
14, 
12, 
11, 
25, 
562, 
14, 
14, 
29, 
15, 
15, 
14, 
18, 
15, 
15, 
19, 
16, 
16, 
16, 
16, 
17, 
25, 
21, 
13, 
17, 
38, 
24, 
17, 
15, 
16, 
16, 
19, 
17, 
21, 
17, 
15, 
14, 
16, 
15, 
16, 
25, 
25, 
19, 
20, 
14, 
15, 
37, 
18, 
21, 
17, 
63, 
26, 
24, 
21, 
139, 
17, 
15, 
15, 
17, 
21, 
14, 
14, 
15, 
17, 
16, 
27, 
17, 
16, 
17, 
18, 
15, 
36, 
14, 
16, 
27, 
15, 
14, 
22, 
12, 
24, 
18, 
16, 
14, 
21, 
17, 
30, 
17, 
15, 
16, 
21, 
15, 
47, 
15, 
25, 
25, 
19, 
15, 
17, 
14, 
20, 
18, 
16, 
15, 
17, 
16, 
15, 
29, 
15, 
17, 
18, 
17, 
22, 
142, 
18, 
19, 
32, 
25, 
23, 
21, 
19, 
15, 
16, 
14, 
39, 
15, 
14, 
16, 
25, 
19, 
15, 
17, 
16, 
17, 
19, 
28, 
17, 
17, 
15, 
18, 
16, 
21, 
17, 
28, 
16, 
15, 
24, 
18, 
36, 
18, 
13, 
19, 
26, 
18, 
17, 
21, 
19, 
15, 
19, 
20, 
19, 
15, 
17, 
15, 
20, 
15, 
15, 
22, 
17, 
19, 
24, 
17, 
15, 
19, 
19, 
64, 
97, 
26, 
47, 
55, 
16, 
15, 
15, 
15, 
20, 
24, 
22, 
20, 
19, 
20, 
26, 
13, 
15, 
12, 
15, 
16, 
15, 
25, 
16, 
13, 
16, 
15, 
16, 
17, 
23, 
15, 
24, 
15, 
21, 
30, 
16, 
21, 
13, 
15, 
20, 
22, 
45, 
13, 
14, 
14, 
22, 
26, 
13, 
18, 
15, 
25, 
16, 
20, 
16, 
15, 
15, 
15, 
15, 
27, 
38, 
16, 
18, 
45, 
18, 
97, 
123, 
17, 
15, 
16, 
18, 
24, 
15, 
19, 
19, 
21, 
16, 
15, 
17, 
18, 
16, 
18, 
48, 
15, 
19, 
17, 
15, 
15, 
16, 
15, 
14, 
19, 
20, 
15, 
15, 
17, 
17, 
26, 
20, 
16, 
15, 
29, 
17, 
56, 
16, 
16, 
20, 
17, 
14, 
20, 
19, 
14, 
15, 
16, 
15, 
21, 
13, 
15, 
30, 
16, 
18, 
17, 
15, 
15, 
29, 
21, 
77, 
14, 
64, 
14, 
18, 
43, 
16, 
25, 
17, 
14, 
18, 
16, 
15, 
18, 
17, 
15, 
21, 
18, 
18, 
15, 
18, 
15, 
22, 
16, 
40, 
23, 
19, 
26, 
18, 
14, 
18, 
15, 
24, 
17, 
22, 
14, 
17, 
16, 
17, 
27, 
19, 
32, 
15, 
16, 
15, 
21, 
20, 
18, 
18, 
15, 
15, 
14, 
19, 
14, 
15, 
17, 
14, 
15, 
52, 
17, 
15, 
74, 
16, 
14, 
31, 
111, 
21, 
24, 
24, 
22, 
15, 
16, 
15, 
35, 
15, 
16, 
13, 
22, 
21, 
20, 
14, 
18, 
16, 
20, 
22, 
17, 
24, 
23, 
21, 
33, 
31, 
20, 
57, 
17, 
16, 
15, 
25, 
17, 
16, 
19, 
17, 
12, 
15, 
22, 
21, 
15, 
15, 
16, 
17, 
45, 
18, 
15, 
18, 
15, 
15, 
21, 
17, 
15, 
19, 
14, 
13, 
17, 
16, 
18, 
71, 
41, 
132, 
17, 
15, 
15, 
19, 
16, 
14, 
16, 
14, 
14, 
25, 
17, 
16, 
14, 
16, 
52, 
18, 
15, 
16, 
15, 
14, 
16, 
20, 
14, 
17, 
34, 
15, 
15, 
15, 
17, 
15, 
15, 
14, 
21, 
16, 
16, 
16, 
43, 
17, 
45, 
14, 
17, 
13, 
14, 
19, 
39, 
19, 
113, 
16, 
15, 
21, 
31, 
18, 
14, 
14, 
20, 
15, 
17, 
17, 
76, 
15, 
16, 
21, 
30, 
44, 
16, 
19, 
18, 
26, 
13, 
15, 
17, 
15, 
15, 
16, 
15, 
17, 
17, 
16, 
15, 
48, 
14, 
14, 
13, 
14, 
30, 
20, 
24, 
13, 
17, 
20, 
20, 
14, 
14, 
17, 
17, 
15, 
18, 
15, 
15, 
31, 
16, 
14, 
16, 
17, 
13, 
14, 
13, 
16, 
26, 
19, 
22, 
15, 
14, 
15, 
16, 
21, 
15, 
17, 
55, 
17, 
15, 
15, 
18, 
59, 
140, 
27, 
15, 
40, 
16, 
22, 
17, 
15, 
18, 
16, 
21, 
20, 
16, 
16, 
15, 
17, 
12, 
16, 
26, 
24, 
25, 
28, 
21, 
31, 
60, 
22, 
20, 
24, 
28, 
18, 
27, 
15, 
22, 
19, 
16, 
13, 
19, 
16, 
19, 
23, 
26, 
41, 
15, 
14, 
15, 
21, 
18, 
15, 
17, 
15, 
23, 
15, 
15, 
14, 
16, 
38, 
21, 
23, 
20, 
34, 
32, 
49, 
19, 
20, 
15, 
21, 
15, 
30, 
21, 
14, 
15, 
17, 
19, 
27, 
19, 
18, 
15, 
15, 
16, 
23, 
16, 
16, 
15, 
39, 
16, 
16, 
12, 
16, 
15, 
15, 
15, 
25, 
35, 
13, 
19, 
15, 
15, 
19, 
33, 
13, 
16, 
13, 
14, 
21, 
22, 
16, 
15, 
16, 
317, 
16, 
17, 
19, 
18, 
15, 
17, 
15, 
23, 
19, 
15, 
77, 
84, 
61, 
121, 
26, 
16, 
15, 
18, 
19, 
15, 
15, 
18, 
16, 
26, 
17, 
16, 
16, 
16, 
14, 
27, 
14, 
19, 
16, 
15, 
15, 
16, 
15, 
15, 
20, 
14, 
16, 
20, 
20, 
15, 
20, 
16, 
15, 
17, 
17, 
17, 
19, 
14, 
39, 
15, 
13, 
13, 
15, 
15, 
16, 
17, 
22, 
61, 
17, 
15, 
17, 
16, 
16, 
16, 
42, 
15, 
15, 
19, 
47, 
69, 
15, 
133, 
16, 
17, 
17, 
16, 
13, 
15, 
16, 
29, 
49, 
19, 
14, 
21, 
22, 
18, 
42, 
18, 
17, 
14, 
15, 
17, 
16, 
16, 
19, 
15, 
16, 
15, 
15, 
32, 
24, 
16, 
15, 
15, 
16, 
15, 
16, 
15, 
15, 
15, 
15, 
29, 
17, 
17, 
14, 
21, 
48, 
20, 
27, 
16, 
17, 
27, 
27, 
29, 
22, 
27, 
17, 
17, 
23, 
24, 
68, 
100, 
70, 
14, 
18, 
18, 
16, 
22, 
17, 
19, 
22, 
15, 
25, 
16, 
24, 
16, 
21, 
33, 
19, 
16, 
19, 
17, 
14, 
25, 
15, 
15, 
15, 
18, 
16, 
15, 
19, 
17, 
20, 
14, 
16, 
12, 
14, 
21, 
20, 
43, 
15, 
20, 
41, 
20, 
16, 
15, 
17, 
15, 
23, 
25, 
17, 
14, 
15, 
16, 
14, 
32, 
36, 
20, 
15, 
17, 
14, 
66, 
112, 
121, 
15, 
37, 
21, 
34, 
16, 
20, 
16, 
15, 
17, 
17, 
21, 
24, 
20, 
21, 
16, 
15, 
19, 
24, 
17, 
19, 
18, 
15, 
16, 
14, 
20, 
21, 
42, 
15, 
24, 
32, 
18, 
16, 
19, 
13, 
15, 
15, 
18, 
16, 
18, 
45, 
16, 
17, 
15, 
23, 
17, 
16, 
30, 
16, 
18, 
16, 
17, 
19, 
14, 
20, 
28, 
15, 
19, 
17, 
60, 
17, 
15, 
34, 
17, 
15, 
15, 
17, 
15, 
15, 
15, 
14, 
23, 
12, 
15, 
33, 
17, 
15, 
14, 
16, 
16, 
15, 
14, 
13, 
14, 
21, 
16, 
16, 
30, 
27, 
18, 
23, 
15, 
16, 
15, 
21, 
16, 
16, 
21, 
21, 
14, 
15, 
30, 
21, 
18, 
16, 
15, 
17, 
29, 
23, 
15, 
15, 
15, 
18, 
19, 
22, 
18, 
15, 
17, 
24, 
18, 
21, 
79, 
16, 
20, 
91, 
16, 
14, 
22, 
18, 
15, 
15, 
18, 
15, 
39, 
14, 
17, 
25, 
18, 
16, 
15, 
17, 
15, 
15, 
21, 
18, 
19, 
15, 
18, 
13, 
16, 
22, 
18, 
27, 
21, 
16, 
17, 
29, 
15, 
15, 
15, 
27, 
18, 
17, 
13, 
17, 
16, 
17, 
18, 
18, 
48, 
20, 
15, 
53, 
15, 
16, 
16, 
26, 
17, 
17, 
20, 
18, 
27, 
185, 
16, 
15, 
45, 
13, 
17, 
15, 
19, 
14, 
15, 
14, 
23, 
17, 
17, 
16, 
14, 
14, 
21, 
16, 
23, 
18, 
15, 
21, 
16, 
24, 
18, 
16, 
17, 
22, 
17, 
16, 
16, 
16, 
17, 
14, 
26, 
44, 
22, 
25, 
25, 
33, 
22, 
18, 
18, 
16, 
16, 
14, 
21, 
15, 
16, 
15, 
14, 
18, 
23, 
15, 
16, 
16, 
27, 
22, 
15, 
19, 
123, 
55, 
31, 
34, 
72, 
15, 
15, 
21, 
15, 
17, 
15, 
15, 
21, 
18, 
16, 
14, 
14, 
14, 
13, 
15, 
23, 
15, 
16, 
14, 
37, 
14, 
15, 
17, 
16, 
13, 
24, 
19, 
14, 
13, 
13, 
24, 
11, 
22, 
16, 
16, 
15, 
17, 
15, 
40, 
15, 
17, 
17, 
17, 
22, 
19, 
18, 
15, 
34, 
16, 
28, 
16, 
13, 
18, 
17, 
16, 
16, 
22, 
16, 
56, 
15, 
98, 
14, 
15, 
15, 
17, 
14, 
16, 
17, 
14, 
17, 
30, 
18, 
15, 
14, 
14, 
16, 
16, 
30, 
17, 
17, 
17, 
16, 
16, 
22, 
16, 
16, 
16, 
49, 
17, 
16, 
18, 
17, 
15, 
19, 
17, 
17, 
16, 
21, 
14, 
25, 
16, 
17, 
26, 
15, 
17, 
14, 
24, 
15, 
14, 
17, 
30, 
16, 
14, 
16, 
17, 
18, 
17, 
17, 
57, 
88, 
60, 
46, 
28, 
20, 
19, 
20, 
23, 
16, 
22, 
20, 
15, 
22, 
17, 
15, 
16, 
15, 
27, 
16, 
16, 
20, 
20, 
16, 
15, 
15, 
17, 
20, 
15, 
16, 
14, 
18, 
13, 
18, 
16, 
38, 
16, 
16, 
16, 
22, 
16, 
16, 
15, 
12, 
15, 
25, 
16, 
18, 
15, 
16, 
15, 
14, 
37, 
13, 
22, 
16, 
48, 
15, 
21, 
16, 
12, 
28, 
59, 
45, 
14, 
14, 
18, 
28, 
16, 
525, 
15, 
14, 
21, 
16, 
15, 
21, 
16, 
17, 
25, 
15, 
15, 
21, 
34, 
15, 
22, 
33, 
15, 
18, 
16, 
21, 
14, 
16, 
14, 
22, 
15, 
16, 
14, 
16, 
18, 
14, 
16, 
17, 
42, 
15, 
24, 
17, 
16, 
28, 
13, 
14, 
16, 
15, 
14, 
16, 
15, 
15, 
24, 
16, 
17, 
39, 
74, 
15, 
24, 
47, 
112, 
17, 
16, 
15, 
15, 
15, 
17, 
19, 
54, 
16, 
20, 
15, 
15, 
18, 
15, 
15, 
14, 
16, 
15, 
23, 
17, 
19, 
15, 
16, 
14, 
17, 
16, 
32, 
14, 
19, 
18, 
20, 
16, 
26, 
19, 
14, 
17, 
19, 
17, 
16, 
22, 
18, 
21, 
17, 
13, 
15, 
32, 
12, 
26, 
17, 
13, 
15, 
24, 
17, 
17, 
17, 
15, 
15, 
63, 
27, 
33, 
26, 
24, 
15, 
19, 
16, 
14, 
15, 
16, 
15, 
17, 
17, 
15, 
18, 
16, 
21, 
15, 
17, 
17, 
15, 
18, 
16, 
80, 
16, 
17, 
15, 
18, 
16, 
13, 
15, 
19, 
15, 
15, 
15, 
15, 
17, 
15, 
17, 
16, 
17, 
17, 
16, 
15, 
19, 
17, 
32, 
16, 
16, 
15, 
19, 
16, 
17, 
18, 
22, 
38, 
14, 
17, 
16, 
15, 
39, 
31, 
43, 
21, 
21, 
17, 
15, 
15, 
15, 
15, 
22, 
14, 
18, 
16, 
17, 
15, 
15, 
19, 
14, 
17, 
16, 
18, 
34, 
19, 
17, 
30, 
15, 
21, 
15, 
17, 
17, 
15, 
15, 
16, 
20, 
14, 
17, 
13, 
17, 
17, 
18, 
14, 
32, 
12, 
15, 
17, 
15, 
16, 
17, 
18, 
16, 
19, 
17, 
18, 
26, 
21, 
15, 
14, 
22, 
46, 
16, 
16, 
65, 
55, 
15, 
13, 
12, 
21, 
17, 
21, 
13, 
13, 
15, 
29, 
20, 
15, 
15, 
27, 
14, 
15, 
23, 
15, 
15, 
18, 
15, 
20, 
24, 
21, 
17, 
17, 
16, 
21, 
26, 
31, 
17, 
24, 
34, 
20, 
16, 
15, 
15, 
16, 
14, 
25, 
21, 
15, 
20, 
15, 
15, 
15, 
16, 
12, 
17, 
15, 
15, 
25, 
17, 
17, 
18, 
14, 
17, 
23, 
60, 
38, 
26, 
21, 
18, 
14, 
17, 
14, 
19, 
267, 
47, 
15, 
15, 
19, 
32, 
17, 
12, 
15, 
14, 
16, 
16, 
17, 
15, 
16, 
24, 
15, 
17, 
14, 
16, 
17, 
16, 
18, 
16, 
16, 
16, 
15, 
27, 
25, 
14, 
17, 
16, 
20, 
30, 
16, 
17, 
24, 
16, 
14, 
15, 
60, 
16, 
15, 
17, 
18, 
27, 
15, 
13, 
15, 
27, 
17, 
23, 
16, 
34, 
44, 
16, 
18, 
13, 
16, 
13, 
16, 
14, 
19, 
16, 
16, 
22, 
21, 
13, 
34, 
14, 
16, 
16, 
18, 
16, 
17, 
17, 
16, 
15, 
15, 
23, 
13, 
20, 
16, 
32, 
22, 
23, 
26, 
48, 
32, 
15, 
17, 
31, 
19, 
19, 
21, 
17, 
19, 
16, 
16, 
15, 
23, 
15, 
43, 
15, 
16, 
21, 
17, 
15, 
16, 
20, 
16, 
15, 
18, 
25, 
20, 
16, 
21, 
21, 
17, 
15, 
15, 
17, 
16, 
17, 
14, 
16, 
21, 
14, 
15, 
14, 
20, 
16, 
16, 
22, 
14, 
91, 
38, 
38, 
16, 
15, 
16, 
19, 
16, 
22, 
15, 
18, 
19, 
43, 
20, 
15, 
15, 
19, 
17, 
15, 
25, 
15, 
15, 
48, 
14, 
15, 
18, 
21, 
14, 
18, 
16, 
15, 
75, 
16, 
19, 
14, 
81, 
13, 
18, 
20, 
16, 
14, 
21, 
19, 
15, 
15, 
15, 
18, 
13, 
18, 
16, 
20, 
14, 
13, 
18, 
16, 
25, 
16, 
15, 
25, 
16, 
20, 
15, 
16, 
38, 
38, 
18, 
16, 
33, 
63, 
27, 
17, 
16, 
38, 
17, 
17, 
15, 
27, 
16, 
16, 
58, 
56, 
14, 
64, 
25, 
13, 
13, 
23, 
15, 
21, 
17, 
34, 
14, 
21, 
25, 
20, 
15, 
16, 
19, 
60, 
22, 
26, 
35, 
21, 
22, 
23, 
21, 
21, 
16, 
15, 
17, 
15, 
13, 
15, 
21, 
23, 
46, 
25, 
53, 
19, 
15, 
16, 
14, 
15, 
16, 
18, 
13, 
18, 
22, 
21, 
18, 
15, 
15, 
18, 
15, 
14, 
14, 
141, 
17, 
17, 
16, 
18, 
15, 
16, 
20, 
20, 
13, 
17, 
12, 
14, 
17, 
13, 
13, 
28, 
15, 
22, 
33, 
15, 
16, 
16, 
24, 
22, 
15, 
15, 
15, 
16, 
16, 
20, 
18, 
15, 
17, 
26, 
16, 
23, 
16, 
16, 
45, 
15, 
75, 
12, 
18, 
15, 
17, 
13, 
20, 
14, 
38, 
15, 
19, 
39, 
15, 
14, 
15, 
320, 
20, 
18, 
32, 
16, 
18, 
17, 
23, 
15, 
22, 
14, 
15, 
17, 
14, 
15, 
16, 
15, 
14, 
21, 
45, 
20, 
14, 
12, 
30, 
17, 
19, 
18, 
13, 
24, 
16, 
20, 
20, 
13, 
17, 
15, 
14, 
15, 
35, 
48, 
18, 
14, 
17, 
17, 
115, 
15, 
26, 
137, 
12, 
17, 
41, 
14, 
15, 
22, 
16, 
37, 
16, 
27, 
20, 
19, 
17, 
18, 
15, 
16, 
17, 
17, 
23, 
16, 
21, 
21, 
17, 
13, 
18, 
18, 
19, 
16, 
19, 
14, 
15, 
15, 
16, 
19, 
15, 
23, 
16, 
16, 
15, 
14, 
15, 
13, 
36, 
40, 
16, 
15, 
17, 
15, 
30, 
22, 
23, 
20, 
19, 
19, 
16, 
15, 
14, 
16, 
25, 
20, 
32, 
128, 
24, 
15, 
24, 
15, 
17, 
17, 
22, 
15, 
28, 
17, 
20, 
13, 
16, 
18, 
28, 
15, 
16, 
20, 
18, 
16, 
16, 
15, 
16, 
18, 
16, 
18, 
16, 
42, 
30, 
17, 
18, 
15, 
15, 
46, 
17, 
14, 
17, 
16, 
16, 
17, 
22, 
19, 
15, 
21, 
15, 
15, 
21, 
21, 
16, 
30, 
14, 
21, 
18, 
65, 
17, 
20, 
16, 
16, 
126, 
72, 
122, 
117, 
17, 
18, 
17, 
16, 
15, 
16, 
21, 
15, 
18, 
17, 
19, 
61, 
38, 
15, 
17, 
13, 
18, 
16, 
20, 
17, 
14, 
15, 
14, 
15, 
15, 
14, 
17, 
15, 
30, 
18, 
13, 
44, 
17, 
24, 
19, 
15, 
20, 
28, 
16, 
16, 
17, 
15, 
18, 
22, 
16, 
12, 
14, 
38, 
15, 
16, 
21, 
16, 
20, 
17, 
18, 
21, 
19, 
48, 
14, 
89, 
16, 
87, 
18, 
16, 
16, 
30, 
16, 
14, 
20, 
15, 
15, 
18, 
16, 
20, 
16, 
22, 
15, 
16, 
15, 
15, 
22, 
20, 
16, 
16, 
43, 
16, 
17, 
16, 
14, 
18, 
14, 
16, 
21, 
21, 
15, 
17, 
20, 
15, 
15, 
17, 
15, 
15, 
32, 
19, 
15, 
42, 
17, 
19, 
16, 
19, 
29, 
17, 
16, 
13, 
18, 
19, 
15, 
17, 
18, 
88, 
91, 
124, 
63, 
15, 
14, 
16, 
19, 
15, 
16, 
16, 
24, 
24, 
17, 
23, 
16, 
22, 
25, 
24, 
39, 
17, 
14, 
23, 
16, 
18, 
16, 
21, 
18, 
16, 
16, 
15, 
17, 
23, 
23, 
17, 
30, 
13, 
15, 
15, 
16, 
16, 
16, 
15, 
15, 
15, 
17, 
51, 
16, 
18, 
16, 
17, 
15, 
49, 
16, 
15, 
19, 
15, 
12, 
18, 
18, 
16, 
127, 
84, 
102, 
83, 
15, 
21, 
17, 
14, 
17, 
14, 
17, 
15, 
31, 
22, 
17, 
15, 
20, 
21, 
15, 
28, 
22, 
25, 
18, 
16, 
16, 
21, 
16, 
19, 
31, 
27, 
24, 
22, 
20, 
24, 
18, 
22, 
18, 
16, 
26, 
17, 
16, 
15, 
23, 
18, 
14, 
16, 
16, 
17, 
16, 
15, 
15, 
19, 
17, 
14, 
19, 
16, 
18, 
16, 
18, 
31, 
18, 
20, 
29, 
78, 
77, 
68, 
152, 
18, 
15, 
17, 
16, 
15, 
18, 
17, 
14, 
17, 
16, 
20, 
18, 
22, 
22, 
13, 
22, 
17, 
20, 
30, 
17, 
14, 
13, 
26, 
17, 
14, 
15, 
18, 
18, 
18, 
14, 
22, 
15, 
12, 
17, 
23, 
15, 
16, 
15, 
19, 
44, 
13, 
21, 
17, 
16, 
16, 
15, 
20, 
17, 
15, 
14, 
18, 
19, 
15, 
14, 
17, 
22, 
15, 
41, 
29, 
14, 
50, 
16, 
31, 
14, 
17, 
15, 
22, 
15, 
14, 
15, 
14, 
14, 
15, 
18, 
12, 
15, 
17, 
41, 
12, 
12, 
25, 
17, 
15, 
16, 
15, 
16, 
22, 
20, 
15, 
41, 
14, 
15, 
15, 
15, 
31, 
14, 
14, 
13, 
20, 
22, 
16, 
15, 
18, 
15, 
13, 
16, 
24, 
45, 
23, 
17, 
22, 
40, 
19, 
16, 
18, 
16, 
20, 
29, 
17, 
15, 
20, 
24, 
27, 
50, 
17, 
16, 
22, 
15, 
14, 
18, 
43, 
15, 
19, 
14, 
16, 
14, 
18, 
15, 
17, 
17, 
43, 
20, 
23, 
15, 
18, 
19, 
15, 
24, 
22, 
16, 
17, 
40, 
25, 
16, 
14, 
29, 
13, 
20, 
42, 
21, 
21, 
24, 
19, 
37, 
15, 
20, 
18, 
18, 
16, 
37, 
20, 
15, 
32, 
17, 
19, 
31, 
15, 
16, 
19, 
16, 
14, 
88, 
66, 
15, 
46, 
150, 
13, 
38, 
15, 
25, 
21, 
13, 
31, 
16, 
15, 
16, 
17, 
22, 
19, 
39, 
15, 
21, 
17, 
17, 
18, 
16, 
17, 
15, 
24, 
17, 
15, 
17, 
18, 
13, 
15, 
16, 
13, 
17, 
16, 
19, 
18, 
18, 
16, 
12, 
13, 
20, 
18, 
16, 
14, 
13, 
14, 
15, 
325, 
16, 
36, 
15, 
16, 
16, 
29, 
23, 
15, 
24, 
36, 
38, 
25, 
49, 
133, 
15, 
15, 
24, 
62, 
16, 
15, 
15, 
15, 
22, 
24, 
15, 
12, 
26, 
15, 
18, 
23, 
38, 
15, 
17, 
15, 
16, 
13, 
24, 
28, 
14, 
14, 
16, 
17, 
17, 
17, 
18, 
15, 
15, 
27, 
15, 
49, 
14, 
15, 
16, 
17, 
17, 
17, 
15, 
16, 
33, 
23, 
14, 
19, 
15, 
17, 
20, 
18, 
16, 
25, 
21, 
15, 
47, 
16, 
49, 
23, 
44, 
64, 
23, 
21, 
25, 
20, 
15, 
16, 
15, 
55, 
15, 
15, 
15, 
22, 
16, 
18, 
13, 
17, 
15, 
15, 
16, 
19, 
15, 
16, 
15, 
22, 
15, 
15, 
14, 
14, 
14, 
18, 
16, 
15, 
26, 
23, 
48, 
18, 
20, 
17, 
18, 
14, 
15, 
20, 
14, 
16, 
14, 
35, 
13, 
16, 
17, 
14, 
14, 
32, 
19, 
15, 
18, 
15, 
16, 
14, 
15, 
23, 
15, 
88, 
16, 
25, 
22, 
15, 
27, 
23, 
19, 
18, 
14, 
17, 
18, 
17, 
17, 
16, 
15, 
20, 
17, 
15, 
18, 
16, 
17, 
21, 
17, 
15, 
16, 
17, 
16, 
22, 
17, 
17, 
18, 
17, 
15, 
18, 
16, 
18, 
19, 
30, 
23, 
26, 
17, 
14, 
18, 
30, 
19, 
15, 
42, 
14, 
16, 
17, 
18, 
15, 
14, 
18, 
15, 
14, 
22, 
85, 
76, 
88, 
15, 
90, 
15, 
19, 
18, 
26, 
41, 
15, 
16, 
15, 
16, 
16, 
28, 
17, 
19, 
16, 
16, 
12, 
23, 
15, 
15, 
23, 
29, 
16, 
14, 
22, 
16, 
20, 
13, 
21, 
15, 
15, 
15, 
28, 
18, 
19, 
86, 
15, 
21, 
15, 
25, 
15, 
38, 
15, 
17, 
19, 
17, 
15, 
15, 
28, 
24, 
14, 
20, 
35, 
14, 
16, 
17, 
21, 
15, 
76, 
15, 
57, 
130, 
18, 
12, 
21, 
21, 
20, 
13, 
14, 
15, 
15, 
21, 
13, 
14, 
22, 
16, 
17, 
26, 
14, 
15, 
14, 
15, 
19, 
14, 
13, 
22, 
20, 
18, 
19, 
16, 
17, 
27, 
17, 
21, 
20, 
17, 
52, 
17, 
15, 
16, 
16, 
17, 
28, 
23, 
18, 
17, 
20, 
28, 
16, 
15, 
15, 
15, 
24, 
30, 
61, 
17, 
22, 
19, 
13, 
16, 
62, 
56, 
17, 
66, 
15, 
21, 
16, 
16, 
35, 
18, 
13, 
15, 
17, 
18, 
15, 
27, 
25, 
14, 
16, 
19, 
22, 
20, 
19, 
15, 
17, 
16, 
16, 
17, 
15, 
15, 
15, 
16, 
20, 
15, 
16, 
13, 
12, 
16, 
20, 
13, 
24, 
15, 
17, 
16, 
67, 
15, 
16, 
19, 
15, 
16, 
27, 
16, 
16, 
16, 
17, 
15, 
22, 
17, 
17, 
43, 
17, 
84, 
23, 
17, 
107, 
132, 
16, 
16, 
46, 
16, 
24, 
19, 
23, 
17, 
21, 
22, 
19, 
23, 
19, 
17, 
15, 
15, 
15, 
19, 
15, 
15, 
23, 
32, 
15, 
16, 
16, 
16, 
25, 
27, 
15, 
17, 
15, 
18, 
23, 
15, 
23, 
15, 
16, 
16, 
18, 
17, 
67, 
14, 
17, 
12, 
17, 
13, 
18, 
15, 
15, 
21, 
16, 
23, 
20, 
16, 
15, 
22, 
17, 
24, 
13, 
16, 
17, 
15, 
87, 
31, 
18, 
15, 
17, 
14, 
32, 
17, 
18, 
16, 
17, 
16, 
22, 
14, 
38, 
19, 
39, 
29, 
14, 
12, 
14, 
14, 
15, 
14, 
