rp port forwarding netlab-home, 
65, 
49, 
39, 
41, 
38, 
37, 
40, 
41, 
45, 
44, 
37, 
38, 
42, 
54, 
48, 
48, 
48, 
53, 
49, 
45, 
52, 
52, 
60, 
104, 
54, 
52, 
152, 
46, 
167, 
181, 
47, 
58, 
55, 
54, 
50, 
47, 
46, 
45, 
44, 
45, 
46, 
49, 
45, 
48, 
48, 
47, 
57, 
42, 
49, 
50, 
49, 
43, 
48, 
44, 
51, 
43, 
48, 
42, 
37, 
38, 
37, 
39, 
35, 
37, 
33, 
78, 
45, 
48, 
56, 
47, 
47, 
43, 
44, 
49, 
46, 
47, 
43, 
46, 
47, 
44, 
47, 
52, 
46, 
48, 
47, 
38, 
38, 
37, 
53, 
36, 
36, 
37, 
64, 
43, 
47, 
55, 
47, 
49, 
47, 
43, 
44, 
63, 
56, 
50, 
47, 
42, 
45, 
48, 
51, 
47, 
57, 
48, 
49, 
50, 
48, 
46, 
41, 
49, 
49, 
47, 
50, 
45, 
48, 
50, 
50, 
46, 
44, 
50, 
44, 
43, 
50, 
47, 
129, 
53, 
49, 
51, 
162, 
45, 
163, 
44, 
37, 
43, 
38, 
40, 
40, 
41, 
39, 
40, 
37, 
42, 
59, 
45, 
48, 
47, 
48, 
44, 
49, 
46, 
45, 
48, 
47, 
46, 
49, 
45, 
45, 
50, 
50, 
52, 
46, 
46, 
48, 
50, 
46, 
44, 
47, 
47, 
45, 
42, 
46, 
42, 
43, 
45, 
42, 
54, 
46, 
43, 
46, 
49, 
43, 
46, 
45, 
46, 
40, 
48, 
43, 
45, 
47, 
45, 
45, 
45, 
41, 
52, 
62, 
51, 
49, 
47, 
44, 
55, 
47, 
54, 
46, 
52, 
48, 
50, 
46, 
58, 
47, 
51, 
46, 
46, 
45, 
55, 
47, 
44, 
47, 
36, 
37, 
65, 
39, 
45, 
40, 
42, 
45, 
48, 
49, 
47, 
48, 
45, 
50, 
48, 
67, 
46, 
139, 
82, 
47, 
161, 
45, 
163, 
50, 
44, 
43, 
38, 
40, 
39, 
38, 
37, 
37, 
35, 
40, 
39, 
46, 
46, 
54, 
44, 
56, 
45, 
46, 
47, 
52, 
47, 
47, 
43, 
44, 
44, 
44, 
46, 
46, 
45, 
43, 
49, 
38, 
37, 
38, 
33, 
39, 
35, 
42, 
36, 
45, 
46, 
47, 
52, 
45, 
47, 
48, 
49, 
42, 
47, 
46, 
47, 
46, 
52, 
43, 
68, 
48, 
51, 
46, 
37, 
45, 
88, 
46, 
48, 
44, 
50, 
52, 
43, 
51, 
43, 
45, 
44, 
46, 
46, 
49, 
45, 
46, 
47, 
45, 
55, 
45, 
44, 
46, 
41, 
57, 
44, 
46, 
46, 
44, 
44, 
47, 
43, 
48, 
43, 
45, 
44, 
45, 
46, 
42, 
45, 
44, 
42, 
129, 
44, 
43, 
172, 
45, 
166, 
43, 
49, 
55, 
45, 
47, 
45, 
44, 
48, 
48, 
47, 
43, 
51, 
46, 
46, 
42, 
47, 
44, 
44, 
47, 
51, 
43, 
46, 
42, 
47, 
45, 
48, 
56, 
46, 
45, 
47, 
45, 
49, 
47, 
134, 
40, 
79, 
41, 
43, 
237, 
257, 
205, 
244, 
249, 
200, 
255, 
164, 
128, 
43, 
238, 
44, 
44, 
41, 
48, 
45, 
62, 
50, 
47, 
46, 
63, 
161, 
102, 
140, 
55, 
47, 
63, 
46, 
84, 
213, 
259, 
218, 
184, 
173, 
195, 
151, 
175, 
245, 
189, 
204, 
251, 
217, 
119, 
46, 
94, 
46, 
46, 
54, 
48, 
50, 
50, 
47, 
47, 
50, 
47, 
53, 
50, 
49, 
49, 
146, 
49, 
159, 
58, 
148, 
134, 
212, 
245, 
234, 
704, 
243, 
209, 
138, 
116, 
191, 
282, 
102, 
75, 
179, 
81, 
222, 
111, 
110, 
244, 
214, 
223, 
637, 
66, 
144, 
90, 
138, 
182, 
201, 
174, 
180, 
289, 
175, 
161, 
121, 
175, 
98, 
44, 
44, 
44, 
47, 
50, 
45, 
51, 
44, 
51, 
47, 
50, 
47, 
55, 
48, 
63, 
47, 
51, 
116, 
206, 
266, 
189, 
240, 
208, 
93, 
73, 
84, 
216, 
266, 
255, 
137, 
97, 
57, 
52, 
49, 
54, 
46, 
51, 
47, 
55, 
89, 
49, 
44, 
45, 
56, 
117, 
176, 
270, 
252, 
213, 
237, 
275, 
240, 
377, 
336, 
375, 
309, 
220, 
235, 
124, 
49, 
56, 
50, 
48, 
45, 
45, 
44, 
49, 
45, 
46, 
46, 
45, 
53, 
48, 
46, 
113, 
176, 
263, 
188, 
86, 
190, 
179, 
140, 
149, 
47, 
49, 
53, 
51, 
51, 
51, 
40, 
44, 
51, 
38, 
45, 
80, 
149, 
238, 
265, 
168, 
89, 
46, 
59, 
52, 
59, 
48, 
46, 
112, 
110, 
73, 
173, 
125, 
82, 
179, 
101, 
113, 
163, 
63, 
49, 
46, 
46, 
51, 
58, 
47, 
47, 
48, 
49, 
48, 
53, 
48, 
46, 
48, 
46, 
47, 
45, 
50, 
50, 
48, 
127, 
85, 
260, 
149, 
223, 
223, 
174, 
228, 
209, 
280, 
227, 
670, 
300, 
267, 
296, 
223, 
193, 
195, 
251, 
238, 
274, 
320, 
214, 
167, 
177, 
82, 
42, 
50, 
39, 
44, 
83, 
48, 
39, 
46, 
52, 
56, 
50, 
48, 
50, 
65, 
49, 
46, 
51, 
82, 
85, 
134, 
54, 
175, 
168, 
168, 
231, 
159, 
311, 
147, 
68, 
96, 
142, 
197, 
224, 
206, 
153, 
187, 
203, 
246, 
247, 
155, 
126, 
251, 
253, 
215, 
189, 
158, 
155, 
248, 
131, 
166, 
124, 
116, 
81, 
43, 
46, 
45, 
49, 
49, 
54, 
46, 
57, 
101, 
48, 
79, 
46, 
49, 
47, 
87, 
118, 
86, 
213, 
253, 
223, 
180, 
215, 
247, 
247, 
247, 
351, 
273, 
390, 
360, 
291, 
218, 
99, 
135, 
120, 
124, 
89, 
59, 
46, 
50, 
62, 
46, 
48, 
47, 
51, 
49, 
50, 
56, 
48, 
88, 
92, 
44, 
49, 
44, 
107, 
49, 
53, 
214, 
236, 
249, 
145, 
211, 
256, 
245, 
172, 
169, 
233, 
184, 
222, 
146, 
143, 
192, 
150, 
207, 
200, 
209, 
169, 
49, 
139, 
46, 
95, 
104, 
47, 
45, 
55, 
53, 
48, 
93, 
162, 
51, 
64, 
66, 
185, 
45, 
159, 
210, 
188, 
150, 
84, 
146, 
164, 
133, 
49, 
133, 
152, 
187, 
54, 
270, 
171, 
156, 
184, 
239, 
248, 
261, 
235, 
79, 
47, 
65, 
52, 
46, 
47, 
154, 
58, 
201, 
58, 
162, 
50, 
66, 
48, 
58, 
185, 
197, 
218, 
160, 
185, 
266, 
169, 
138, 
58, 
51, 
48, 
48, 
47, 
198, 
201, 
102, 
109, 
100, 
50, 
73, 
64, 
48, 
69, 
60, 
125, 
150, 
159, 
264, 
198, 
183, 
152, 
176, 
166, 
80, 
44, 
49, 
50, 
109, 
46, 
50, 
49, 
111, 
78, 
48, 
46, 
42, 
53, 
77, 
152, 
50, 
48, 
75, 
49, 
194, 
106, 
49, 
49, 
93, 
119, 
114, 
162, 
265, 
158, 
253, 
113, 
118, 
87, 
41, 
38, 
55, 
113, 
57, 
48, 
110, 
90, 
174, 
176, 
53, 
47, 
121, 
156, 
52, 
155, 
247, 
246, 
297, 
134, 
141, 
130, 
213, 
307, 
236, 
357, 
223, 
258, 
212, 
211, 
128, 
220, 
262, 
187, 
184, 
237, 
141, 
49, 
50, 
51, 
44, 
52, 
54, 
51, 
50, 
51, 
49, 
53, 
49, 
62, 
45, 
48, 
47, 
51, 
44, 
300, 
178, 
149, 
117, 
210, 
98, 
106, 
48, 
49, 
54, 
46, 
49, 
48, 
51, 
48, 
104, 
47, 
48, 
106, 
83, 
125, 
108, 
66, 
223, 
268, 
213, 
174, 
192, 
175, 
53, 
52, 
47, 
72, 
47, 
52, 
52, 
49, 
117, 
159, 
107, 
50, 
45, 
50, 
90, 
41, 
49, 
46, 
55, 
56, 
86, 
99, 
52, 
44, 
49, 
162, 
145, 
90, 
50, 
53, 
132, 
134, 
48, 
50, 
57, 
51, 
161, 
145, 
165, 
301, 
236, 
243, 
194, 
226, 
173, 
240, 
161, 
232, 
169, 
48, 
60, 
46, 
44, 
46, 
54, 
56, 
89, 
53, 
49, 
108, 
186, 
115, 
153, 
166, 
135, 
139, 
190, 
117, 
183, 
225, 
103, 
60, 
49, 
47, 
51, 
48, 
47, 
52, 
52, 
100, 
61, 
211, 
49, 
42, 
49, 
47, 
216, 
94, 
56, 
50, 
47, 
52, 
49, 
51, 
114, 
98, 
271, 
45, 
46, 
218, 
83, 
104, 
54, 
169, 
50, 
241, 
247, 
165, 
126, 
144, 
142, 
198, 
76, 
45, 
38, 
43, 
38, 
51, 
49, 
58, 
57, 
73, 
176, 
103, 
75, 
91, 
165, 
175, 
155, 
165, 
241, 
176, 
120, 
204, 
287, 
155, 
272, 
104, 
165, 
50, 
47, 
49, 
44, 
51, 
52, 
49, 
45, 
47, 
128, 
109, 
66, 
229, 
166, 
48, 
46, 
57, 
46, 
172, 
44, 
56, 
44, 
44, 
44, 
111, 
117, 
164, 
231, 
239, 
60, 
57, 
108, 
48, 
59, 
65, 
55, 
53, 
47, 
45, 
49, 
59, 
46, 
45, 
50, 
210, 
203, 
53, 
172, 
118, 
212, 
207, 
230, 
251, 
172, 
231, 
146, 
56, 
53, 
49, 
87, 
45, 
52, 
48, 
115, 
46, 
55, 
48, 
170, 
249, 
219, 
46, 
107, 
53, 
45, 
47, 
48, 
49, 
47, 
46, 
45, 
63, 
91, 
60, 
45, 
54, 
53, 
87, 
67, 
88, 
50, 
52, 
47, 
50, 
46, 
138, 
78, 
286, 
176, 
126, 
125, 
165, 
45, 
46, 
48, 
44, 
53, 
54, 
70, 
65, 
149, 
188, 
192, 
278, 
197, 
119, 
56, 
45, 
57, 
64, 
182, 
51, 
82, 
115, 
262, 
244, 
226, 
87, 
124, 
58, 
73, 
48, 
52, 
55, 
45, 
45, 
55, 
58, 
86, 
251, 
216, 
46, 
122, 
45, 
45, 
91, 
134, 
210, 
203, 
239, 
217, 
262, 
203, 
244, 
193, 
138, 
51, 
58, 
55, 
51, 
46, 
44, 
52, 
52, 
47, 
49, 
51, 
46, 
47, 
43, 
112, 
131, 
125, 
241, 
258, 
208, 
118, 
80, 
125, 
45, 
67, 
49, 
49, 
50, 
45, 
64, 
102, 
60, 
60, 
56, 
48, 
142, 
121, 
267, 
526, 
288, 
219, 
321, 
242, 
194, 
237, 
228, 
241, 
251, 
244, 
162, 
50, 
73, 
50, 
49, 
47, 
53, 
47, 
45, 
48, 
46, 
52, 
48, 
51, 
45, 
54, 
62, 
59, 
51, 
51, 
46, 
103, 
57, 
142, 
108, 
201, 
204, 
94, 
209, 
85, 
92, 
59, 
58, 
62, 
49, 
50, 
50, 
51, 
46, 
54, 
59, 
40, 
52, 
111, 
196, 
184, 
51, 
57, 
57, 
43, 
57, 
47, 
52, 
43, 
53, 
50, 
46, 
46, 
46, 
57, 
57, 
59, 
54, 
51, 
55, 
64, 
52, 
45, 
47, 
43, 
65, 
65, 
47, 
49, 
68, 
49, 
53, 
44, 
52, 
45, 
50, 
48, 
56, 
46, 
80, 
46, 
62, 
45, 
50, 
49, 
51, 
163, 
141, 
158, 
182, 
50, 
168, 
45, 
54, 
47, 
49, 
45, 
60, 
46, 
46, 
47, 
60, 
44, 
45, 
51, 
48, 
56, 
46, 
51, 
53, 
46, 
57, 
186, 
51, 
46, 
46, 
54, 
49, 
45, 
55, 
50, 
48, 
46, 
48, 
52, 
46, 
66, 
48, 
45, 
47, 
39, 
47, 
48, 
52, 
45, 
42, 
45, 
49, 
49, 
50, 
48, 
46, 
49, 
46, 
46, 
54, 
37, 
47, 
39, 
41, 
44, 
40, 
38, 
39, 
47, 
46, 
46, 
44, 
45, 
48, 
54, 
47, 
43, 
45, 
43, 
46, 
49, 
43, 
48, 
48, 
49, 
47, 
44, 
44, 
58, 
47, 
51, 
44, 
48, 
47, 
43, 
44, 
45, 
56, 
57, 
47, 
46, 
46, 
50, 
47, 
44, 
45, 
45, 
44, 
48, 
64, 
51, 
59, 
46, 
161, 
49, 
160, 
36, 
38, 
38, 
36, 
37, 
38, 
35, 
39, 
45, 
46, 
49, 
66, 
48, 
47, 
49, 
48, 
48, 
55, 
45, 
49, 
45, 
42, 
47, 
47, 
46, 
41, 
48, 
49, 
49, 
69, 
52, 
50, 
45, 
46, 
55, 
47, 
48, 
57, 
47, 
44, 
49, 
52, 
50, 
48, 
51, 
48, 
49, 
47, 
42, 
43, 
48, 
49, 
48, 
46, 
53, 
39, 
53, 
35, 
38, 
39, 
43, 
38, 
39, 
38, 
47, 
44, 
51, 
46, 
50, 
62, 
51, 
50, 
53, 
45, 
53, 
44, 
46, 
50, 
42, 
46, 
53, 
52, 
57, 
42, 
41, 
57, 
36, 
37, 
37, 
39, 
43, 
37, 
49, 
48, 
59, 
52, 
43, 
44, 
46, 
43, 
43, 
53, 
49, 
138, 
84, 
45, 
177, 
175, 
48, 
48, 
50, 
50, 
69, 
49, 
45, 
52, 
47, 
61, 
44, 
51, 
47, 
52, 
49, 
50, 
47, 
50, 
50, 
46, 
46, 
45, 
48, 
46, 
80, 
48, 
50, 
49, 
51, 
40, 
44, 
51, 
45, 
47, 
48, 
47, 
44, 
46, 
44, 
49, 
49, 
47, 
45, 
44, 
54, 
45, 
44, 
47, 
44, 
44, 
46, 
47, 
45, 
44, 
55, 
46, 
43, 
45, 
46, 
44, 
50, 
46, 
45, 
51, 
44, 
44, 
49, 
48, 
46, 
46, 
49, 
47, 
47, 
48, 
48, 
44, 
45, 
50, 
47, 
77, 
43, 
45, 
46, 
47, 
58, 
54, 
44, 
47, 
46, 
47, 
49, 
49, 
47, 
53, 
46, 
52, 
51, 
45, 
43, 
54, 
46, 
52, 
91, 
53, 
99, 
195, 
47, 
159, 
46, 
49, 
46, 
50, 
40, 
42, 
42, 
42, 
81, 
37, 
37, 
43, 
45, 
49, 
48, 
52, 
51, 
49, 
48, 
49, 
46, 
51, 
43, 
50, 
44, 
46, 
48, 
46, 
48, 
43, 
48, 
41, 
45, 
44, 
98, 
46, 
46, 
46, 
46, 
84, 
49, 
48, 
44, 
44, 
47, 
42, 
47, 
43, 
46, 
53, 
47, 
50, 
44, 
51, 
43, 
53, 
51, 
49, 
46, 
51, 
46, 
47, 
44, 
42, 
45, 
43, 
43, 
45, 
54, 
44, 
50, 
48, 
46, 
49, 
44, 
43, 
46, 
44, 
48, 
47, 
46, 
43, 
51, 
69, 
42, 
43, 
54, 
45, 
45, 
44, 
48, 
49, 
46, 
50, 
43, 
43, 
51, 
49, 
65, 
55, 
45, 
84, 
46, 
51, 
133, 
44, 
185, 
188, 
45, 
159, 
46, 
75, 
45, 
50, 
39, 
46, 
50, 
47, 
48, 
52, 
47, 
45, 
43, 
45, 
44, 
46, 
43, 
47, 
46, 
46, 
44, 
56, 
56, 
49, 
45, 
48, 
50, 
66, 
49, 
44, 
48, 
44, 
45, 
53, 
44, 
45, 
46, 
48, 
43, 
48, 
45, 
45, 
46, 
45, 
44, 
45, 
41, 
49, 
52, 
56, 
51, 
49, 
50, 
57, 
50, 
45, 
52, 
45, 
49, 
51, 
45, 
46, 
49, 
84, 
46, 
49, 
47, 
54, 
45, 
50, 
45, 
54, 
45, 
47, 
52, 
98, 
51, 
46, 
49, 
48, 
43, 
48, 
44, 
45, 
52, 
48, 
46, 
48, 
36, 
66, 
38, 
39, 
41, 
39, 
40, 
38, 
38, 
52, 
47, 
48, 
48, 
131, 
42, 
48, 
99, 
48, 
159, 
49, 
45, 
45, 
56, 
42, 
46, 
49, 
42, 
45, 
46, 
45, 
55, 
43, 
45, 
46, 
47, 
43, 
48, 
42, 
44, 
44, 
51, 
45, 
47, 
45, 
44, 
44, 
49, 
44, 
74, 
45, 
43, 
53, 
45, 
47, 
41, 
41, 
55, 
55, 
44, 
43, 
46, 
41, 
42, 
41, 
43, 
45, 
46, 
44, 
54, 
44, 
44, 
42, 
46, 
50, 
42, 
45, 
44, 
44, 
50, 
45, 
44, 
46, 
48, 
40, 
85, 
42, 
43, 
43, 
46, 
60, 
43, 
46, 
46, 
46, 
42, 
52, 
46, 
43, 
45, 
47, 
45, 
49, 
61, 
48, 
44, 
44, 
49, 
46, 
48, 
48, 
56, 
45, 
47, 
57, 
44, 
48, 
44, 
44, 
48, 
44, 
53, 
45, 
46, 
78, 
47, 
62, 
45, 
159, 
45, 
168, 
51, 
51, 
47, 
44, 
45, 
44, 
46, 
41, 
42, 
46, 
43, 
45, 
44, 
49, 
45, 
47, 
48, 
44, 
49, 
45, 
45, 
50, 
42, 
46, 
44, 
44, 
48, 
43, 
43, 
45, 
47, 
72, 
45, 
42, 
41, 
43, 
46, 
51, 
48, 
44, 
43, 
43, 
43, 
44, 
44, 
43, 
45, 
45, 
48, 
44, 
44, 
44, 
44, 
42, 
49, 
47, 
47, 
46, 
42, 
48, 
49, 
44, 
47, 
47, 
44, 
48, 
43, 
48, 
45, 
42, 
44, 
54, 
48, 
63, 
49, 
46, 
46, 
56, 
46, 
45, 
47, 
53, 
45, 
45, 
46, 
46, 
45, 
46, 
43, 
43, 
42, 
44, 
49, 
49, 
46, 
44, 
141, 
49, 
49, 
48, 
41, 
50, 
116, 
44, 
64, 
51, 
155, 
44, 
165, 
49, 
47, 
44, 
59, 
47, 
45, 
47, 
46, 
49, 
45, 
39, 
38, 
39, 
36, 
38, 
37, 
43, 
40, 
39, 
48, 
47, 
45, 
46, 
46, 
49, 
47, 
49, 
54, 
44, 
43, 
55, 
49, 
127, 
43, 
51, 
84, 
47, 
50, 
38, 
39, 
37, 
37, 
34, 
39, 
37, 
37, 
38, 
53, 
48, 
43, 
46, 
42, 
44, 
47, 
44, 
46, 
47, 
44, 
44, 
49, 
45, 
44, 
47, 
46, 
47, 
85, 
47, 
50, 
46, 
44, 
43, 
51, 
49, 
51, 
55, 
52, 
47, 
48, 
51, 
46, 
45, 
50, 
49, 
47, 
51, 
47, 
49, 
47, 
46, 
48, 
43, 
45, 
47, 
37, 
35, 
35, 
52, 
38, 
36, 
38, 
37, 
40, 
46, 
48, 
46, 
170, 
46, 
159, 
47, 
43, 
42, 
49, 
43, 
43, 
51, 
46, 
46, 
46, 
44, 
45, 
45, 
54, 
44, 
45, 
44, 
44, 
47, 
44, 
49, 
42, 
51, 
45, 
46, 
43, 
50, 
57, 
52, 
52, 
45, 
44, 
51, 
50, 
43, 
45, 
45, 
47, 
47, 
45, 
43, 
49, 
43, 
43, 
45, 
45, 
46, 
47, 
44, 
51, 
45, 
45, 
46, 
44, 
47, 
60, 
45, 
47, 
92, 
51, 
46, 
45, 
43, 
44, 
45, 
49, 
46, 
46, 
48, 
47, 
44, 
46, 
41, 
96, 
50, 
49, 
46, 
49, 
51, 
46, 
46, 
50, 
48, 
45, 
47, 
49, 
42, 
55, 
45, 
45, 
45, 
45, 
44, 
45, 
45, 
48, 
43, 
39, 
35, 
39, 
37, 
37, 
40, 
38, 
39, 
139, 
44, 
170, 
44, 
160, 
46, 
48, 
43, 
51, 
47, 
48, 
46, 
54, 
45, 
44, 
48, 
44, 
47, 
45, 
47, 
45, 
50, 
48, 
47, 
43, 
47, 
51, 
45, 
44, 
45, 
44, 
43, 
49, 
45, 
45, 
45, 
46, 
47, 
52, 
44, 
45, 
59, 
54, 
49, 
44, 
51, 
47, 
47, 
54, 
51, 
46, 
58, 
50, 
48, 
62, 
43, 
50, 
43, 
49, 
45, 
52, 
49, 
45, 
45, 
46, 
46, 
48, 
51, 
45, 
45, 
46, 
42, 
46, 
46, 
44, 
45, 
49, 
47, 
45, 
45, 
48, 
43, 
53, 
44, 
47, 
45, 
48, 
46, 
62, 
47, 
47, 
50, 
45, 
47, 
44, 
46, 
44, 
45, 
67, 
58, 
46, 
49, 
39, 
35, 
39, 
38, 
39, 
38, 
38, 
138, 
34, 
171, 
47, 
161, 
42, 
44, 
49, 
44, 
45, 
45, 
46, 
47, 
45, 
48, 
44, 
46, 
57, 
44, 
49, 
58, 
46, 
44, 
47, 
44, 
41, 
46, 
41, 
45, 
48, 
44, 
51, 
46, 
43, 
45, 
45, 
44, 
41, 
47, 
50, 
46, 
47, 
46, 
45, 
42, 
47, 
57, 
45, 
49, 
43, 
45, 
43, 
46, 
48, 
121, 
45, 
45, 
46, 
47, 
44, 
46, 
59, 
45, 
43, 
42, 
48, 
44, 
45, 
45, 
43, 
44, 
43, 
48, 
46, 
45, 
44, 
100, 
96, 
66, 
48, 
45, 
44, 
49, 
45, 
50, 
46, 
48, 
49, 
44, 
54, 
46, 
43, 
46, 
45, 
48, 
44, 
47, 
48, 
48, 
49, 
43, 
46, 
45, 
48, 
42, 
38, 
40, 
63, 
40, 
36, 
38, 
158, 
38, 
173, 
47, 
48, 
46, 
47, 
44, 
47, 
46, 
46, 
44, 
44, 
45, 
51, 
48, 
47, 
45, 
47, 
42, 
46, 
49, 
44, 
47, 
47, 
47, 
45, 
47, 
46, 
45, 
43, 
41, 
53, 
45, 
48, 
47, 
58, 
45, 
50, 
47, 
66, 
45, 
51, 
51, 
43, 
49, 
43, 
47, 
44, 
50, 
45, 
46, 
52, 
49, 
44, 
52, 
47, 
53, 
48, 
46, 
49, 
45, 
40, 
44, 
51, 
44, 
48, 
47, 
46, 
47, 
48, 
50, 
56, 
47, 
45, 
46, 
45, 
47, 
47, 
46, 
48, 
44, 
49, 
46, 
46, 
89, 
46, 
44, 
47, 
47, 
49, 
49, 
46, 
42, 
49, 
58, 
51, 
48, 
50, 
45, 
101, 
45, 
170, 
49, 
47, 
43, 
49, 
50, 
49, 
47, 
56, 
44, 
46, 
48, 
49, 
50, 
46, 
42, 
43, 
46, 
51, 
49, 
48, 
48, 
51, 
46, 
50, 
46, 
49, 
50, 
46, 
47, 
51, 
44, 
48, 
47, 
50, 
59, 
48, 
52, 
49, 
56, 
43, 
42, 
42, 
37, 
43, 
38, 
48, 
53, 
52, 
44, 
54, 
50, 
53, 
53, 
52, 
48, 
127, 
46, 
49, 
46, 
47, 
48, 
49, 
45, 
51, 
51, 
60, 
45, 
44, 
45, 
44, 
46, 
49, 
43, 
45, 
46, 
61, 
45, 
47, 
44, 
47, 
55, 
49, 
48, 
36, 
38, 
39, 
39, 
36, 
45, 
45, 
45, 
43, 
42, 
44, 
49, 
47, 
49, 
41, 
36, 
40, 
52, 
40, 
39, 
45, 
56, 
46, 
46, 
45, 
47, 
46, 
46, 
46, 
62, 
39, 
38, 
38, 
36, 
46, 
46, 
46, 
49, 
47, 
55, 
46, 
46, 
46, 
48, 
44, 
49, 
92, 
49, 
46, 
48, 
46, 
49, 
103, 
44, 
46, 
46, 
50, 
51, 
52, 
52, 
37, 
37, 
65, 
53, 
47, 
47, 
45, 
47, 
47, 
50, 
49, 
45, 
48, 
39, 
39, 
37, 
37, 
39, 
47, 
45, 
46, 
46, 
51, 
62, 
47, 
136, 
46, 
45, 
170, 
46, 
49, 
44, 
45, 
48, 
48, 
45, 
48, 
62, 
50, 
45, 
48, 
49, 
49, 
45, 
51, 
47, 
49, 
42, 
51, 
45, 
45, 
70, 
54, 
53, 
52, 
44, 
52, 
46, 
45, 
52, 
49, 
53, 
46, 
48, 
52, 
51, 
44, 
47, 
53, 
42, 
47, 
49, 
48, 
55, 
47, 
51, 
50, 
47, 
50, 
44, 
76, 
45, 
99, 
45, 
179, 
40, 
37, 
37, 
36, 
35, 
48, 
45, 
50, 
65, 
52, 
43, 
52, 
47, 
52, 
43, 
40, 
41, 
47, 
37, 
37, 
43, 
49, 
45, 
51, 
46, 
48, 
46, 
42, 
51, 
50, 
45, 
48, 
48, 
47, 
81, 
47, 
45, 
48, 
55, 
50, 
51, 
49, 
45, 
47, 
60, 
55, 
46, 
45, 
44, 
47, 
49, 
51, 
208, 
98, 
134, 
62, 
48, 
55, 
47, 
51, 
89, 
100, 
47, 
49, 
48, 
51, 
51, 
48, 
51, 
50, 
47, 
51, 
46, 
39, 
37, 
43, 
40, 
36, 
47, 
50, 
52, 
47, 
48, 
50, 
47, 
50, 
45, 
38, 
38, 
42, 
35, 
42, 
47, 
52, 
54, 
60, 
52, 
50, 
43, 
47, 
58, 
49, 
62, 
50, 
44, 
43, 
46, 
46, 
42, 
78, 
47, 
57, 
190, 
45, 
178, 
43, 
35, 
44, 
46, 
39, 
36, 
44, 
45, 
49, 
103, 
45, 
42, 
47, 
41, 
43, 
45, 
38, 
40, 
39, 
35, 
39, 
47, 
61, 
43, 
46, 
55, 
56, 
41, 
47, 
46, 
41, 
42, 
38, 
37, 
39, 
49, 
46, 
57, 
49, 
45, 
45, 
52, 
45, 
47, 
45, 
36, 
37, 
35, 
35, 
38, 
41, 
45, 
45, 
44, 
67, 
126, 
47, 
50, 
45, 
44, 
47, 
55, 
40, 
45, 
48, 
48, 
104, 
47, 
42, 
41, 
43, 
38, 
36, 
37, 
44, 
44, 
45, 
47, 
48, 
45, 
44, 
43, 
41, 
44, 
43, 
42, 
43, 
46, 
45, 
41, 
44, 
39, 
45, 
44, 
46, 
70, 
47, 
47, 
47, 
46, 
47, 
57, 
55, 
46, 
51, 
46, 
45, 
43, 
44, 
42, 
56, 
42, 
42, 
45, 
47, 
55, 
44, 
44, 
46, 
45, 
44, 
45, 
43, 
51, 
43, 
44, 
44, 
45, 
45, 
47, 
43, 
45, 
42, 
46, 
49, 
42, 
43, 
46, 
45, 
45, 
44, 
41, 
56, 
45, 
44, 
45, 
45, 
47, 
45, 
47, 
45, 
46, 
49, 
53, 
46, 
48, 
48, 
46, 
48, 
57, 
48, 
38, 
38, 
38, 
41, 
40, 
45, 
55, 
132, 
158, 
47, 
48, 
44, 
43, 
49, 
52, 
49, 
61, 
42, 
44, 
41, 
81, 
53, 
46, 
41, 
45, 
45, 
48, 
44, 
43, 
46, 
44, 
45, 
49, 
43, 
47, 
66, 
63, 
81, 
80, 
49, 
49, 
46, 
45, 
56, 
46, 
51, 
44, 
56, 
66, 
57, 
45, 
51, 
43, 
47, 
45, 
50, 
45, 
44, 
40, 
46, 
46, 
49, 
47, 
45, 
89, 
159, 
48, 
47, 
45, 
49, 
49, 
58, 
42, 
44, 
46, 
43, 
49, 
63, 
45, 
51, 
43, 
47, 
57, 
50, 
56, 
46, 
46, 
43, 
43, 
45, 
44, 
49, 
51, 
48, 
45, 
44, 
72, 
46, 
45, 
42, 
46, 
48, 
46, 
46, 
46, 
46, 
42, 
47, 
45, 
44, 
47, 
45, 
46, 
53, 
52, 
44, 
38, 
47, 
51, 
45, 
48, 
77, 
105, 
48, 
43, 
45, 
46, 
48, 
47, 
53, 
45, 
48, 
47, 
51, 
51, 
47, 
65, 
50, 
44, 
47, 
45, 
46, 
44, 
47, 
42, 
46, 
38, 
45, 
47, 
39, 
49, 
44, 
46, 
48, 
46, 
48, 
76, 
54, 
45, 
52, 
46, 
50, 
43, 
46, 
44, 
47, 
46, 
44, 
46, 
51, 
49, 
49, 
62, 
45, 
53, 
39, 
42, 
38, 
35, 
179, 
43, 
45, 
49, 
49, 
49, 
47, 
53, 
121, 
44, 
35, 
39, 
38, 
36, 
40, 
47, 
52, 
45, 
49, 
44, 
50, 
43, 
45, 
46, 
49, 
44, 
45, 
45, 
43, 
44, 
52, 
43, 
44, 
42, 
42, 
48, 
44, 
43, 
54, 
42, 
44, 
43, 
42, 
51, 
44, 
43, 
45, 
45, 
43, 
45, 
45, 
49, 
44, 
46, 
48, 
46, 
104, 
59, 
292, 
44, 
47, 
56, 
57, 
47, 
42, 
45, 
62, 
48, 
40, 
39, 
37, 
42, 
36, 
61, 
43, 
42, 
49, 
53, 
43, 
51, 
47, 
43, 
46, 
47, 
45, 
47, 
45, 
45, 
50, 
45, 
44, 
45, 
42, 
53, 
49, 
47, 
42, 
50, 
45, 
45, 
45, 
44, 
48, 
43, 
45, 
46, 
43, 
48, 
46, 
45, 
42, 
49, 
35, 
127, 
74, 
127, 
42, 
44, 
46, 
44, 
44, 
41, 
45, 
77, 
45, 
42, 
38, 
39, 
35, 
39, 
38, 
47, 
44, 
58, 
45, 
45, 
50, 
54, 
44, 
48, 
44, 
44, 
46, 
48, 
44, 
50, 
47, 
45, 
46, 
44, 
45, 
45, 
50, 
43, 
42, 
38, 
35, 
40, 
39, 
51, 
46, 
44, 
47, 
42, 
47, 
44, 
45, 
42, 
48, 
43, 
45, 
119, 
48, 
46, 
48, 
44, 
48, 
43, 
48, 
45, 
49, 
64, 
46, 
44, 
36, 
47, 
42, 
46, 
53, 
45, 
42, 
43, 
46, 
44, 
77, 
44, 
77, 
47, 
51, 
49, 
48, 
51, 
43, 
46, 
44, 
49, 
43, 
47, 
48, 
45, 
45, 
43, 
44, 
92, 
41, 
40, 
37, 
35, 
49, 
46, 
50, 
44, 
49, 
73, 
50, 
44, 
50, 
47, 
42, 
119, 
39, 
36, 
38, 
50, 
50, 
90, 
44, 
45, 
49, 
48, 
48, 
44, 
44, 
48, 
48, 
49, 
45, 
46, 
50, 
53, 
44, 
45, 
41, 
49, 
41, 
49, 
42, 
38, 
39, 
39, 
54, 
37, 
44, 
50, 
43, 
53, 
47, 
46, 
45, 
52, 
44, 
44, 
45, 
44, 
42, 
45, 
50, 
83, 
44, 
42, 
48, 
48, 
51, 
43, 
45, 
133, 
101, 
35, 
37, 
35, 
38, 
51, 
46, 
45, 
45, 
46, 
42, 
54, 
48, 
44, 
42, 
45, 
41, 
44, 
46, 
44, 
46, 
45, 
47, 
40, 
45, 
40, 
44, 
47, 
44, 
43, 
48, 
45, 
48, 
54, 
43, 
46, 
47, 
42, 
43, 
47, 
45, 
48, 
42, 
46, 
37, 
36, 
36, 
46, 
41, 
56, 
45, 
44, 
45, 
63, 
47, 
120, 
82, 
50, 
35, 
171, 
38, 
44, 
35, 
44, 
45, 
44, 
41, 
43, 
46, 
47, 
46, 
41, 
45, 
47, 
52, 
65, 
46, 
43, 
44, 
45, 
40, 
48, 
44, 
48, 
46, 
52, 
44, 
37, 
38, 
41, 
40, 
43, 
45, 
48, 
53, 
56, 
43, 
71, 
54, 
45, 
56, 
47, 
44, 
52, 
47, 
44, 
46, 
45, 
41, 
40, 
43, 
45, 
42, 
158, 
73, 
126, 
41, 
45, 
42, 
43, 
47, 
44, 
46, 
43, 
45, 
48, 
45, 
42, 
42, 
43, 
43, 
38, 
35, 
36, 
33, 
48, 
41, 
49, 
46, 
45, 
41, 
46, 
47, 
49, 
49, 
52, 
35, 
36, 
36, 
37, 
44, 
49, 
46, 
42, 
43, 
50, 
45, 
42, 
44, 
44, 
36, 
36, 
35, 
37, 
38, 
51, 
46, 
48, 
46, 
43, 
46, 
75, 
186, 
43, 
45, 
44, 
70, 
40, 
46, 
41, 
42, 
43, 
46, 
151, 
48, 
45, 
48, 
48, 
46, 
43, 
46, 
44, 
48, 
45, 
45, 
47, 
54, 
43, 
47, 
72, 
48, 
42, 
49, 
49, 
45, 
45, 
47, 
47, 
46, 
51, 
51, 
45, 
45, 
47, 
47, 
44, 
49, 
50, 
45, 
49, 
44, 
42, 
45, 
46, 
45, 
51, 
47, 
47, 
112, 
48, 
172, 
48, 
44, 
45, 
111, 
49, 
44, 
45, 
43, 
46, 
44, 
42, 
45, 
45, 
44, 
44, 
45, 
39, 
36, 
37, 
38, 
38, 
43, 
51, 
49, 
47, 
47, 
46, 
44, 
44, 
52, 
45, 
34, 
37, 
39, 
39, 
39, 
44, 
48, 
47, 
45, 
44, 
47, 
90, 
52, 
53, 
41, 
56, 
36, 
33, 
37, 
44, 
52, 
49, 
44, 
131, 
158, 
43, 
44, 
47, 
48, 
49, 
44, 
49, 
51, 
59, 
45, 
49, 
46, 
55, 
47, 
47, 
50, 
49, 
45, 
43, 
44, 
50, 
43, 
46, 
45, 
63, 
46, 
46, 
47, 
46, 
45, 
42, 
44, 
54, 
49, 
58, 
47, 
50, 
44, 
47, 
44, 
52, 
50, 
49, 
46, 
48, 
46, 
47, 
36, 
38, 
34, 
37, 
37, 
49, 
50, 
48, 
127, 
107, 
56, 
180, 
47, 
49, 
44, 
126, 
42, 
44, 
57, 
159, 
47, 
48, 
42, 
50, 
46, 
46, 
41, 
47, 
46, 
44, 
43, 
43, 
41, 
44, 
44, 
44, 
54, 
50, 
54, 
45, 
51, 
46, 
50, 
43, 
59, 
48, 
49, 
45, 
50, 
54, 
43, 
44, 
43, 
47, 
44, 
44, 
46, 
49, 
38, 
37, 
37, 
37, 
38, 
45, 
128, 
53, 
152, 
43, 
46, 
51, 
42, 
48, 
43, 
54, 
41, 
46, 
41, 
46, 
44, 
44, 
51, 
45, 
41, 
41, 
45, 
51, 
43, 
38, 
42, 
45, 
43, 
45, 
43, 
64, 
46, 
46, 
51, 
44, 
47, 
49, 
46, 
49, 
45, 
48, 
45, 
46, 
42, 
45, 
46, 
52, 
46, 
43, 
40, 
45, 
44, 
51, 
57, 
64, 
44, 
44, 
47, 
48, 
53, 
47, 
52, 
169, 
42, 
54, 
47, 
52, 
44, 
35, 
35, 
34, 
37, 
38, 
46, 
43, 
44, 
46, 
45, 
45, 
45, 
43, 
46, 
58, 
40, 
40, 
35, 
36, 
44, 
44, 
48, 
42, 
52, 
45, 
47, 
43, 
42, 
45, 
42, 
56, 
35, 
42, 
40, 
45, 
55, 
42, 
45, 
52, 
46, 
43, 
46, 
48, 
50, 
49, 
63, 
44, 
45, 
46, 
63, 
153, 
46, 
43, 
47, 
45, 
46, 
63, 
41, 
44, 
40, 
47, 
46, 
42, 
104, 
50, 
46, 
41, 
43, 
59, 
44, 
46, 
46, 
42, 
43, 
43, 
48, 
48, 
49, 
41, 
51, 
47, 
48, 
47, 
50, 
45, 
48, 
47, 
38, 
38, 
38, 
37, 
40, 
46, 
45, 
45, 
44, 
45, 
44, 
43, 
47, 
43, 
48, 
46, 
59, 
46, 
47, 
137, 
86, 
65, 
82, 
53, 
48, 
42, 
64, 
45, 
68, 
38, 
41, 
47, 
37, 
36, 
42, 
42, 
43, 
50, 
43, 
48, 
44, 
46, 
41, 
41, 
43, 
42, 
50, 
44, 
45, 
44, 
50, 
44, 
47, 
50, 
47, 
47, 
46, 
46, 
38, 
40, 
46, 
48, 
37, 
49, 
46, 
43, 
45, 
46, 
49, 
48, 
43, 
56, 
44, 
49, 
43, 
49, 
53, 
54, 
174, 
64, 
45, 
46, 
44, 
44, 
54, 
49, 
53, 
38, 
37, 
36, 
40, 
35, 
46, 
41, 
52, 
45, 
44, 
42, 
45, 
47, 
45, 
42, 
45, 
44, 
46, 
43, 
43, 
44, 
47, 
43, 
45, 
44, 
50, 
51, 
49, 
45, 
48, 
37, 
34, 
39, 
37, 
48, 
51, 
48, 
47, 
47, 
45, 
47, 
47, 
62, 
52, 
34, 
38, 
60, 
105, 
35, 
53, 
51, 
77, 
46, 
49, 
43, 
47, 
46, 
47, 
46, 
34, 
36, 
39, 
34, 
51, 
48, 
43, 
56, 
44, 
57, 
221, 
43, 
45, 
45, 
44, 
46, 
52, 
44, 
43, 
45, 
45, 
45, 
45, 
53, 
46, 
46, 
56, 
49, 
47, 
37, 
38, 
42, 
35, 
43, 
46, 
52, 
54, 
44, 
55, 
46, 
49, 
44, 
44, 
41, 
37, 
59, 
34, 
38, 
48, 
45, 
44, 
47, 
48, 
43, 
44, 
45, 
41, 
55, 
45, 
43, 
46, 
42, 
45, 
75, 
43, 
49, 
44, 
45, 
42, 
46, 
44, 
41, 
47, 
43, 
45, 
45, 
45, 
45, 
41, 
41, 
41, 
49, 
48, 
50, 
45, 
45, 
48, 
40, 
39, 
37, 
36, 
39, 
45, 
46, 
48, 
46, 
48, 
52, 
42, 
42, 
96, 
135, 
63, 
130, 
42, 
48, 
44, 
46, 
42, 
39, 
49, 
164, 
43, 
57, 
45, 
44, 
56, 
45, 
41, 
41, 
43, 
43, 
46, 
45, 
45, 
43, 
44, 
46, 
46, 
42, 
45, 
44, 
42, 
42, 
42, 
44, 
43, 
55, 
43, 
43, 
47, 
46, 
43, 
44, 
42, 
47, 
44, 
43, 
46, 
43, 
49, 
48, 
44, 
51, 
49, 
45, 
54, 
46, 
45, 
114, 
81, 
40, 
43, 
53, 
46, 
44, 
45, 
49, 
47, 
50, 
60, 
44, 
44, 
40, 
48, 
44, 
52, 
48, 
43, 
46, 
44, 
51, 
46, 
45, 
55, 
44, 
46, 
46, 
44, 
40, 
47, 
47, 
45, 
47, 
47, 
54, 
44, 
42, 
50, 
43, 
48, 
46, 
47, 
43, 
46, 
45, 
47, 
47, 
45, 
44, 
47, 
44, 
64, 
46, 
46, 
107, 
134, 
68, 
44, 
47, 
47, 
53, 
48, 
48, 
47, 
46, 
44, 
48, 
44, 
46, 
49, 
46, 
43, 
44, 
47, 
44, 
46, 
41, 
45, 
45, 
51, 
43, 
55, 
45, 
49, 
47, 
54, 
46, 
49, 
49, 
44, 
45, 
47, 
48, 
45, 
49, 
48, 
43, 
55, 
42, 
54, 
40, 
39, 
34, 
40, 
38, 
47, 
45, 
50, 
48, 
46, 
49, 
45, 
119, 
161, 
55, 
162, 
35, 
37, 
196, 
47, 
44, 
50, 
46, 
45, 
45, 
47, 
44, 
44, 
42, 
38, 
38, 
45, 
35, 
42, 
43, 
42, 
41, 
45, 
44, 
46, 
52, 
45, 
46, 
46, 
35, 
34, 
37, 
39, 
43, 
45, 
48, 
49, 
67, 
48, 
49, 
47, 
45, 
42, 
39, 
40, 
38, 
39, 
36, 
44, 
44, 
47, 
46, 
45, 
44, 
125, 
164, 
57, 
47, 
48, 
44, 
50, 
117, 
44, 
42, 
43, 
42, 
44, 
42, 
43, 
42, 
44, 
43, 
42, 
44, 
43, 
47, 
42, 
45, 
42, 
44, 
52, 
45, 
46, 
44, 
46, 
44, 
44, 
42, 
46, 
44, 
44, 
44, 
43, 
99, 
51, 
47, 
54, 
100, 
47, 
51, 
42, 
40, 
39, 
45, 
44, 
37, 
44, 
49, 
54, 
49, 
59, 
45, 
90, 
46, 
49, 
48, 
43, 
43, 
45, 
47, 
45, 
51, 
46, 
49, 
44, 
41, 
46, 
43, 
44, 
41, 
36, 
35, 
38, 
38, 
40, 
54, 
47, 
51, 
62, 
53, 
46, 
46, 
44, 
45, 
45, 
43, 
48, 
46, 
46, 
43, 
46, 
47, 
47, 
43, 
43, 
50, 
45, 
62, 
63, 
62, 
44, 
44, 
41, 
41, 
45, 
45, 
44, 
44, 
81, 
46, 
180, 
52, 
48, 
43, 
37, 
36, 
36, 
36, 
35, 
46, 
46, 
43, 
43, 
45, 
44, 
46, 
45, 
46, 
37, 
34, 
36, 
41, 
36, 
46, 
49, 
41, 
48, 
48, 
43, 
52, 
44, 
45, 
50, 
45, 
38, 
37, 
35, 
39, 
49, 
44, 
45, 
59, 
48, 
52, 
50, 
42, 
44, 
46, 
44, 
47, 
45, 
49, 
48, 
47, 
46, 
45, 
136, 
81, 
45, 
44, 
42, 
47, 
36, 
37, 
36, 
35, 
39, 
60, 
48, 
60, 
52, 
41, 
65, 
43, 
50, 
42, 
43, 
138, 
46, 
50, 
50, 
43, 
46, 
45, 
47, 
42, 
48, 
45, 
50, 
42, 
47, 
35, 
40, 
35, 
37, 
38, 
45, 
48, 
45, 
40, 
46, 
47, 
48, 
48, 
45, 
49, 
54, 
45, 
45, 
46, 
43, 
42, 
42, 
66, 
44, 
166, 
50, 
47, 
45, 
45, 
46, 
67, 
37, 
35, 
37, 
75, 
45, 
45, 
47, 
48, 
41, 
45, 
42, 
46, 
83, 
55, 
43, 
49, 
48, 
41, 
48, 
86, 
44, 
49, 
46, 
46, 
68, 
42, 
78, 
76, 
47, 
38, 
42, 
36, 
50, 
49, 
44, 
47, 
45, 
44, 
50, 
46, 
45, 
47, 
46, 
45, 
51, 
44, 
46, 
48, 
113, 
45, 
171, 
49, 
42, 
43, 
129, 
119, 
39, 
113, 
39, 
35, 
34, 
44, 
258, 
48, 
44, 
50, 
43, 
58, 
49, 
42, 
43, 
44, 
47, 
44, 
43, 
45, 
53, 
47, 
43, 
44, 
48, 
51, 
48, 
48, 
44, 
77, 
42, 
50, 
50, 
45, 
51, 
45, 
55, 
50, 
48, 
44, 
45, 
43, 
42, 
67, 
39, 
34, 
33, 
41, 
44, 
124, 
96, 
43, 
41, 
49, 
49, 
42, 
44, 
45, 
43, 
47, 
45, 
45, 
43, 
41, 
48, 
44, 
43, 
43, 
42, 
43, 
42, 
46, 
64, 
41, 
37, 
37, 
36, 
48, 
42, 
48, 
42, 
45, 
43, 
47, 
45, 
50, 
42, 
37, 
36, 
41, 
39, 
36, 
46, 
65, 
42, 
42, 
66, 
45, 
45, 
41, 
44, 
48, 
34, 
35, 
54, 
36, 
67, 
148, 
55, 
43, 
43, 
52, 
45, 
51, 
43, 
49, 
39, 
46, 
42, 
50, 
43, 
42, 
43, 
47, 
45, 
43, 
45, 
44, 
47, 
98, 
45, 
44, 
46, 
46, 
51, 
47, 
44, 
50, 
50, 
54, 
42, 
45, 
47, 
45, 
48, 
44, 
45, 
76, 
48, 
45, 
47, 
46, 
52, 
44, 
44, 
44, 
46, 
46, 
55, 
43, 
47, 
39, 
49, 
85, 
112, 
48, 
42, 
42, 
45, 
44, 
50, 
47, 
50, 
49, 
44, 
47, 
53, 
55, 
43, 
51, 
50, 
50, 
47, 
44, 
44, 
45, 
45, 
42, 
47, 
42, 
46, 
52, 
47, 
46, 
71, 
119, 
44, 
42, 
47, 
46, 
45, 
45, 
43, 
36, 
38, 
38, 
49, 
36, 
43, 
50, 
41, 
47, 
45, 
45, 
45, 
43, 
45, 
47, 
35, 
33, 
37, 
39, 
34, 
51, 
52, 
54, 
47, 
49, 
43, 
45, 
57, 
47, 
43, 
45, 
44, 
82, 
47, 
45, 
50, 
44, 
42, 
42, 
47, 
46, 
48, 
44, 
45, 
42, 
45, 
46, 
42, 
43, 
44, 
47, 
42, 
46, 
46, 
117, 
45, 
52, 
42, 
49, 
45, 
41, 
41, 
43, 
44, 
44, 
45, 
43, 
42, 
43, 
47, 
44, 
45, 
44, 
44, 
40, 
99, 
94, 
54, 
45, 
44, 
43, 
44, 
46, 
43, 
49, 
42, 
45, 
45, 
43, 
41, 
41, 
47, 
97, 
43, 
50, 
47, 
52, 
46, 
42, 
50, 
48, 
45, 
42, 
52, 
44, 
107, 
49, 
44, 
48, 
44, 
45, 
43, 
45, 
46, 
46, 
45, 
44, 
44, 
44, 
49, 
44, 
51, 
43, 
45, 
45, 
44, 
45, 
56, 
43, 
45, 
45, 
37, 
131, 
62, 
36, 
38, 
51, 
49, 
43, 
51, 
44, 
46, 
43, 
43, 
43, 
47, 
45, 
45, 
44, 
45, 
49, 
53, 
45, 
52, 
49, 
45, 
44, 
48, 
49, 
42, 
42, 
53, 
43, 
41, 
42, 
47, 
49, 
52, 
45, 
47, 
44, 
52, 
47, 
46, 
42, 
43, 
40, 
46, 
45, 
50, 
46, 
41, 
45, 
49, 
40, 
44, 
43, 
45, 
50, 
43, 
82, 
91, 
152, 
72, 
43, 
51, 
56, 
46, 
50, 
44, 
44, 
46, 
40, 
45, 
51, 
46, 
42, 
44, 
46, 
47, 
43, 
42, 
45, 
45, 
46, 
52, 
44, 
45, 
51, 
48, 
46, 
49, 
45, 
50, 
47, 
54, 
51, 
51, 
43, 
49, 
45, 
48, 
44, 
44, 
47, 
50, 
46, 
49, 
43, 
49, 
46, 
46, 
42, 
55, 
42, 
45, 
128, 
109, 
43, 
48, 
48, 
45, 
46, 
47, 
42, 
44, 
45, 
49, 
43, 
83, 
44, 
43, 
45, 
46, 
43, 
62, 
47, 
45, 
44, 
45, 
44, 
40, 
64, 
43, 
43, 
47, 
42, 
41, 
58, 
44, 
45, 
44, 
42, 
45, 
44, 
47, 
46, 
45, 
47, 
43, 
42, 
36, 
37, 
40, 
50, 
37, 
46, 
43, 
45, 
49, 
42, 
45, 
45, 
87, 
47, 
47, 
161, 
41, 
68, 
42, 
42, 
44, 
43, 
46, 
43, 
53, 
48, 
48, 
47, 
46, 
37, 
36, 
39, 
34, 
39, 
40, 
50, 
39, 
43, 
43, 
45, 
46, 
45, 
42, 
43, 
43, 
44, 
47, 
42, 
44, 
45, 
50, 
41, 
43, 
44, 
43, 
49, 
41, 
43, 
50, 
40, 
39, 
39, 
35, 
43, 
44, 
47, 
46, 
44, 
52, 
45, 
53, 
58, 
166, 
41, 
52, 
48, 
51, 
50, 
44, 
48, 
44, 
48, 
49, 
46, 
44, 
46, 
43, 
46, 
43, 
47, 
44, 
51, 
46, 
43, 
45, 
56, 
43, 
44, 
47, 
47, 
43, 
45, 
36, 
36, 
51, 
38, 
36, 
47, 
48, 
51, 
43, 
48, 
43, 
41, 
48, 
44, 
42, 
37, 
37, 
35, 
35, 
37, 
46, 
42, 
44, 
47, 
50, 
60, 
145, 
45, 
47, 
36, 
49, 
41, 
38, 
37, 
64, 
46, 
48, 
45, 
50, 
48, 
43, 
46, 
42, 
42, 
45, 
45, 
42, 
45, 
42, 
46, 
45, 
43, 
43, 
47, 
50, 
44, 
45, 
43, 
40, 
104, 
34, 
49, 
35, 
49, 
45, 
43, 
45, 
51, 
47, 
43, 
45, 
52, 
43, 
46, 
44, 
51, 
43, 
44, 
44, 
44, 
48, 
45, 
49, 
67, 
45, 
46, 
48, 
57, 
38, 
36, 
34, 
38, 
46, 
43, 
50, 
47, 
48, 
47, 
46, 
43, 
43, 
50, 
42, 
66, 
40, 
37, 
33, 
48, 
46, 
44, 
47, 
48, 
42, 
59, 
42, 
49, 
44, 
44, 
46, 
44, 
45, 
52, 
55, 
43, 
43, 
46, 
44, 
42, 
43, 
41, 
45, 
38, 
40, 
36, 
37, 
35, 
51, 
48, 
47, 
45, 
80, 
90, 
44, 
50, 
45, 
43, 
47, 
43, 
47, 
45, 
44, 
48, 
52, 
46, 
42, 
47, 
41, 
52, 
43, 
46, 
40, 
56, 
45, 
52, 
43, 
45, 
50, 
45, 
44, 
49, 
45, 
45, 
43, 
42, 
43, 
38, 
38, 
47, 
38, 
48, 
43, 
44, 
42, 
42, 
48, 
43, 
46, 
41, 
44, 
43, 
45, 
42, 
44, 
52, 
43, 
40, 
48, 
41, 
138, 
47, 
45, 
56, 
42, 
43, 
50, 
33, 
39, 
33, 
41, 
44, 
41, 
48, 
43, 
47, 
45, 
50, 
42, 
46, 
44, 
49, 
45, 
46, 
49, 
43, 
45, 
45, 
48, 
43, 
42, 
49, 
44, 
43, 
46, 
46, 
45, 
44, 
44, 
45, 
45, 
49, 
49, 
42, 
43, 
50, 
44, 
45, 
46, 
49, 
47, 
42, 
46, 
44, 
72, 
47, 
61, 
70, 
48, 
46, 
48, 
57, 
45, 
43, 
46, 
44, 
43, 
44, 
45, 
42, 
45, 
46, 
45, 
45, 
44, 
44, 
45, 
44, 
43, 
43, 
98, 
49, 
46, 
47, 
44, 
55, 
44, 
47, 
48, 
43, 
44, 
43, 
47, 
71, 
36, 
38, 
39, 
37, 
45, 
47, 
44, 
45, 
44, 
42, 
46, 
44, 
50, 
143, 
52, 
42, 
42, 
42, 
66, 
133, 
46, 
171, 
43, 
45, 
45, 
45, 
45, 
42, 
45, 
42, 
52, 
66, 
42, 
47, 
50, 
45, 
44, 
45, 
44, 
47, 
46, 
49, 
49, 
39, 
40, 
36, 
40, 
37, 
48, 
48, 
65, 
43, 
41, 
57, 
52, 
43, 
46, 
44, 
84, 
46, 
49, 
47, 
46, 
48, 
49, 
43, 
49, 
47, 
43, 
39, 
45, 
48, 
43, 
54, 
37, 
38, 
110, 
75, 
130, 
44, 
41, 
44, 
43, 
47, 
42, 
42, 
50, 
37, 
34, 
44, 
34, 
50, 
47, 
43, 
47, 
45, 
41, 
43, 
47, 
42, 
44, 
41, 
35, 
37, 
43, 
40, 
44, 
43, 
52, 
48, 
43, 
41, 
43, 
50, 
61, 
44, 
45, 
48, 
59, 
49, 
44, 
48, 
46, 
44, 
51, 
51, 
55, 
44, 
48, 
48, 
36, 
36, 
41, 
37, 
129, 
59, 
47, 
50, 
41, 
44, 
53, 
43, 
45, 
43, 
42, 
37, 
34, 
35, 
38, 
32, 
41, 
42, 
48, 
44, 
50, 
46, 
44, 
43, 
42, 
41, 
42, 
42, 
47, 
44, 
58, 
49, 
43, 
61, 
45, 
42, 
43, 
42, 
50, 
45, 
45, 
47, 
46, 
44, 
44, 
46, 
46, 
52, 
44, 
44, 
47, 
42, 
50, 
44, 
48, 
40, 
46, 
67, 
114, 
51, 
52, 
50, 
42, 
49, 
44, 
49, 
46, 
48, 
43, 
42, 
45, 
47, 
44, 
45, 
43, 
42, 
42, 
46, 
42, 
44, 
45, 
63, 
43, 
44, 
42, 
52, 
53, 
46, 
41, 
49, 
47, 
49, 
48, 
50, 
49, 
57, 
215, 
46, 
47, 
49, 
47, 
58, 
43, 
44, 
43, 
44, 
47, 
57, 
43, 
45, 
44, 
49, 
49, 
42, 
121, 
111, 
50, 
43, 
46, 
48, 
43, 
51, 
47, 
50, 
45, 
45, 
47, 
47, 
47, 
46, 
63, 
44, 
49, 
45, 
45, 
50, 
50, 
41, 
45, 
45, 
45, 
53, 
44, 
43, 
48, 
43, 
43, 
47, 
47, 
47, 
49, 
47, 
45, 
47, 
62, 
54, 
46, 
44, 
47, 
44, 
94, 
46, 
46, 
45, 
58, 
47, 
49, 
44, 
45, 
42, 
50, 
102, 
68, 
46, 
46, 
45, 
41, 
40, 
45, 
47, 
49, 
45, 
61, 
45, 
46, 
37, 
40, 
36, 
35, 
39, 
51, 
50, 
52, 
44, 
43, 
47, 
45, 
46, 
49, 
51, 
37, 
35, 
41, 
39, 
40, 
44, 
44, 
43, 
48, 
45, 
48, 
46, 
46, 
45, 
44, 
47, 
44, 
46, 
54, 
46, 
44, 
44, 
50, 
51, 
54, 
42, 
45, 
45, 
67, 
46, 
84, 
45, 
44, 
43, 
43, 
45, 
44, 
47, 
45, 
47, 
44, 
46, 
48, 
43, 
47, 
45, 
47, 
44, 
43, 
47, 
45, 
45, 
45, 
46, 
48, 
47, 
42, 
45, 
51, 
43, 
46, 
44, 
53, 
44, 
42, 
43, 
42, 
46, 
46, 
44, 
49, 
44, 
45, 
46, 
45, 
48, 
74, 
43, 
44, 
48, 
50, 
43, 
43, 
134, 
46, 
48, 
132, 
44, 
44, 
45, 
45, 
48, 
47, 
44, 
51, 
45, 
44, 
47, 
48, 
51, 
44, 
45, 
39, 
40, 
38, 
40, 
57, 
44, 
44, 
44, 
45, 
46, 
46, 
47, 
42, 
73, 
35, 
40, 
41, 
37, 
37, 
45, 
48, 
45, 
43, 
44, 
46, 
47, 
47, 
45, 
46, 
44, 
46, 
45, 
48, 
41, 
44, 
42, 
44, 
46, 
46, 
44, 
46, 
64, 
99, 
40, 
36, 
35, 
35, 
38, 
43, 
45, 
48, 
41, 
47, 
41, 
43, 
50, 
49, 
52, 
43, 
42, 
44, 
43, 
62, 
41, 
44, 
46, 
41, 
45, 
47, 
45, 
45, 
41, 
40, 
43, 
46, 
44, 
44, 
42, 
45, 
46, 
45, 
93, 
74, 
43, 
46, 
54, 
47, 
42, 
38, 
42, 
40, 
35, 
42, 
49, 
49, 
52, 
50, 
52, 
94, 
45, 
42, 
170, 
46, 
45, 
45, 
48, 
44, 
46, 
44, 
43, 
49, 
45, 
46, 
47, 
46, 
48, 
45, 
43, 
47, 
47, 
45, 
53, 
44, 
50, 
45, 
46, 
44, 
43, 
51, 
41, 
54, 
37, 
38, 
46, 
167, 
44, 
48, 
43, 
51, 
45, 
44, 
45, 
49, 
45, 
45, 
46, 
46, 
45, 
47, 
70, 
47, 
43, 
44, 
53, 
47, 
46, 
56, 
125, 
45, 
44, 
45, 
46, 
43, 
47, 
44, 
48, 
41, 
45, 
41, 
48, 
43, 
50, 
42, 
45, 
41, 
40, 
35, 
35, 
35, 
45, 
51, 
45, 
44, 
60, 
44, 
52, 
51, 
43, 
42, 
54, 
46, 
46, 
46, 
48, 
63, 
45, 
43, 
45, 
47, 
52, 
46, 
46, 
59, 
43, 
37, 
38, 
36, 
34, 
46, 
44, 
46, 
58, 
46, 
93, 
51, 
44, 
57, 
45, 
47, 
47, 
44, 
43, 
44, 
52, 
48, 
49, 
44, 
45, 
45, 
38, 
39, 
37, 
35, 
102, 
46, 
47, 
46, 
48, 
45, 
45, 
46, 
57, 
46, 
43, 
58, 
45, 
46, 
41, 
43, 
52, 
59, 
44, 
53, 
47, 
42, 
45, 
42, 
46, 
85, 
45, 
50, 
40, 
46, 
41, 
44, 
47, 
59, 
42, 
48, 
49, 
45, 
122, 
43, 
44, 
44, 
45, 
49, 
49, 
49, 
47, 
44, 
47, 
45, 
46, 
66, 
47, 
47, 
48, 
42, 
46, 
38, 
45, 
45, 
50, 
47, 
42, 
49, 
45, 
48, 
44, 
47, 
44, 
49, 
46, 
44, 
39, 
37, 
36, 
59, 
39, 
51, 
44, 
48, 
46, 
49, 
43, 
46, 
46, 
44, 
45, 
47, 
44, 
44, 
48, 
44, 
46, 
47, 
52, 
69, 
44, 
49, 
44, 
44, 
45, 
45, 
44, 
49, 
44, 
43, 
44, 
44, 
45, 
56, 
44, 
43, 
52, 
45, 
44, 
45, 
48, 
43, 
45, 
45, 
45, 
70, 
46, 
50, 
64, 
44, 
44, 
46, 
46, 
44, 
40, 
49, 
42, 
53, 
45, 
41, 
45, 
49, 
43, 
38, 
56, 
47, 
119, 
46, 
48, 
34, 
36, 
41, 
382, 
50, 
44, 
97, 
111, 
47, 
47, 
56, 
46, 
47, 
48, 
50, 
44, 
47, 
43, 
42, 
43, 
42, 
43, 
42, 
45, 
51, 
44, 
43, 
43, 
53, 
49, 
53, 
45, 
46, 
44, 
83, 
104, 
62, 
45, 
45, 
51, 
44, 
45, 
43, 
35, 
34, 
39, 
40, 
34, 
54, 
51, 
57, 
44, 
49, 
42, 
40, 
45, 
42, 
44, 
45, 
48, 
40, 
42, 
45, 
53, 
170, 
45, 
49, 
44, 
43, 
51, 
54, 
45, 
44, 
48, 
43, 
47, 
53, 
44, 
40, 
44, 
45, 
46, 
43, 
45, 
48, 
46, 
45, 
67, 
44, 
44, 
44, 
46, 
44, 
41, 
45, 
44, 
79, 
47, 
42, 
44, 
66, 
38, 
38, 
59, 
43, 
41, 
36, 
47, 
51, 
46, 
44, 
45, 
44, 
42, 
45, 
49, 
44, 
49, 
47, 
48, 
47, 
44, 
42, 
47, 
42, 
46, 
48, 
36, 
37, 
34, 
39, 
41, 
38, 
41, 
37, 
36, 
36, 
129, 
45, 
100, 
48, 
160, 
50, 
44, 
46, 
46, 
45, 
80, 
46, 
46, 
45, 
46, 
44, 
50, 
44, 
34, 
33, 
45, 
39, 
40, 
39, 
36, 
39, 
39, 
44, 
47, 
45, 
49, 
45, 
48, 
44, 
44, 
42, 
44, 
47, 
48, 
47, 
47, 
45, 
49, 
45, 
42, 
46, 
42, 
45, 
45, 
43, 
43, 
46, 
48, 
46, 
47, 
43, 
45, 
44, 
42, 
47, 
45, 
46, 
45, 
42, 
47, 
46, 
45, 
49, 
49, 
49, 
48, 
46, 
67, 
46, 
48, 
46, 
47, 
49, 
44, 
50, 
49, 
43, 
45, 
48, 
62, 
46, 
49, 
54, 
47, 
46, 
46, 
42, 
41, 
49, 
45, 
42, 
43, 
42, 
43, 
44, 
46, 
43, 
44, 
47, 
45, 
47, 
46, 
44, 
45, 
80, 
45, 
43, 
168, 
43, 
166, 
42, 
45, 
48, 
42, 
45, 
48, 
46, 
42, 
47, 
53, 
44, 
45, 
43, 
46, 
45, 
47, 
56, 
46, 
45, 
42, 
47, 
43, 
48, 
54, 
44, 
46, 
45, 
47, 
46, 
41, 
44, 
44, 
44, 
44, 
42, 
44, 
46, 
45, 
43, 
41, 
45, 
46, 
43, 
44, 
46, 
47, 
46, 
43, 
47, 
43, 
45, 
44, 
46, 
45, 
51, 
47, 
43, 
48, 
55, 
42, 
44, 
55, 
45, 
45, 
60, 
44, 
41, 
48, 
42, 
44, 
44, 
47, 
45, 
42, 
50, 
43, 
43, 
48, 
47, 
45, 
45, 
43, 
44, 
44, 
42, 
42, 
41, 
42, 
43, 
43, 
44, 
46, 
44, 
47, 
42, 
46, 
44, 
44, 
43, 
47, 
43, 
48, 
45, 
52, 
43, 
49, 
81, 
47, 
167, 
45, 
40, 
49, 
55, 
44, 
45, 
48, 
41, 
44, 
46, 
48, 
47, 
48, 
45, 
44, 
46, 
46, 
49, 
45, 
43, 
44, 
50, 
41, 
58, 
47, 
47, 
43, 
50, 
49, 
45, 
45, 
45, 
82, 
44, 
44, 
46, 
43, 
43, 
48, 
47, 
45, 
46, 
45, 
44, 
44, 
40, 
35, 
37, 
38, 
50, 
56, 
38, 
35, 
36, 
44, 
45, 
41, 
45, 
46, 
44, 
45, 
45, 
45, 
45, 
45, 
47, 
49, 
49, 
44, 
43, 
46, 
40, 
44, 
48, 
122, 
36, 
35, 
43, 
35, 
37, 
40, 
35, 
76, 
45, 
50, 
47, 
46, 
43, 
42, 
44, 
42, 
45, 
46, 
49, 
46, 
41, 
46, 
49, 
45, 
49, 
38, 
41, 
37, 
34, 
73, 
41, 
34, 
36, 
160, 
42, 
164, 
45, 
47, 
53, 
50, 
42, 
46, 
47, 
45, 
51, 
44, 
43, 
48, 
42, 
46, 
48, 
44, 
44, 
42, 
48, 
43, 
48, 
43, 
45, 
48, 
45, 
59, 
49, 
44, 
52, 
47, 
45, 
45, 
46, 
45, 
46, 
51, 
43, 
46, 
47, 
42, 
69, 
54, 
46, 
43, 
44, 
47, 
43, 
43, 
58, 
43, 
47, 
44, 
42, 
47, 
45, 
49, 
48, 
45, 
56, 
44, 
51, 
47, 
44, 
53, 
44, 
46, 
48, 
44, 
47, 
46, 
48, 
46, 
48, 
36, 
36, 
36, 
39, 
49, 
36, 
36, 
42, 
44, 
52, 
46, 
84, 
43, 
50, 
49, 
44, 
46, 
45, 
44, 
45, 
50, 
46, 
44, 
45, 
54, 
47, 
52, 
45, 
44, 
89, 
50, 
154, 
45, 
167, 
46, 
159, 
46, 
47, 
47, 
47, 
42, 
47, 
41, 
44, 
44, 
42, 
52, 
48, 
48, 
41, 
45, 
45, 
43, 
44, 
46, 
43, 
44, 
43, 
49, 
45, 
48, 
47, 
46, 
46, 
44, 
46, 
45, 
43, 
70, 
45, 
50, 
45, 
48, 
42, 
43, 
43, 
62, 
44, 
44, 
43, 
44, 
45, 
45, 
47, 
46, 
47, 
44, 
44, 
41, 
45, 
47, 
52, 
47, 
45, 
48, 
81, 
47, 
48, 
45, 
49, 
45, 
47, 
42, 
42, 
47, 
48, 
41, 
45, 
71, 
48, 
40, 
47, 
127, 
62, 
57, 
134, 
134, 
75, 
87, 
82, 
167, 
142, 
130, 
169, 
146, 
142, 
162, 
161, 
171, 
176, 
175, 
553, 
173, 
173, 
161, 
153, 
116, 
190, 
189, 
188, 
61, 
77, 
71, 
70, 
73, 
68, 
65, 
82, 
61, 
66, 
83, 
66, 
65, 
57, 
76, 
86, 
54, 
83, 
46, 
115, 
126, 
68, 
144, 
174, 
144, 
70, 
76, 
99, 
80, 
122, 
60, 
62, 
80, 
60, 
62, 
78, 
68, 
68, 
79, 
46, 
66, 
70, 
105, 
78, 
105, 
172, 
112, 
108, 
180, 
161, 
99, 
92, 
77, 
79, 
131, 
111, 
103, 
128, 
49, 
94, 
74, 
49, 
85, 
99, 
65, 
65, 
46, 
100, 
108, 
72, 
159, 
85, 
137, 
124, 
102, 
95, 
131, 
281, 
160, 
830, 
116, 
556, 
175, 
159, 
51, 
56, 
366, 
669, 
2108, 
610, 
218, 
206, 
181, 
123, 
69, 
147, 
286, 
213, 
48, 
52, 
76, 
92, 
65, 
131, 
58, 
376, 
44, 
43, 
50, 
57, 
46, 
54, 
45, 
39, 
49, 
47, 
52, 
50, 
44, 
43, 
42, 
49, 
47, 
48, 
43, 
45, 
46, 
101, 
47, 
47, 
43, 
66, 
46, 
51, 
44, 
48, 
44, 
46, 
44, 
43, 
44, 
45, 
48, 
44, 
48, 
46, 
41, 
43, 
45, 
46, 
55, 
45, 
42, 
46, 
45, 
46, 
49, 
44, 
47, 
43, 
47, 
43, 
46, 
48, 
47, 
47, 
49, 
47, 
71, 
45, 
54, 
47, 
46, 
47, 
47, 
45, 
62, 
47, 
50, 
46, 
50, 
45, 
42, 
50, 
47, 
45, 
46, 
56, 
47, 
46, 
44, 
44, 
63, 
131, 
45, 
118, 
163, 
43, 
37, 
36, 
38, 
40, 
40, 
43, 
38, 
44, 
44, 
47, 
45, 
45, 
44, 
44, 
47, 
54, 
49, 
46, 
44, 
56, 
63, 
45, 
46, 
47, 
44, 
47, 
49, 
60, 
47, 
47, 
45, 
46, 
45, 
44, 
60, 
46, 
48, 
43, 
52, 
43, 
44, 
46, 
43, 
40, 
49, 
43, 
48, 
43, 
48, 
42, 
47, 
56, 
49, 
49, 
42, 
49, 
45, 
43, 
45, 
71, 
43, 
45, 
46, 
50, 
45, 
43, 
44, 
45, 
48, 
45, 
45, 
44, 
46, 
45, 
62, 
49, 
142, 
47, 
47, 
39, 
45, 
38, 
44, 
45, 
54, 
45, 
44, 
47, 
45, 
45, 
42, 
45, 
45, 
44, 
42, 
43, 
44, 
47, 
46, 
45, 
51, 
45, 
46, 
48, 
58, 
48, 
56, 
41, 
173, 
43, 
161, 
45, 
43, 
46, 
45, 
48, 
44, 
53, 
67, 
47, 
46, 
143, 
101, 
45, 
42, 
43, 
50, 
45, 
48, 
44, 
44, 
43, 
42, 
45, 
47, 
56, 
42, 
48, 
43, 
42, 
44, 
44, 
41, 
44, 
44, 
45, 
52, 
46, 
46, 
55, 
43, 
46, 
46, 
47, 
46, 
49, 
45, 
51, 
46, 
46, 
42, 
44, 
44, 
44, 
39, 
39, 
41, 
37, 
49, 
40, 
42, 
47, 
42, 
38, 
106, 
46, 
49, 
47, 
48, 
45, 
48, 
47, 
45, 
48, 
49, 
46, 
45, 
46, 
47, 
46, 
49, 
44, 
42, 
52, 
50, 
41, 
44, 
43, 
46, 
47, 
45, 
55, 
46, 
48, 
56, 
45, 
42, 
50, 
44, 
43, 
48, 
42, 
56, 
48, 
134, 
129, 
45, 
162, 
44, 
42, 
46, 
44, 
47, 
101, 
45, 
49, 
42, 
48, 
42, 
45, 
48, 
47, 
48, 
44, 
45, 
46, 
60, 
42, 
44, 
51, 
44, 
43, 
45, 
44, 
46, 
45, 
48, 
44, 
39, 
37, 
40, 
39, 
39, 
38, 
41, 
40, 
38, 
49, 
40, 
45, 
46, 
49, 
45, 
44, 
47, 
43, 
46, 
42, 
50, 
45, 
44, 
58, 
44, 
43, 
42, 
40, 
46, 
42, 
44, 
43, 
45, 
45, 
41, 
43, 
44, 
51, 
47, 
46, 
46, 
45, 
45, 
48, 
46, 
44, 
46, 
48, 
42, 
47, 
46, 
43, 
46, 
50, 
44, 
36, 
48, 
49, 
44, 
46, 
49, 
47, 
49, 
43, 
44, 
47, 
47, 
42, 
40, 
46, 
48, 
45, 
46, 
43, 
99, 
45, 
45, 
160, 
45, 
161, 
44, 
46, 
44, 
43, 
45, 
43, 
44, 
43, 
44, 
59, 
46, 
56, 
48, 
57, 
47, 
44, 
49, 
43, 
48, 
44, 
52, 
52, 
50, 
46, 
47, 
48, 
45, 
44, 
49, 
45, 
46, 
39, 
38, 
38, 
39, 
37, 
39, 
39, 
37, 
42, 
46, 
42, 
48, 
46, 
44, 
43, 
45, 
47, 
44, 
46, 
41, 
49, 
45, 
46, 
46, 
49, 
44, 
43, 
44, 
44, 
51, 
47, 
43, 
45, 
48, 
52, 
44, 
45, 
46, 
44, 
44, 
42, 
48, 
49, 
45, 
46, 
46, 
46, 
44, 
44, 
43, 
42, 
44, 
48, 
49, 
46, 
51, 
35, 
37, 
34, 
35, 
39, 
36, 
36, 
41, 
38, 
46, 
54, 
43, 
46, 
43, 
45, 
48, 
116, 
46, 
46, 
88, 
45, 
162, 
40, 
59, 
44, 
46, 
46, 
39, 
38, 
39, 
39, 
36, 
38, 
41, 
39, 
36, 
37, 
45, 
51, 
44, 
42, 
47, 
49, 
45, 
48, 
45, 
43, 
46, 
45, 
46, 
43, 
47, 
46, 
43, 
41, 
39, 
43, 
45, 
47, 
44, 
48, 
45, 
44, 
42, 
47, 
40, 
47, 
44, 
46, 
48, 
44, 
42, 
52, 
45, 
49, 
43, 
47, 
45, 
46, 
44, 
47, 
41, 
45, 
38, 
39, 
40, 
37, 
39, 
39, 
36, 
37, 
39, 
48, 
43, 
48, 
44, 
48, 
42, 
47, 
45, 
50, 
47, 
44, 
45, 
109, 
48, 
46, 
48, 
44, 
44, 
46, 
43, 
37, 
36, 
37, 
43, 
39, 
39, 
54, 
36, 
45, 
45, 
45, 
60, 
205, 
44, 
47, 
45, 
41, 
166, 
45, 
163, 
44, 
50, 
45, 
45, 
44, 
45, 
46, 
37, 
39, 
65, 
36, 
35, 
35, 
42, 
37, 
37, 
46, 
49, 
42, 
47, 
48, 
40, 
44, 
45, 
46, 
44, 
46, 
45, 
45, 
46, 
47, 
47, 
42, 
41, 
35, 
40, 
38, 
47, 
34, 
40, 
34, 
38, 
35, 
35, 
43, 
40, 
126, 
42, 
43, 
46, 
44, 
45, 
48, 
42, 
45, 
45, 
59, 
44, 
42, 
42, 
43, 
41, 
38, 
38, 
35, 
41, 
38, 
35, 
37, 
37, 
42, 
75, 
47, 
42, 
47, 
42, 
49, 
42, 
45, 
47, 
49, 
43, 
46, 
48, 
44, 
46, 
47, 
43, 
40, 
43, 
41, 
38, 
42, 
58, 
41, 
37, 
54, 
41, 
40, 
40, 
45, 
45, 
53, 
73, 
128, 
47, 
99, 
45, 
160, 
45, 
44, 
45, 
43, 
46, 
44, 
46, 
46, 
44, 
38, 
42, 
44, 
42, 
42, 
45, 
44, 
43, 
43, 
47, 
47, 
48, 
44, 
43, 
46, 
43, 
47, 
56, 
41, 
46, 
43, 
50, 
43, 
43, 
44, 
44, 
44, 
43, 
44, 
47, 
43, 
47, 
45, 
46, 
46, 
44, 
49, 
45, 
46, 
45, 
44, 
51, 
47, 
47, 
45, 
46, 
47, 
42, 
47, 
47, 
44, 
48, 
42, 
42, 
44, 
48, 
36, 
49, 
47, 
49, 
44, 
48, 
49, 
53, 
45, 
44, 
50, 
43, 
42, 
43, 
49, 
44, 
45, 
47, 
49, 
40, 
61, 
139, 
40, 
50, 
48, 
48, 
43, 
48, 
42, 
44, 
56, 
43, 
46, 
46, 
44, 
44, 
44, 
47, 
46, 
133, 
53, 
68, 
47, 
161, 
45, 
193, 
42, 
44, 
44, 
46, 
41, 
43, 
53, 
43, 
46, 
43, 
46, 
45, 
42, 
47, 
46, 
42, 
47, 
46, 
41, 
46, 
42, 
42, 
43, 
52, 
45, 
47, 
43, 
44, 
48, 
47, 
45, 
47, 
48, 
45, 
44, 
45, 
47, 
36, 
37, 
45, 
41, 
35, 
37, 
36, 
39, 
38, 
45, 
44, 
43, 
43, 
47, 
46, 
43, 
45, 
41, 
45, 
46, 
43, 
47, 
51, 
45, 
44, 
45, 
45, 
45, 
46, 
41, 
47, 
43, 
44, 
51, 
47, 
44, 
47, 
46, 
62, 
48, 
46, 
47, 
45, 
44, 
47, 
46, 
47, 
45, 
44, 
47, 
46, 
47, 
46, 
43, 
44, 
43, 
46, 
35, 
38, 
42, 
35, 
37, 
40, 
35, 
39, 
105, 
46, 
159, 
44, 
156, 
47, 
163, 
47, 
44, 
47, 
47, 
45, 
46, 
43, 
44, 
42, 
48, 
48, 
40, 
35, 
37, 
61, 
36, 
41, 
35, 
38, 
37, 
50, 
45, 
42, 
47, 
45, 
49, 
48, 
46, 
41, 
42, 
43, 
44, 
46, 
43, 
48, 
41, 
46, 
44, 
45, 
61, 
58, 
49, 
44, 
42, 
46, 
46, 
45, 
45, 
46, 
45, 
54, 
47, 
50, 
42, 
50, 
48, 
45, 
42, 
49, 
47, 
43, 
56, 
47, 
81, 
42, 
44, 
42, 
64, 
45, 
50, 
46, 
52, 
42, 
49, 
43, 
50, 
48, 
47, 
45, 
44, 
45, 
59, 
46, 
51, 
44, 
40, 
44, 
48, 
127, 
50, 
45, 
50, 
42, 
48, 
43, 
46, 
44, 
49, 
45, 
44, 
47, 
43, 
47, 
50, 
163, 
179, 
244, 
136, 
55, 
55, 
42, 
41, 
331, 
6999, 
1365, 
46, 
40, 
134, 
361, 
49, 
835, 
810, 
58, 
40, 
45, 
79, 
118, 
324, 
45, 
38, 
351, 
5124, 
5137, 
83, 
53, 
350, 
45, 
43, 
327, 
131, 
115, 
45, 
37, 
273, 
38, 
1608, 
788, 
86, 
63, 
57, 
51, 
51, 
323, 
45, 
58, 
109, 
1679, 
310, 
3470, 
468, 
75, 
178, 
766, 
46, 
348, 
49, 
47, 
44, 
67, 
307, 
763, 
47, 
125, 
55, 
43, 
312, 
44, 
52, 
337, 
313, 
770, 
44, 
43, 
106, 
43, 
45, 
276, 
45, 
107, 
52, 
44, 
43, 
44, 
107, 
52, 
46, 
43, 
113, 
101, 
50, 
56, 
109, 
46, 
55, 
107, 
43, 
47, 
734, 
46, 
43, 
45, 
317, 
770, 
120, 
52, 
47, 
48, 
44, 
117, 
59, 
46, 
44, 
44, 
42, 
46, 
46, 
48, 
43, 
44, 
46, 
45, 
44, 
44, 
42, 
63, 
44, 
46, 
54, 
43, 
44, 
47, 
107, 
44, 
43, 
48, 
47, 
45, 
47, 
46, 
45, 
44, 
44, 
58, 
134, 
43, 
104, 
47, 
159, 
45, 
43, 
44, 
46, 
47, 
41, 
58, 
58, 
45, 
43, 
45, 
49, 
50, 
45, 
40, 
44, 
46, 
46, 
40, 
47, 
45, 
46, 
47, 
45, 
43, 
43, 
48, 
44, 
47, 
43, 
49, 
54, 
45, 
45, 
43, 
47, 
47, 
40, 
41, 
41, 
44, 
49, 
42, 
47, 
40, 
40, 
39, 
34, 
37, 
38, 
43, 
39, 
35, 
33, 
34, 
41, 
45, 
47, 
43, 
47, 
42, 
45, 
47, 
43, 
42, 
44, 
43, 
44, 
45, 
46, 
44, 
44, 
44, 
48, 
47, 
48, 
50, 
74, 
52, 
46, 
45, 
45, 
44, 
48, 
45, 
43, 
47, 
46, 
44, 
47, 
44, 
56, 
42, 
45, 
47, 
44, 
47, 
44, 
45, 
46, 
45, 
45, 
47, 
43, 
52, 
129, 
56, 
172, 
50, 
165, 
212, 
42, 
47, 
58, 
45, 
45, 
44, 
49, 
44, 
44, 
46, 
48, 
52, 
44, 
43, 
42, 
43, 
42, 
44, 
47, 
44, 
56, 
56, 
48, 
44, 
43, 
43, 
46, 
44, 
44, 
42, 
44, 
47, 
43, 
42, 
56, 
43, 
46, 
45, 
45, 
44, 
54, 
47, 
42, 
45, 
46, 
40, 
57, 
44, 
45, 
45, 
47, 
46, 
49, 
75, 
43, 
47, 
43, 
47, 
46, 
44, 
43, 
50, 
43, 
44, 
46, 
42, 
47, 
62, 
43, 
47, 
48, 
45, 
48, 
67, 
41, 
48, 
43, 
46, 
47, 
49, 
46, 
51, 
45, 
44, 
44, 
49, 
53, 
48, 
41, 
50, 
48, 
42, 
46, 
48, 
43, 
49, 
49, 
42, 
42, 
49, 
42, 
46, 
130, 
51, 
73, 
50, 
162, 
178, 
46, 
43, 
49, 
50, 
47, 
46, 
40, 
70, 
86, 
46, 
46, 
45, 
43, 
46, 
48, 
53, 
43, 
45, 
56, 
45, 
61, 
36, 
41, 
40, 
37, 
38, 
37, 
37, 
40, 
39, 
47, 
50, 
45, 
138, 
48, 
45, 
42, 
45, 
45, 
44, 
44, 
44, 
45, 
44, 
46, 
43, 
45, 
43, 
48, 
38, 
46, 
39, 
40, 
35, 
36, 
38, 
40, 
38, 
46, 
48, 
63, 
55, 
44, 
44, 
49, 
49, 
48, 
45, 
43, 
45, 
45, 
42, 
42, 
46, 
46, 
45, 
48, 
39, 
38, 
37, 
35, 
39, 
35, 
39, 
36, 
40, 
49, 
47, 
45, 
46, 
47, 
43, 
42, 
43, 
45, 
44, 
46, 
48, 
41, 
50, 
44, 
45, 
46, 
126, 
34, 
38, 
167, 
35, 
38, 
164, 
37, 
37, 
37, 
46, 
42, 
50, 
52, 
43, 
41, 
47, 
54, 
46, 
45, 
44, 
44, 
42, 
47, 
46, 
45, 
45, 
45, 
46, 
48, 
43, 
42, 
49, 
40, 
46, 
48, 
44, 
45, 
51, 
43, 
44, 
63, 
46, 
46, 
45, 
44, 
45, 
46, 
51, 
46, 
43, 
49, 
44, 
60, 
46, 
48, 
44, 
44, 
62, 
48, 
43, 
55, 
45, 
45, 
52, 
45, 
43, 
46, 
45, 
43, 
46, 
43, 
45, 
46, 
46, 
45, 
44, 
45, 
44, 
46, 
46, 
42, 
47, 
46, 
48, 
44, 
51, 
