raspberrypi server, 
154, 
39, 
43, 
41, 
41, 
62, 
36, 
52, 
65, 
44, 
48, 
42, 
46, 
38, 
38, 
48, 
42, 
39, 
58, 
39, 
40, 
39, 
51, 
56, 
52, 
57, 
38, 
53, 
38, 
42, 
43, 
41, 
40, 
47, 
51, 
40, 
48, 
48, 
43, 
51, 
46, 
39, 
46, 
48, 
41, 
39, 
49, 
40, 
39, 
51, 
40, 
38, 
60, 
37, 
38, 
43, 
60, 
37, 
54, 
49, 
40, 
63, 
39, 
45, 
48, 
44, 
47, 
49, 
39, 
39, 
52, 
38, 
41, 
54, 
40, 
39, 
52, 
53, 
38, 
54, 
43, 
42, 
50, 
38, 
131, 
2585, 
70, 
39, 
58, 
40, 
36, 
47, 
46, 
38, 
41, 
46, 
39, 
79, 
41, 
42, 
69, 
46, 
37, 
46, 
36, 
42, 
50, 
38, 
84, 
43, 
41, 
51, 
39, 
39, 
50, 
50, 
42, 
45, 
50, 
38, 
39, 
48, 
38, 
45, 
52, 
39, 
46, 
62, 
40, 
39, 
52, 
39, 
39, 
52, 
39, 
38, 
49, 
44, 
41, 
46, 
46, 
43, 
55, 
38, 
41, 
64, 
43, 
40, 
42, 
39, 
36, 
40, 
68, 
45, 
53, 
43, 
43, 
45, 
40, 
39, 
50, 
48, 
39, 
42, 
45, 
40, 
40, 
50, 
44, 
38, 
48, 
39, 
41, 
46, 
78, 
39, 
65, 
44, 
54, 
37, 
37, 
45, 
45, 
39, 
40, 
60, 
39, 
39, 
65, 
138, 
128, 
72, 
267, 
274, 
182, 
64, 
38, 
45, 
43, 
39, 
46, 
44, 
46, 
49, 
36, 
41, 
47, 
42, 
47, 
45, 
43, 
58, 
47, 
47, 
41, 
46, 
40, 
39, 
43, 
47, 
45, 
55, 
62, 
52, 
48, 
43, 
51, 
53, 
41, 
69, 
39, 
76, 
38, 
41, 
48, 
43, 
40, 
50, 
41, 
36, 
38, 
45, 
38, 
40, 
65, 
38, 
40, 
44, 
43, 
41, 
49, 
38, 
41, 
37, 
46, 
53, 
40, 
44, 
41, 
40, 
55, 
45, 
38, 
40, 
41, 
39, 
75, 
39, 
40, 
48, 
39, 
39, 
50, 
43, 
40, 
46, 
45, 
40, 
39, 
55, 
40, 
42, 
49, 
39, 
39, 
41, 
41, 
41, 
49, 
46, 
46, 
47, 
47, 
43, 
46, 
45, 
38, 
40, 
149, 
134, 
83, 
155, 
283, 
54, 
40, 
52, 
40, 
41, 
53, 
64, 
45, 
43, 
38, 
36, 
47, 
59, 
45, 
49, 
38, 
48, 
74, 
52, 
44, 
40, 
42, 
53, 
60, 
43, 
42, 
38, 
53, 
46, 
38, 
39, 
45, 
46, 
42, 
49, 
39, 
39, 
50, 
40, 
46, 
44, 
50, 
37, 
46, 
45, 
40, 
40, 
53, 
40, 
44, 
90, 
47, 
45, 
40, 
37, 
44, 
41, 
39, 
48, 
48, 
38, 
58, 
40, 
38, 
51, 
42, 
39, 
55, 
41, 
40, 
37, 
47, 
63, 
76, 
37, 
39, 
48, 
37, 
45, 
48, 
41, 
38, 
55, 
54, 
39, 
53, 
38, 
37, 
45, 
44, 
37, 
38, 
54, 
40, 
61, 
57, 
38, 
43, 
40, 
40, 
58, 
53, 
38, 
163, 
43, 
90, 
151, 
257, 
191, 
55, 
38, 
36, 
46, 
62, 
37, 
47, 
42, 
39, 
45, 
40, 
38, 
50, 
47, 
39, 
76, 
44, 
38, 
73, 
39, 
51, 
42, 
41, 
47, 
40, 
39, 
52, 
42, 
39, 
54, 
45, 
39, 
38, 
48, 
39, 
40, 
43, 
64, 
39, 
50, 
42, 
38, 
46, 
40, 
39, 
44, 
50, 
37, 
67, 
42, 
40, 
47, 
40, 
40, 
45, 
54, 
41, 
46, 
48, 
63, 
47, 
41, 
41, 
46, 
45, 
41, 
49, 
40, 
40, 
49, 
65, 
51, 
49, 
40, 
39, 
46, 
40, 
44, 
61, 
40, 
40, 
49, 
40, 
42, 
51, 
40, 
41, 
45, 
44, 
41, 
42, 
51, 
47, 
56, 
41, 
39, 
48, 
43, 
40, 
44, 
49, 
50, 
45, 
142, 
43, 
171, 
112, 
134, 
165, 
75, 
43, 
54, 
41, 
64, 
43, 
42, 
45, 
52, 
38, 
39, 
47, 
43, 
42, 
52, 
56, 
52, 
47, 
39, 
45, 
47, 
45, 
46, 
48, 
39, 
48, 
52, 
41, 
47, 
46, 
41, 
46, 
48, 
41, 
55, 
42, 
39, 
36, 
48, 
45, 
56, 
50, 
41, 
47, 
49, 
44, 
45, 
46, 
42, 
66, 
39, 
39, 
53, 
44, 
39, 
47, 
62, 
85, 
39, 
46, 
46, 
40, 
43, 
54, 
44, 
40, 
50, 
39, 
72, 
42, 
41, 
44, 
94, 
52, 
44, 
77, 
40, 
49, 
48, 
38, 
37, 
44, 
47, 
40, 
40, 
57, 
46, 
45, 
68, 
39, 
46, 
37, 
41, 
42, 
51, 
40, 
44, 
49, 
38, 
51, 
45, 
42, 
45, 
99, 
138, 
48, 
152, 
153, 
164, 
44, 
47, 
40, 
39, 
55, 
37, 
42, 
50, 
38, 
38, 
45, 
43, 
39, 
53, 
44, 
41, 
45, 
45, 
42, 
47, 
52, 
51, 
51, 
39, 
40, 
53, 
40, 
36, 
38, 
48, 
55, 
48, 
46, 
41, 
51, 
46, 
41, 
45, 
43, 
38, 
41, 
45, 
41, 
38, 
48, 
43, 
44, 
42, 
60, 
40, 
51, 
41, 
41, 
56, 
47, 
38, 
47, 
49, 
39, 
66, 
40, 
41, 
58, 
37, 
42, 
43, 
41, 
39, 
44, 
41, 
40, 
52, 
46, 
48, 
48, 
42, 
41, 
53, 
45, 
41, 
78, 
45, 
45, 
45, 
47, 
46, 
46, 
41, 
77, 
43, 
42, 
45, 
39, 
38, 
49, 
39, 
44, 
44, 
45, 
64, 
53, 
43, 
44, 
97, 
2480, 
71, 
44, 
45, 
45, 
73, 
46, 
40, 
39, 
45, 
39, 
49, 
47, 
41, 
42, 
58, 
61, 
44, 
43, 
39, 
54, 
45, 
42, 
44, 
48, 
37, 
41, 
70, 
41, 
49, 
42, 
41, 
44, 
45, 
41, 
53, 
42, 
40, 
53, 
61, 
40, 
46, 
40, 
51, 
51, 
42, 
41, 
48, 
42, 
38, 
61, 
40, 
39, 
44, 
43, 
42, 
43, 
54, 
46, 
48, 
48, 
79, 
42, 
39, 
44, 
50, 
37, 
61, 
44, 
59, 
49, 
40, 
42, 
53, 
57, 
62, 
48, 
44, 
48, 
40, 
42, 
45, 
46, 
38, 
46, 
43, 
53, 
46, 
43, 
39, 
42, 
54, 
42, 
43, 
43, 
39, 
40, 
47, 
43, 
39, 
47, 
42, 
39, 
50, 
45, 
127, 
193, 
161, 
282, 
54, 
73, 
39, 
53, 
46, 
38, 
45, 
47, 
42, 
50, 
42, 
40, 
68, 
42, 
40, 
47, 
41, 
42, 
47, 
42, 
50, 
45, 
42, 
51, 
50, 
40, 
40, 
47, 
43, 
64, 
49, 
41, 
42, 
52, 
40, 
42, 
56, 
42, 
40, 
49, 
40, 
43, 
55, 
41, 
40, 
47, 
44, 
43, 
47, 
42, 
40, 
48, 
47, 
42, 
54, 
43, 
40, 
46, 
49, 
39, 
71, 
44, 
39, 
48, 
43, 
63, 
59, 
43, 
46, 
45, 
39, 
48, 
58, 
45, 
77, 
51, 
52, 
43, 
41, 
85, 
39, 
47, 
39, 
38, 
54, 
60, 
39, 
46, 
40, 
50, 
50, 
43, 
41, 
48, 
41, 
38, 
73, 
39, 
66, 
40, 
38, 
48, 
39, 
138, 
346, 
181, 
144, 
148, 
165, 
36, 
46, 
40, 
40, 
49, 
40, 
41, 
51, 
53, 
41, 
52, 
103, 
42, 
50, 
43, 
44, 
45, 
49, 
43, 
45, 
48, 
42, 
45, 
46, 
44, 
40, 
49, 
49, 
44, 
50, 
44, 
39, 
39, 
49, 
62, 
52, 
40, 
41, 
61, 
40, 
41, 
51, 
48, 
40, 
49, 
52, 
39, 
50, 
43, 
41, 
50, 
40, 
44, 
73, 
40, 
41, 
54, 
38, 
53, 
47, 
45, 
48, 
41, 
39, 
67, 
46, 
42, 
51, 
37, 
45, 
53, 
50, 
39, 
63, 
41, 
45, 
48, 
46, 
82, 
46, 
47, 
47, 
40, 
47, 
76, 
52, 
44, 
40, 
38, 
52, 
39, 
40, 
51, 
44, 
37, 
78, 
52, 
49, 
41, 
47, 
50, 
40, 
125, 
69, 
41, 
76, 
160, 
141, 
168, 
40, 
41, 
47, 
39, 
40, 
45, 
39, 
39, 
62, 
41, 
39, 
47, 
43, 
39, 
46, 
52, 
42, 
56, 
38, 
44, 
56, 
40, 
38, 
49, 
41, 
44, 
52, 
41, 
38, 
46, 
53, 
38, 
55, 
42, 
39, 
46, 
76, 
39, 
44, 
40, 
71, 
44, 
45, 
50, 
50, 
40, 
45, 
63, 
39, 
51, 
52, 
48, 
69, 
47, 
70, 
40, 
45, 
43, 
41, 
50, 
66, 
40, 
63, 
40, 
47, 
50, 
40, 
48, 
45, 
42, 
48, 
48, 
43, 
46, 
48, 
46, 
48, 
48, 
41, 
45, 
82, 
50, 
39, 
45, 
51, 
46, 
41, 
43, 
48, 
42, 
61, 
56, 
40, 
44, 
42, 
37, 
47, 
43, 
40, 
39, 
48, 
39, 
1116, 
90, 
166, 
138, 
173, 
40, 
51, 
40, 
48, 
55, 
41, 
43, 
83, 
40, 
47, 
49, 
46, 
46, 
41, 
45, 
49, 
46, 
39, 
47, 
45, 
46, 
45, 
49, 
45, 
47, 
42, 
50, 
44, 
50, 
42, 
43, 
46, 
42, 
39, 
48, 
40, 
40, 
53, 
42, 
37, 
50, 
39, 
38, 
49, 
49, 
44, 
50, 
42, 
45, 
49, 
46, 
45, 
54, 
44, 
42, 
53, 
45, 
63, 
46, 
38, 
38, 
64, 
39, 
48, 
52, 
40, 
46, 
53, 
38, 
46, 
55, 
61, 
49, 
46, 
37, 
51, 
43, 
44, 
65, 
40, 
70, 
41, 
38, 
51, 
44, 
45, 
45, 
40, 
41, 
46, 
40, 
42, 
47, 
46, 
41, 
50, 
49, 
37, 
38, 
51, 
41, 
42, 
213, 
61, 
166, 
144, 
295, 
1055, 
51, 
60, 
71, 
39, 
45, 
42, 
40, 
41, 
45, 
49, 
39, 
45, 
43, 
71, 
57, 
53, 
45, 
43, 
39, 
49, 
47, 
47, 
51, 
42, 
70, 
44, 
39, 
46, 
46, 
40, 
50, 
45, 
42, 
38, 
44, 
45, 
39, 
53, 
42, 
41, 
46, 
41, 
40, 
45, 
43, 
47, 
66, 
45, 
54, 
49, 
40, 
46, 
47, 
42, 
39, 
45, 
52, 
38, 
51, 
45, 
41, 
50, 
46, 
39, 
46, 
38, 
41, 
45, 
43, 
51, 
43, 
42, 
37, 
39, 
70, 
39, 
58, 
67, 
47, 
42, 
46, 
50, 
43, 
38, 
51, 
44, 
39, 
52, 
75, 
39, 
48, 
40, 
40, 
49, 
40, 
41, 
49, 
62, 
40, 
46, 
41, 
74, 
124, 
59, 
135, 
169, 
161, 
56, 
42, 
66, 
43, 
40, 
44, 
58, 
39, 
46, 
42, 
38, 
38, 
49, 
43, 
40, 
57, 
47, 
40, 
49, 
64, 
46, 
42, 
42, 
58, 
69, 
51, 
49, 
40, 
49, 
43, 
39, 
57, 
47, 
39, 
49, 
69, 
56, 
40, 
49, 
66, 
47, 
39, 
49, 
45, 
73, 
42, 
39, 
52, 
42, 
40, 
46, 
42, 
42, 
48, 
48, 
61, 
39, 
46, 
41, 
50, 
41, 
39, 
76, 
44, 
49, 
41, 
42, 
46, 
46, 
40, 
41, 
45, 
43, 
44, 
50, 
64, 
49, 
41, 
40, 
50, 
46, 
43, 
44, 
43, 
40, 
39, 
48, 
43, 
56, 
50, 
43, 
43, 
45, 
39, 
46, 
59, 
39, 
83, 
41, 
50, 
43, 
38, 
38, 
51, 
127, 
110, 
166, 
294, 
41, 
48, 
41, 
37, 
44, 
43, 
41, 
46, 
54, 
84, 
63, 
44, 
50, 
37, 
60, 
45, 
39, 
67, 
49, 
41, 
53, 
47, 
39, 
48, 
60, 
51, 
79, 
52, 
45, 
42, 
57, 
38, 
39, 
49, 
40, 
41, 
44, 
40, 
39, 
42, 
50, 
66, 
48, 
40, 
43, 
43, 
43, 
41, 
46, 
43, 
37, 
40, 
58, 
46, 
37, 
50, 
40, 
38, 
53, 
39, 
42, 
48, 
47, 
72, 
50, 
44, 
58, 
56, 
39, 
55, 
50, 
48, 
68, 
40, 
48, 
42, 
42, 
62, 
105, 
43, 
41, 
84, 
40, 
47, 
42, 
51, 
45, 
38, 
38, 
51, 
42, 
38, 
69, 
41, 
50, 
45, 
42, 
43, 
51, 
47, 
44, 
47, 
41, 
139, 
48, 
306, 
185, 
335, 
166, 
46, 
46, 
47, 
40, 
46, 
42, 
43, 
56, 
44, 
40, 
46, 
55, 
40, 
46, 
45, 
38, 
54, 
50, 
47, 
50, 
45, 
41, 
46, 
48, 
42, 
52, 
43, 
45, 
47, 
49, 
41, 
47, 
41, 
38, 
51, 
41, 
37, 
54, 
40, 
38, 
50, 
53, 
39, 
46, 
45, 
39, 
38, 
47, 
40, 
40, 
47, 
57, 
41, 
60, 
39, 
43, 
48, 
45, 
39, 
52, 
43, 
42, 
47, 
44, 
39, 
52, 
44, 
43, 
48, 
45, 
45, 
51, 
43, 
42, 
59, 
41, 
39, 
57, 
44, 
49, 
48, 
46, 
72, 
40, 
38, 
58, 
40, 
40, 
49, 
43, 
39, 
50, 
56, 
58, 
43, 
40, 
49, 
45, 
41, 
47, 
47, 
43, 
216, 
56, 
169, 
308, 
168, 
171, 
40, 
47, 
44, 
45, 
51, 
42, 
42, 
51, 
55, 
52, 
43, 
39, 
47, 
44, 
40, 
43, 
51, 
43, 
43, 
45, 
39, 
43, 
49, 
41, 
46, 
51, 
68, 
45, 
42, 
40, 
50, 
42, 
46, 
44, 
83, 
50, 
43, 
41, 
51, 
50, 
39, 
46, 
64, 
39, 
47, 
40, 
40, 
45, 
42, 
47, 
48, 
41, 
59, 
49, 
119, 
39, 
42, 
47, 
42, 
41, 
49, 
45, 
66, 
48, 
41, 
47, 
62, 
40, 
115, 
67, 
43, 
44, 
55, 
43, 
105, 
39, 
47, 
48, 
55, 
54, 
44, 
43, 
43, 
40, 
44, 
51, 
43, 
45, 
47, 
41, 
54, 
61, 
46, 
50, 
40, 
44, 
49, 
50, 
42, 
50, 
58, 
51, 
95, 
131, 
209, 
200, 
298, 
171, 
39, 
39, 
61, 
53, 
71, 
43, 
41, 
47, 
41, 
47, 
45, 
66, 
41, 
83, 
60, 
47, 
61, 
48, 
57, 
54, 
45, 
39, 
49, 
40, 
42, 
47, 
47, 
46, 
45, 
47, 
58, 
54, 
56, 
38, 
45, 
38, 
72, 
47, 
42, 
45, 
40, 
42, 
45, 
53, 
39, 
49, 
47, 
47, 
47, 
41, 
39, 
54, 
42, 
41, 
47, 
48, 
45, 
45, 
53, 
38, 
42, 
52, 
41, 
46, 
56, 
48, 
46, 
39, 
37, 
46, 
50, 
43, 
43, 
84, 
55, 
43, 
42, 
80, 
71, 
50, 
47, 
50, 
42, 
42, 
49, 
42, 
40, 
87, 
41, 
46, 
52, 
42, 
50, 
42, 
51, 
44, 
42, 
41, 
54, 
45, 
39, 
48, 
127, 
143, 
96, 
160, 
304, 
177, 
44, 
41, 
52, 
54, 
37, 
58, 
50, 
62, 
40, 
40, 
45, 
42, 
40, 
55, 
43, 
45, 
58, 
47, 
36, 
48, 
39, 
41, 
42, 
62, 
45, 
48, 
41, 
71, 
48, 
39, 
69, 
43, 
41, 
48, 
48, 
40, 
83, 
44, 
53, 
41, 
45, 
45, 
42, 
40, 
71, 
41, 
39, 
62, 
43, 
50, 
44, 
41, 
57, 
40, 
47, 
52, 
42, 
42, 
63, 
41, 
41, 
46, 
42, 
40, 
52, 
40, 
41, 
51, 
42, 
41, 
48, 
40, 
47, 
47, 
66, 
44, 
46, 
46, 
62, 
45, 
42, 
65, 
40, 
38, 
46, 
42, 
42, 
44, 
144, 
42, 
40, 
48, 
40, 
41, 
48, 
51, 
47, 
65, 
50, 
42, 
42, 
41, 
117, 
65, 
182, 
173, 
169, 
166, 
39, 
48, 
39, 
44, 
59, 
41, 
37, 
47, 
39, 
90, 
38, 
42, 
50, 
45, 
40, 
53, 
41, 
55, 
46, 
45, 
39, 
48, 
41, 
53, 
46, 
42, 
44, 
53, 
41, 
40, 
51, 
40, 
49, 
47, 
44, 
42, 
53, 
42, 
40, 
40, 
51, 
44, 
36, 
46, 
39, 
39, 
47, 
44, 
43, 
43, 
52, 
42, 
45, 
60, 
39, 
43, 
39, 
45, 
37, 
90, 
44, 
49, 
76, 
50, 
46, 
50, 
45, 
40, 
42, 
50, 
40, 
46, 
49, 
49, 
46, 
44, 
39, 
58, 
49, 
41, 
49, 
40, 
41, 
40, 
59, 
39, 
48, 
62, 
39, 
54, 
38, 
41, 
52, 
40, 
40, 
46, 
42, 
41, 
46, 
44, 
38, 
36, 
54, 
120, 
139, 
139, 
168, 
163, 
169, 
55, 
45, 
38, 
39, 
49, 
43, 
43, 
50, 
40, 
44, 
46, 
48, 
41, 
55, 
46, 
40, 
44, 
49, 
40, 
46, 
46, 
44, 
44, 
48, 
41, 
47, 
54, 
43, 
48, 
42, 
39, 
37, 
50, 
43, 
52, 
44, 
65, 
49, 
37, 
42, 
47, 
44, 
51, 
54, 
44, 
44, 
49, 
66, 
48, 
46, 
44, 
47, 
43, 
44, 
44, 
49, 
42, 
47, 
49, 
45, 
47, 
42, 
40, 
37, 
52, 
38, 
43, 
45, 
41, 
50, 
51, 
39, 
41, 
53, 
45, 
42, 
46, 
50, 
38, 
44, 
56, 
44, 
64, 
40, 
43, 
48, 
42, 
37, 
50, 
39, 
42, 
48, 
39, 
39, 
49, 
43, 
47, 
46, 
45, 
38, 
53, 
40, 
120, 
132, 
38, 
171, 
120, 
188, 
42, 
74, 
53, 
40, 
59, 
42, 
41, 
51, 
66, 
49, 
48, 
41, 
51, 
65, 
58, 
39, 
43, 
46, 
46, 
44, 
49, 
41, 
49, 
51, 
50, 
49, 
48, 
41, 
37, 
44, 
43, 
40, 
44, 
68, 
43, 
52, 
43, 
55, 
49, 
43, 
56, 
45, 
45, 
51, 
74, 
46, 
41, 
40, 
44, 
46, 
47, 
57, 
47, 
41, 
60, 
42, 
38, 
52, 
43, 
48, 
67, 
46, 
44, 
43, 
64, 
51, 
39, 
40, 
48, 
47, 
38, 
56, 
41, 
40, 
56, 
71, 
49, 
43, 
40, 
45, 
51, 
41, 
47, 
41, 
43, 
66, 
42, 
41, 
46, 
41, 
41, 
46, 
63, 
40, 
47, 
38, 
40, 
60, 
40, 
60, 
44, 
42, 
39, 
122, 
130, 
107, 
84, 
157, 
174, 
39, 
50, 
41, 
47, 
39, 
38, 
47, 
48, 
40, 
64, 
39, 
46, 
46, 
40, 
59, 
47, 
40, 
41, 
47, 
43, 
45, 
49, 
44, 
45, 
46, 
42, 
52, 
44, 
43, 
39, 
46, 
63, 
43, 
47, 
49, 
43, 
47, 
55, 
44, 
45, 
39, 
43, 
66, 
44, 
52, 
43, 
48, 
48, 
44, 
40, 
47, 
65, 
40, 
50, 
40, 
53, 
48, 
37, 
38, 
49, 
43, 
47, 
63, 
49, 
46, 
50, 
49, 
46, 
41, 
41, 
47, 
63, 
41, 
50, 
52, 
43, 
46, 
61, 
47, 
46, 
46, 
57, 
70, 
70, 
38, 
42, 
49, 
41, 
40, 
43, 
40, 
39, 
56, 
67, 
39, 
47, 
41, 
41, 
52, 
39, 
41, 
48, 
56, 
80, 
127, 
83, 
258, 
52, 
159, 
50, 
46, 
47, 
48, 
50, 
65, 
50, 
42, 
40, 
47, 
44, 
47, 
45, 
43, 
53, 
51, 
46, 
41, 
48, 
44, 
40, 
46, 
40, 
58, 
48, 
68, 
52, 
42, 
41, 
47, 
41, 
50, 
51, 
40, 
46, 
50, 
54, 
65, 
50, 
41, 
64, 
43, 
41, 
46, 
40, 
82, 
50, 
44, 
49, 
40, 
46, 
72, 
44, 
44, 
52, 
39, 
64, 
42, 
55, 
52, 
48, 
48, 
46, 
44, 
39, 
84, 
49, 
49, 
44, 
45, 
65, 
43, 
61, 
40, 
37, 
54, 
42, 
41, 
46, 
44, 
37, 
47, 
45, 
49, 
55, 
45, 
41, 
43, 
45, 
43, 
48, 
40, 
45, 
44, 
42, 
44, 
44, 
47, 
42, 
47, 
46, 
44, 
196, 
64, 
122, 
164, 
172, 
156, 
37, 
53, 
44, 
43, 
45, 
42, 
39, 
47, 
51, 
49, 
46, 
53, 
45, 
51, 
41, 
46, 
67, 
40, 
77, 
45, 
55, 
40, 
43, 
47, 
45, 
41, 
57, 
40, 
41, 
71, 
47, 
46, 
45, 
42, 
63, 
39, 
39, 
47, 
47, 
56, 
51, 
41, 
42, 
47, 
43, 
41, 
46, 
46, 
40, 
55, 
43, 
47, 
49, 
39, 
40, 
49, 
40, 
38, 
47, 
45, 
43, 
49, 
51, 
43, 
50, 
58, 
41, 
48, 
58, 
38, 
53, 
84, 
48, 
54, 
50, 
45, 
50, 
48, 
40, 
41, 
48, 
44, 
41, 
46, 
49, 
54, 
49, 
46, 
38, 
44, 
39, 
40, 
47, 
39, 
41, 
40, 
47, 
42, 
40, 
46, 
41, 
44, 
45, 
116, 
41, 
162, 
167, 
160, 
166, 
39, 
39, 
44, 
41, 
46, 
49, 
41, 
39, 
56, 
37, 
40, 
44, 
43, 
40, 
45, 
46, 
42, 
55, 
44, 
43, 
49, 
43, 
38, 
39, 
43, 
38, 
41, 
79, 
41, 
52, 
41, 
44, 
50, 
42, 
39, 
39, 
43, 
38, 
65, 
47, 
40, 
40, 
44, 
55, 
46, 
42, 
39, 
39, 
53, 
41, 
45, 
54, 
69, 
47, 
39, 
41, 
50, 
38, 
42, 
48, 
43, 
59, 
47, 
45, 
42, 
47, 
40, 
66, 
46, 
59, 
52, 
39, 
42, 
57, 
41, 
43, 
45, 
48, 
43, 
56, 
43, 
52, 
51, 
38, 
40, 
43, 
40, 
44, 
51, 
42, 
42, 
46, 
43, 
41, 
50, 
41, 
50, 
53, 
47, 
42, 
48, 
45, 
2438, 
167, 
169, 
48, 
39, 
43, 
46, 
45, 
47, 
38, 
43, 
46, 
42, 
41, 
47, 
60, 
40, 
48, 
43, 
39, 
48, 
45, 
42, 
46, 
40, 
39, 
52, 
53, 
42, 
68, 
40, 
62, 
43, 
43, 
75, 
47, 
45, 
65, 
36, 
58, 
52, 
40, 
52, 
42, 
51, 
59, 
41, 
48, 
68, 
52, 
39, 
40, 
40, 
50, 
46, 
44, 
43, 
44, 
40, 
76, 
49, 
48, 
46, 
42, 
47, 
44, 
40, 
47, 
40, 
38, 
60, 
42, 
47, 
51, 
43, 
41, 
47, 
45, 
43, 
49, 
41, 
51, 
66, 
41, 
42, 
46, 
55, 
48, 
45, 
45, 
88, 
41, 
49, 
44, 
41, 
46, 
52, 
40, 
45, 
41, 
39, 
67, 
42, 
42, 
44, 
139, 
143, 
78, 
114, 
146, 
171, 
64, 
39, 
73, 
42, 
48, 
44, 
45, 
48, 
42, 
47, 
46, 
44, 
39, 
45, 
49, 
41, 
39, 
43, 
46, 
43, 
49, 
42, 
51, 
43, 
41, 
44, 
47, 
41, 
40, 
45, 
40, 
43, 
56, 
61, 
72, 
47, 
41, 
49, 
48, 
46, 
49, 
42, 
41, 
51, 
45, 
44, 
48, 
38, 
41, 
50, 
42, 
40, 
53, 
66, 
56, 
60, 
43, 
69, 
42, 
46, 
42, 
41, 
44, 
50, 
42, 
58, 
52, 
42, 
47, 
42, 
45, 
48, 
43, 
96, 
43, 
52, 
50, 
81, 
40, 
48, 
48, 
51, 
74, 
48, 
44, 
47, 
62, 
41, 
55, 
43, 
61, 
69, 
38, 
50, 
53, 
55, 
42, 
42, 
48, 
45, 
39, 
48, 
84, 
131, 
66, 
243, 
126, 
157, 
41, 
46, 
48, 
39, 
81, 
40, 
37, 
49, 
42, 
40, 
46, 
44, 
41, 
61, 
42, 
47, 
53, 
41, 
47, 
50, 
44, 
39, 
46, 
45, 
41, 
58, 
43, 
43, 
46, 
45, 
39, 
49, 
55, 
40, 
50, 
62, 
61, 
43, 
40, 
47, 
48, 
46, 
43, 
47, 
43, 
50, 
75, 
46, 
44, 
42, 
50, 
39, 
40, 
53, 
41, 
39, 
42, 
51, 
38, 
47, 
46, 
47, 
40, 
58, 
43, 
40, 
46, 
41, 
49, 
56, 
43, 
61, 
42, 
46, 
45, 
47, 
40, 
59, 
40, 
46, 
54, 
38, 
43, 
50, 
41, 
42, 
47, 
39, 
57, 
54, 
40, 
77, 
44, 
45, 
54, 
40, 
41, 
47, 
43, 
39, 
50, 
44, 
46, 
46, 
120, 
173, 
155, 
152, 
172, 
49, 
41, 
46, 
39, 
44, 
48, 
52, 
43, 
57, 
67, 
49, 
47, 
38, 
52, 
39, 
41, 
48, 
58, 
46, 
50, 
53, 
43, 
44, 
43, 
43, 
54, 
49, 
55, 
45, 
44, 
59, 
41, 
44, 
43, 
42, 
39, 
46, 
46, 
38, 
41, 
58, 
39, 
44, 
45, 
43, 
58, 
44, 
44, 
55, 
41, 
39, 
72, 
39, 
44, 
50, 
57, 
41, 
51, 
40, 
49, 
45, 
39, 
70, 
43, 
40, 
40, 
40, 
39, 
61, 
45, 
43, 
50, 
45, 
41, 
50, 
60, 
43, 
47, 
43, 
75, 
39, 
42, 
97, 
39, 
49, 
43, 
39, 
44, 
49, 
41, 
55, 
45, 
41, 
86, 
42, 
47, 
58, 
44, 
48, 
40, 
38, 
54, 
62, 
130, 
140, 
120, 
159, 
143, 
178, 
45, 
77, 
43, 
49, 
42, 
50, 
45, 
45, 
38, 
54, 
43, 
45, 
61, 
41, 
42, 
44, 
43, 
40, 
44, 
41, 
39, 
42, 
47, 
67, 
59, 
40, 
40, 
46, 
45, 
46, 
47, 
45, 
41, 
46, 
62, 
40, 
46, 
42, 
41, 
46, 
40, 
39, 
50, 
41, 
38, 
41, 
62, 
39, 
46, 
44, 
38, 
45, 
50, 
40, 
41, 
70, 
48, 
54, 
44, 
37, 
46, 
41, 
38, 
44, 
43, 
37, 
40, 
54, 
38, 
44, 
47, 
42, 
43, 
62, 
40, 
42, 
46, 
48, 
43, 
47, 
41, 
40, 
61, 
40, 
39, 
46, 
63, 
73, 
38, 
42, 
49, 
42, 
41, 
46, 
43, 
39, 
69, 
41, 
66, 
44, 
40, 
48, 
102, 
135, 
171, 
133, 
172, 
173, 
51, 
48, 
62, 
46, 
40, 
49, 
39, 
44, 
52, 
42, 
40, 
50, 
45, 
47, 
48, 
51, 
51, 
43, 
70, 
47, 
57, 
48, 
39, 
41, 
41, 
48, 
40, 
42, 
60, 
60, 
46, 
42, 
44, 
47, 
43, 
45, 
48, 
42, 
40, 
48, 
57, 
40, 
44, 
46, 
40, 
52, 
47, 
40, 
45, 
54, 
43, 
91, 
49, 
47, 
39, 
41, 
46, 
40, 
39, 
61, 
66, 
60, 
42, 
45, 
55, 
43, 
49, 
47, 
41, 
39, 
53, 
44, 
71, 
45, 
42, 
45, 
41, 
75, 
44, 
38, 
77, 
41, 
45, 
51, 
38, 
39, 
49, 
39, 
42, 
64, 
41, 
43, 
48, 
62, 
59, 
41, 
39, 
51, 
43, 
41, 
79, 
40, 
48, 
186, 
77, 
90, 
155, 
150, 
163, 
42, 
71, 
38, 
41, 
44, 
42, 
44, 
50, 
45, 
42, 
50, 
45, 
45, 
52, 
42, 
47, 
43, 
48, 
39, 
48, 
40, 
41, 
48, 
46, 
45, 
62, 
43, 
38, 
46, 
48, 
44, 
49, 
42, 
45, 
51, 
41, 
39, 
50, 
48, 
41, 
49, 
39, 
38, 
53, 
56, 
43, 
47, 
41, 
41, 
52, 
62, 
42, 
46, 
40, 
74, 
50, 
43, 
53, 
41, 
40, 
63, 
43, 
41, 
47, 
39, 
41, 
51, 
46, 
41, 
46, 
43, 
41, 
52, 
41, 
41, 
53, 
41, 
42, 
47, 
44, 
43, 
50, 
44, 
41, 
58, 
47, 
46, 
47, 
44, 
43, 
61, 
37, 
38, 
52, 
43, 
50, 
67, 
51, 
49, 
44, 
40, 
43, 
85, 
172, 
163, 
136, 
161, 
167, 
41, 
40, 
41, 
46, 
38, 
41, 
47, 
56, 
40, 
48, 
40, 
41, 
48, 
43, 
43, 
50, 
43, 
43, 
66, 
52, 
48, 
48, 
42, 
49, 
46, 
40, 
51, 
46, 
43, 
78, 
40, 
42, 
53, 
40, 
44, 
51, 
39, 
43, 
90, 
42, 
67, 
41, 
45, 
43, 
42, 
43, 
49, 
40, 
52, 
42, 
42, 
52, 
44, 
41, 
49, 
42, 
44, 
53, 
44, 
45, 
57, 
41, 
41, 
74, 
42, 
55, 
41, 
40, 
40, 
51, 
40, 
43, 
49, 
40, 
45, 
48, 
40, 
40, 
46, 
39, 
41, 
48, 
59, 
38, 
49, 
44, 
42, 
50, 
58, 
46, 
46, 
73, 
47, 
41, 
40, 
64, 
39, 
44, 
54, 
40, 
45, 
50, 
45, 
192, 
63, 
61, 
166, 
302, 
182, 
41, 
41, 
46, 
42, 
41, 
49, 
41, 
39, 
48, 
42, 
71, 
56, 
73, 
45, 
43, 
51, 
44, 
43, 
47, 
47, 
42, 
41, 
47, 
38, 
68, 
45, 
39, 
49, 
40, 
42, 
67, 
42, 
64, 
47, 
40, 
51, 
53, 
42, 
48, 
39, 
56, 
50, 
40, 
52, 
55, 
46, 
41, 
48, 
39, 
42, 
48, 
43, 
47, 
49, 
42, 
44, 
47, 
45, 
51, 
49, 
38, 
77, 
48, 
41, 
48, 
43, 
41, 
47, 
44, 
40, 
50, 
45, 
73, 
44, 
41, 
49, 
47, 
40, 
59, 
43, 
46, 
48, 
44, 
41, 
58, 
43, 
39, 
48, 
49, 
41, 
49, 
42, 
40, 
51, 
49, 
41, 
45, 
45, 
41, 
48, 
39, 
41, 
120, 
158, 
209, 
168, 
171, 
164, 
40, 
47, 
39, 
67, 
39, 
39, 
41, 
47, 
49, 
40, 
50, 
50, 
46, 
49, 
40, 
39, 
51, 
46, 
50, 
47, 
54, 
57, 
42, 
43, 
62, 
40, 
51, 
62, 
43, 
49, 
38, 
40, 
48, 
47, 
76, 
46, 
42, 
53, 
41, 
39, 
49, 
46, 
42, 
55, 
46, 
38, 
52, 
41, 
37, 
40, 
45, 
40, 
39, 
53, 
47, 
39, 
54, 
40, 
41, 
47, 
41, 
38, 
46, 
48, 
39, 
50, 
47, 
40, 
67, 
39, 
39, 
46, 
41, 
49, 
49, 
47, 
40, 
48, 
44, 
39, 
46, 
47, 
43, 
46, 
50, 
43, 
45, 
46, 
39, 
55, 
43, 
42, 
45, 
59, 
40, 
46, 
40, 
44, 
72, 
42, 
44, 
44, 
43, 
370, 
176, 
136, 
179, 
164, 
47, 
40, 
48, 
49, 
40, 
74, 
46, 
54, 
46, 
65, 
54, 
58, 
45, 
38, 
42, 
50, 
57, 
41, 
53, 
43, 
42, 
48, 
40, 
39, 
51, 
68, 
87, 
40, 
47, 
47, 
40, 
49, 
50, 
40, 
46, 
47, 
49, 
47, 
45, 
42, 
45, 
46, 
40, 
42, 
45, 
40, 
46, 
50, 
47, 
41, 
50, 
41, 
58, 
48, 
41, 
48, 
71, 
44, 
43, 
42, 
38, 
53, 
42, 
43, 
48, 
49, 
51, 
70, 
66, 
55, 
54, 
47, 
41, 
40, 
48, 
42, 
79, 
47, 
40, 
48, 
61, 
53, 
52, 
50, 
52, 
73, 
54, 
46, 
52, 
80, 
41, 
54, 
42, 
68, 
73, 
51, 
41, 
43, 
60, 
52, 
42, 
47, 
46, 
128, 
174, 
46, 
130, 
150, 
40, 
37, 
49, 
51, 
43, 
45, 
43, 
43, 
69, 
55, 
59, 
53, 
49, 
47, 
41, 
39, 
53, 
74, 
78, 
95, 
97, 
45, 
40, 
48, 
42, 
43, 
46, 
54, 
38, 
64, 
111, 
43, 
39, 
46, 
43, 
42, 
62, 
43, 
42, 
49, 
40, 
40, 
47, 
43, 
40, 
50, 
43, 
39, 
61, 
40, 
42, 
48, 
44, 
46, 
50, 
44, 
41, 
48, 
54, 
88, 
41, 
49, 
64, 
37, 
46, 
46, 
40, 
62, 
41, 
54, 
54, 
40, 
65, 
43, 
37, 
51, 
41, 
40, 
52, 
47, 
38, 
50, 
53, 
46, 
47, 
47, 
39, 
80, 
40, 
52, 
52, 
67, 
43, 
42, 
51, 
43, 
42, 
48, 
60, 
43, 
51, 
48, 
44, 
67, 
39, 
222, 
167, 
161, 
164, 
46, 
39, 
57, 
42, 
42, 
53, 
42, 
39, 
78, 
40, 
46, 
41, 
42, 
49, 
45, 
38, 
38, 
59, 
39, 
73, 
42, 
47, 
70, 
43, 
51, 
42, 
42, 
48, 
42, 
40, 
57, 
44, 
41, 
53, 
44, 
43, 
64, 
39, 
39, 
74, 
40, 
47, 
45, 
38, 
39, 
46, 
42, 
52, 
48, 
44, 
73, 
48, 
46, 
46, 
45, 
43, 
48, 
43, 
48, 
58, 
42, 
41, 
45, 
38, 
40, 
46, 
43, 
42, 
48, 
40, 
42, 
49, 
60, 
38, 
48, 
43, 
42, 
59, 
38, 
45, 
50, 
41, 
41, 
49, 
41, 
37, 
53, 
52, 
40, 
52, 
43, 
39, 
48, 
46, 
38, 
51, 
40, 
41, 
74, 
44, 
39, 
52, 
40, 
128, 
166, 
244, 
188, 
81, 
46, 
45, 
41, 
51, 
46, 
64, 
44, 
40, 
53, 
50, 
43, 
55, 
45, 
45, 
74, 
39, 
54, 
46, 
42, 
49, 
52, 
39, 
47, 
42, 
40, 
77, 
57, 
46, 
46, 
39, 
47, 
39, 
40, 
38, 
52, 
52, 
52, 
56, 
40, 
48, 
44, 
40, 
63, 
40, 
57, 
79, 
52, 
46, 
40, 
50, 
40, 
37, 
40, 
52, 
39, 
44, 
74, 
44, 
52, 
46, 
42, 
54, 
46, 
41, 
59, 
85, 
45, 
41, 
42, 
46, 
42, 
41, 
49, 
40, 
40, 
57, 
61, 
57, 
42, 
71, 
46, 
41, 
49, 
47, 
39, 
40, 
58, 
41, 
52, 
61, 
38, 
51, 
41, 
41, 
49, 
48, 
68, 
43, 
43, 
50, 
44, 
39, 
164, 
176, 
164, 
51, 
141, 
147, 
139, 
41, 
49, 
42, 
54, 
101, 
48, 
41, 
48, 
51, 
44, 
44, 
50, 
49, 
40, 
58, 
43, 
66, 
48, 
41, 
52, 
39, 
37, 
51, 
49, 
65, 
51, 
42, 
40, 
52, 
38, 
60, 
45, 
45, 
50, 
41, 
39, 
59, 
62, 
41, 
48, 
40, 
74, 
40, 
46, 
74, 
38, 
50, 
50, 
40, 
50, 
43, 
41, 
56, 
45, 
42, 
61, 
40, 
41, 
52, 
41, 
41, 
48, 
41, 
39, 
60, 
45, 
40, 
57, 
46, 
41, 
56, 
43, 
40, 
58, 
42, 
55, 
63, 
40, 
48, 
46, 
41, 
55, 
42, 
39, 
48, 
41, 
54, 
48, 
43, 
39, 
70, 
43, 
55, 
46, 
42, 
48, 
61, 
64, 
42, 
40, 
49, 
47, 
188, 
77, 
177, 
140, 
48, 
226, 
44, 
41, 
57, 
41, 
45, 
52, 
39, 
45, 
50, 
51, 
42, 
53, 
50, 
49, 
60, 
42, 
49, 
59, 
39, 
46, 
44, 
40, 
49, 
43, 
41, 
51, 
42, 
44, 
68, 
51, 
52, 
49, 
66, 
54, 
42, 
50, 
43, 
73, 
50, 
38, 
57, 
39, 
48, 
57, 
43, 
40, 
50, 
44, 
46, 
47, 
48, 
41, 
53, 
41, 
41, 
55, 
49, 
39, 
77, 
39, 
49, 
43, 
66, 
55, 
45, 
71, 
48, 
66, 
39, 
44, 
59, 
44, 
61, 
44, 
46, 
58, 
45, 
65, 
48, 
81, 
42, 
54, 
48, 
41, 
41, 
60, 
62, 
47, 
47, 
39, 
50, 
53, 
42, 
54, 
48, 
42, 
49, 
43, 
40, 
44, 
41, 
43, 
134, 
174, 
2195, 
63, 
40, 
39, 
54, 
39, 
40, 
48, 
45, 
39, 
61, 
38, 
40, 
53, 
49, 
43, 
51, 
39, 
39, 
47, 
39, 
40, 
61, 
39, 
42, 
53, 
51, 
64, 
49, 
39, 
51, 
39, 
58, 
49, 
40, 
42, 
54, 
38, 
51, 
52, 
40, 
42, 
50, 
44, 
38, 
45, 
42, 
38, 
45, 
61, 
40, 
47, 
43, 
40, 
47, 
39, 
41, 
48, 
54, 
40, 
62, 
42, 
40, 
49, 
70, 
59, 
58, 
39, 
51, 
87, 
45, 
38, 
41, 
46, 
41, 
37, 
51, 
43, 
69, 
48, 
42, 
51, 
41, 
42, 
49, 
44, 
39, 
53, 
50, 
38, 
54, 
38, 
47, 
50, 
40, 
38, 
39, 
44, 
40, 
64, 
69, 
41, 
59, 
39, 
129, 
74, 
227, 
188, 
82, 
48, 
41, 
39, 
55, 
40, 
42, 
58, 
46, 
41, 
50, 
40, 
40, 
49, 
45, 
39, 
47, 
46, 
41, 
70, 
40, 
50, 
58, 
39, 
73, 
46, 
54, 
40, 
44, 
54, 
40, 
39, 
50, 
48, 
39, 
67, 
49, 
40, 
48, 
46, 
46, 
64, 
53, 
49, 
69, 
51, 
45, 
69, 
45, 
42, 
39, 
50, 
39, 
43, 
48, 
56, 
55, 
44, 
43, 
49, 
41, 
41, 
49, 
46, 
39, 
50, 
47, 
52, 
46, 
37, 
42, 
51, 
53, 
45, 
49, 
89, 
50, 
39, 
39, 
46, 
39, 
40, 
49, 
45, 
41, 
37, 
72, 
39, 
50, 
38, 
40, 
50, 
50, 
39, 
73, 
46, 
53, 
49, 
40, 
52, 
43, 
38, 
59, 
38, 
177, 
70, 
73, 
145, 
272, 
149, 
38, 
49, 
49, 
39, 
38, 
47, 
55, 
47, 
46, 
39, 
81, 
40, 
55, 
43, 
45, 
67, 
44, 
45, 
47, 
39, 
36, 
46, 
41, 
37, 
40, 
49, 
65, 
47, 
39, 
41, 
52, 
45, 
38, 
52, 
46, 
46, 
53, 
61, 
39, 
49, 
42, 
43, 
64, 
39, 
49, 
50, 
45, 
51, 
45, 
39, 
43, 
47, 
42, 
45, 
51, 
42, 
45, 
55, 
42, 
49, 
66, 
56, 
41, 
42, 
48, 
57, 
70, 
45, 
40, 
45, 
49, 
38, 
39, 
49, 
46, 
40, 
53, 
43, 
39, 
81, 
43, 
46, 
41, 
41, 
44, 
49, 
64, 
54, 
65, 
47, 
40, 
38, 
52, 
41, 
42, 
52, 
43, 
41, 
52, 
66, 
54, 
41, 
126, 
168, 
206, 
184, 
271, 
149, 
41, 
46, 
50, 
46, 
72, 
39, 
58, 
42, 
41, 
54, 
41, 
41, 
49, 
47, 
40, 
79, 
39, 
55, 
52, 
39, 
51, 
50, 
43, 
50, 
39, 
40, 
45, 
47, 
41, 
39, 
48, 
40, 
76, 
42, 
37, 
48, 
51, 
43, 
46, 
40, 
37, 
39, 
46, 
40, 
39, 
60, 
39, 
42, 
74, 
39, 
68, 
39, 
42, 
48, 
45, 
43, 
49, 
42, 
38, 
59, 
41, 
41, 
46, 
47, 
36, 
44, 
43, 
40, 
67, 
42, 
41, 
46, 
38, 
39, 
51, 
53, 
39, 
48, 
59, 
73, 
43, 
39, 
66, 
41, 
39, 
49, 
39, 
39, 
48, 
44, 
56, 
57, 
40, 
39, 
60, 
40, 
38, 
51, 
42, 
40, 
46, 
62, 
89, 
137, 
73, 
114, 
332, 
86, 
44, 
40, 
49, 
49, 
42, 
64, 
44, 
42, 
53, 
41, 
38, 
41, 
66, 
39, 
49, 
58, 
45, 
41, 
42, 
50, 
48, 
39, 
37, 
48, 
44, 
41, 
44, 
47, 
56, 
39, 
46, 
42, 
43, 
59, 
48, 
48, 
43, 
41, 
35, 
43, 
39, 
39, 
48, 
41, 
67, 
44, 
41, 
39, 
44, 
42, 
40, 
67, 
41, 
51, 
43, 
54, 
58, 
43, 
40, 
47, 
55, 
43, 
46, 
39, 
39, 
38, 
48, 
42, 
38, 
45, 
43, 
39, 
49, 
41, 
40, 
46, 
53, 
40, 
45, 
42, 
43, 
52, 
43, 
40, 
37, 
52, 
48, 
46, 
62, 
39, 
44, 
41, 
46, 
45, 
43, 
39, 
136, 
54, 
39, 
72, 
163, 
149, 
86, 
58, 
45, 
40, 
43, 
45, 
37, 
41, 
45, 
43, 
42, 
45, 
58, 
39, 
42, 
51, 
40, 
48, 
43, 
40, 
48, 
44, 
38, 
45, 
40, 
39, 
48, 
51, 
39, 
52, 
45, 
49, 
45, 
68, 
50, 
49, 
37, 
49, 
43, 
42, 
38, 
44, 
70, 
59, 
37, 
39, 
49, 
61, 
38, 
49, 
39, 
38, 
51, 
66, 
45, 
40, 
56, 
51, 
41, 
40, 
49, 
46, 
38, 
52, 
53, 
39, 
44, 
42, 
38, 
39, 
47, 
43, 
40, 
49, 
42, 
53, 
52, 
38, 
41, 
57, 
40, 
38, 
59, 
41, 
40, 
87, 
41, 
46, 
50, 
41, 
44, 
42, 
38, 
70, 
46, 
73, 
47, 
46, 
51, 
40, 
47, 
47, 
39, 
122, 
156, 
168, 
134, 
174, 
177, 
40, 
44, 
45, 
49, 
37, 
37, 
47, 
44, 
38, 
47, 
42, 
38, 
44, 
44, 
36, 
41, 
45, 
45, 
44, 
70, 
42, 
42, 
57, 
41, 
46, 
46, 
38, 
47, 
49, 
42, 
49, 
46, 
88, 
43, 
42, 
48, 
71, 
44, 
45, 
43, 
45, 
47, 
39, 
58, 
41, 
43, 
48, 
60, 
37, 
77, 
40, 
52, 
42, 
42, 
54, 
42, 
63, 
64, 
44, 
46, 
46, 
40, 
49, 
45, 
41, 
49, 
46, 
68, 
51, 
38, 
40, 
70, 
37, 
54, 
42, 
44, 
48, 
66, 
52, 
50, 
47, 
45, 
47, 
42, 
42, 
49, 
41, 
66, 
49, 
38, 
49, 
44, 
41, 
51, 
43, 
41, 
46, 
38, 
62, 
44, 
42, 
39, 
41, 
159, 
165, 
121, 
159, 
161, 
84, 
64, 
48, 
45, 
48, 
58, 
46, 
47, 
38, 
79, 
43, 
53, 
46, 
40, 
38, 
47, 
41, 
39, 
47, 
41, 
71, 
47, 
57, 
48, 
43, 
47, 
50, 
52, 
41, 
83, 
39, 
49, 
62, 
48, 
46, 
45, 
64, 
47, 
41, 
51, 
42, 
40, 
68, 
42, 
49, 
45, 
50, 
44, 
43, 
40, 
54, 
42, 
38, 
47, 
52, 
54, 
45, 
43, 
40, 
49, 
66, 
52, 
45, 
40, 
64, 
41, 
40, 
49, 
40, 
43, 
53, 
53, 
41, 
56, 
48, 
41, 
47, 
43, 
38, 
53, 
42, 
52, 
47, 
39, 
41, 
51, 
42, 
40, 
47, 
48, 
40, 
88, 
38, 
49, 
44, 
46, 
42, 
47, 
40, 
51, 
42, 
44, 
50, 
218, 
66, 
46, 
137, 
152, 
167, 
40, 
58, 
53, 
75, 
53, 
41, 
45, 
50, 
48, 
58, 
45, 
43, 
49, 
64, 
40, 
49, 
42, 
43, 
84, 
76, 
45, 
39, 
47, 
43, 
44, 
50, 
67, 
44, 
50, 
41, 
45, 
45, 
81, 
46, 
41, 
55, 
44, 
55, 
49, 
47, 
39, 
52, 
42, 
49, 
59, 
44, 
46, 
51, 
40, 
45, 
55, 
40, 
76, 
45, 
52, 
46, 
39, 
46, 
48, 
42, 
52, 
46, 
42, 
71, 
40, 
40, 
56, 
39, 
44, 
48, 
42, 
41, 
65, 
49, 
50, 
41, 
39, 
56, 
45, 
41, 
48, 
45, 
42, 
81, 
39, 
51, 
42, 
44, 
69, 
44, 
43, 
49, 
43, 
39, 
56, 
44, 
43, 
52, 
39, 
41, 
46, 
40, 
124, 
64, 
96, 
168, 
137, 
46, 
82, 
53, 
40, 
38, 
52, 
50, 
89, 
45, 
48, 
48, 
40, 
40, 
51, 
46, 
40, 
45, 
38, 
46, 
47, 
55, 
49, 
50, 
38, 
70, 
58, 
38, 
50, 
52, 
41, 
76, 
38, 
44, 
46, 
39, 
47, 
45, 
38, 
49, 
54, 
43, 
64, 
42, 
39, 
51, 
42, 
40, 
45, 
46, 
43, 
47, 
43, 
38, 
47, 
49, 
39, 
39, 
61, 
38, 
39, 
48, 
37, 
45, 
73, 
41, 
52, 
53, 
49, 
46, 
39, 
41, 
47, 
48, 
42, 
42, 
42, 
39, 
47, 
57, 
44, 
67, 
41, 
42, 
72, 
40, 
46, 
59, 
38, 
50, 
60, 
46, 
49, 
42, 
45, 
65, 
39, 
50, 
47, 
39, 
50, 
42, 
52, 
48, 
44, 
39, 
142, 
168, 
137, 
181, 
157, 
40, 
42, 
43, 
77, 
47, 
50, 
49, 
41, 
51, 
42, 
40, 
49, 
44, 
40, 
87, 
37, 
48, 
40, 
40, 
47, 
64, 
38, 
46, 
41, 
39, 
51, 
46, 
40, 
53, 
65, 
53, 
47, 
39, 
49, 
65, 
45, 
50, 
41, 
41, 
50, 
43, 
42, 
46, 
45, 
42, 
66, 
45, 
48, 
48, 
45, 
51, 
45, 
38, 
50, 
48, 
41, 
42, 
49, 
50, 
78, 
40, 
52, 
42, 
39, 
51, 
64, 
48, 
44, 
40, 
46, 
50, 
47, 
41, 
58, 
41, 
42, 
94, 
48, 
49, 
40, 
58, 
40, 
38, 
49, 
46, 
60, 
50, 
42, 
45, 
55, 
43, 
48, 
57, 
41, 
48, 
54, 
40, 
43, 
49, 
41, 
47, 
49, 
40, 
100, 
42, 
212, 
166, 
159, 
99, 
50, 
42, 
38, 
49, 
50, 
44, 
59, 
42, 
58, 
52, 
62, 
47, 
41, 
46, 
50, 
41, 
43, 
44, 
44, 
41, 
50, 
44, 
43, 
44, 
63, 
40, 
57, 
41, 
71, 
43, 
38, 
48, 
48, 
39, 
68, 
41, 
39, 
51, 
43, 
50, 
57, 
39, 
43, 
46, 
45, 
39, 
50, 
47, 
58, 
46, 
47, 
46, 
46, 
43, 
48, 
63, 
39, 
53, 
42, 
72, 
44, 
42, 
49, 
43, 
40, 
49, 
55, 
40, 
50, 
45, 
73, 
53, 
38, 
45, 
47, 
42, 
47, 
54, 
80, 
61, 
57, 
44, 
39, 
40, 
48, 
46, 
41, 
50, 
42, 
39, 
72, 
39, 
47, 
47, 
40, 
48, 
47, 
43, 
50, 
60, 
39, 
43, 
209, 
71, 
39, 
135, 
323, 
91, 
46, 
60, 
50, 
43, 
49, 
59, 
46, 
40, 
46, 
45, 
50, 
50, 
52, 
52, 
43, 
45, 
45, 
41, 
41, 
103, 
40, 
58, 
40, 
44, 
49, 
42, 
40, 
41, 
48, 
44, 
53, 
45, 
53, 
44, 
43, 
40, 
48, 
43, 
42, 
43, 
44, 
74, 
45, 
51, 
48, 
40, 
41, 
37, 
48, 
41, 
60, 
44, 
43, 
49, 
44, 
45, 
47, 
48, 
40, 
57, 
45, 
46, 
48, 
67, 
57, 
43, 
39, 
46, 
49, 
43, 
44, 
52, 
39, 
66, 
42, 
41, 
46, 
65, 
45, 
48, 
43, 
51, 
45, 
63, 
45, 
41, 
39, 
66, 
41, 
41, 
46, 
44, 
38, 
50, 
72, 
51, 
45, 
41, 
50, 
47, 
42, 
72, 
126, 
45, 
93, 
53, 
157, 
310, 
115, 
41, 
48, 
49, 
44, 
77, 
41, 
48, 
46, 
38, 
48, 
46, 
38, 
40, 
46, 
52, 
71, 
48, 
38, 
45, 
43, 
40, 
50, 
42, 
38, 
53, 
47, 
39, 
45, 
52, 
37, 
46, 
81, 
44, 
50, 
38, 
78, 
42, 
43, 
44, 
44, 
40, 
48, 
66, 
69, 
42, 
43, 
48, 
39, 
42, 
52, 
40, 
47, 
48, 
69, 
42, 
69, 
40, 
43, 
47, 
39, 
49, 
48, 
40, 
45, 
46, 
51, 
72, 
39, 
52, 
40, 
41, 
67, 
40, 
44, 
54, 
39, 
72, 
48, 
41, 
78, 
41, 
46, 
40, 
39, 
86, 
38, 
63, 
43, 
44, 
47, 
48, 
41, 
49, 
56, 
42, 
49, 
46, 
44, 
48, 
41, 
38, 
52, 
126, 
59, 
2324, 
44, 
39, 
51, 
38, 
40, 
47, 
48, 
39, 
52, 
56, 
54, 
47, 
44, 
49, 
43, 
43, 
55, 
40, 
44, 
55, 
41, 
43, 
59, 
47, 
46, 
44, 
68, 
48, 
43, 
40, 
48, 
90, 
49, 
42, 
45, 
69, 
38, 
48, 
42, 
47, 
54, 
43, 
45, 
50, 
42, 
40, 
73, 
40, 
38, 
45, 
46, 
41, 
53, 
43, 
46, 
50, 
41, 
48, 
45, 
43, 
39, 
50, 
42, 
40, 
45, 
43, 
50, 
46, 
70, 
48, 
49, 
39, 
50, 
69, 
41, 
42, 
42, 
39, 
53, 
47, 
38, 
45, 
49, 
39, 
43, 
48, 
42, 
44, 
47, 
43, 
46, 
43, 
46, 
48, 
65, 
38, 
46, 
47, 
47, 
67, 
41, 
49, 
219, 
72, 
1861, 
44, 
45, 
39, 
57, 
42, 
81, 
48, 
39, 
49, 
45, 
42, 
73, 
47, 
48, 
71, 
39, 
45, 
40, 
67, 
42, 
49, 
48, 
44, 
41, 
49, 
62, 
39, 
67, 
42, 
39, 
46, 
44, 
62, 
46, 
42, 
48, 
55, 
43, 
46, 
43, 
38, 
45, 
50, 
46, 
47, 
71, 
46, 
47, 
41, 
48, 
59, 
40, 
50, 
45, 
39, 
54, 
64, 
45, 
54, 
45, 
47, 
41, 
44, 
33, 
45, 
40, 
38, 
68, 
39, 
37, 
51, 
42, 
44, 
49, 
42, 
38, 
50, 
49, 
57, 
52, 
41, 
44, 
45, 
38, 
42, 
48, 
42, 
38, 
45, 
60, 
39, 
46, 
42, 
43, 
47, 
45, 
60, 
46, 
48, 
54, 
41, 
40, 
47, 
123, 
181, 
136, 
171, 
165, 
380, 
71, 
40, 
40, 
48, 
39, 
45, 
46, 
41, 
46, 
49, 
50, 
57, 
50, 
41, 
39, 
47, 
41, 
39, 
54, 
51, 
47, 
46, 
40, 
65, 
54, 
48, 
49, 
42, 
39, 
51, 
44, 
40, 
47, 
47, 
53, 
74, 
41, 
47, 
41, 
41, 
46, 
49, 
41, 
46, 
49, 
39, 
70, 
42, 
62, 
45, 
39, 
40, 
45, 
39, 
38, 
45, 
42, 
43, 
53, 
43, 
41, 
44, 
56, 
38, 
47, 
45, 
46, 
47, 
66, 
43, 
46, 
74, 
58, 
40, 
40, 
49, 
41, 
40, 
44, 
40, 
43, 
50, 
39, 
40, 
51, 
45, 
40, 
41, 
44, 
46, 
44, 
49, 
53, 
43, 
55, 
45, 
46, 
39, 
41, 
41, 
44, 
42, 
162, 
73, 
205, 
219, 
163, 
166, 
43, 
45, 
41, 
40, 
53, 
43, 
47, 
52, 
48, 
39, 
78, 
40, 
53, 
49, 
43, 
49, 
45, 
39, 
42, 
45, 
38, 
50, 
52, 
39, 
46, 
39, 
41, 
38, 
46, 
43, 
39, 
57, 
44, 
40, 
53, 
40, 
39, 
50, 
44, 
42, 
51, 
44, 
42, 
52, 
46, 
39, 
48, 
42, 
38, 
49, 
46, 
50, 
57, 
43, 
39, 
47, 
45, 
45, 
61, 
43, 
45, 
47, 
44, 
81, 
38, 
52, 
48, 
40, 
53, 
43, 
44, 
52, 
48, 
37, 
66, 
41, 
41, 
56, 
48, 
42, 
48, 
43, 
38, 
50, 
43, 
55, 
48, 
45, 
38, 
50, 
46, 
39, 
53, 
45, 
41, 
56, 
44, 
40, 
46, 
40, 
40, 
47, 
41, 
126, 
170, 
122, 
297, 
100, 
56, 
40, 
39, 
47, 
44, 
46, 
47, 
69, 
48, 
41, 
40, 
56, 
39, 
41, 
47, 
41, 
41, 
49, 
68, 
72, 
45, 
40, 
51, 
56, 
55, 
42, 
40, 
62, 
66, 
47, 
46, 
39, 
51, 
51, 
43, 
51, 
40, 
43, 
49, 
54, 
40, 
47, 
63, 
40, 
48, 
47, 
39, 
51, 
49, 
42, 
46, 
57, 
50, 
42, 
42, 
49, 
41, 
40, 
67, 
47, 
46, 
47, 
48, 
57, 
45, 
53, 
54, 
39, 
38, 
45, 
48, 
51, 
43, 
76, 
49, 
45, 
39, 
62, 
65, 
55, 
62, 
41, 
63, 
43, 
67, 
47, 
43, 
71, 
44, 
46, 
43, 
43, 
42, 
40, 
42, 
49, 
45, 
39, 
69, 
43, 
38, 
53, 
127, 
45, 
40, 
2194, 
52, 
43, 
52, 
41, 
40, 
48, 
47, 
38, 
77, 
41, 
47, 
58, 
39, 
44, 
40, 
41, 
48, 
46, 
40, 
64, 
44, 
39, 
47, 
42, 
41, 
52, 
42, 
40, 
44, 
62, 
42, 
50, 
43, 
44, 
73, 
41, 
47, 
56, 
39, 
77, 
43, 
49, 
41, 
42, 
45, 
42, 
41, 
39, 
46, 
46, 
45, 
44, 
63, 
48, 
49, 
39, 
48, 
45, 
41, 
50, 
38, 
63, 
46, 
43, 
41, 
54, 
54, 
39, 
47, 
41, 
38, 
52, 
58, 
50, 
45, 
38, 
39, 
46, 
45, 
38, 
49, 
47, 
40, 
55, 
44, 
40, 
46, 
44, 
42, 
46, 
43, 
38, 
46, 
41, 
65, 
45, 
43, 
41, 
61, 
42, 
40, 
47, 
56, 
126, 
136, 
167, 
194, 
228, 
42, 
50, 
42, 
42, 
51, 
58, 
46, 
51, 
42, 
40, 
51, 
45, 
40, 
49, 
44, 
39, 
52, 
42, 
68, 
41, 
44, 
50, 
46, 
44, 
50, 
40, 
52, 
46, 
39, 
42, 
48, 
57, 
40, 
47, 
42, 
45, 
51, 
45, 
42, 
44, 
43, 
40, 
51, 
43, 
40, 
41, 
47, 
52, 
46, 
49, 
40, 
47, 
49, 
41, 
38, 
48, 
42, 
37, 
79, 
44, 
50, 
46, 
50, 
45, 
44, 
47, 
44, 
48, 
38, 
73, 
38, 
53, 
58, 
48, 
48, 
44, 
40, 
61, 
76, 
67, 
46, 
49, 
43, 
38, 
47, 
40, 
43, 
59, 
44, 
58, 
47, 
41, 
39, 
45, 
47, 
55, 
47, 
39, 
50, 
58, 
43, 
42, 
134, 
130, 
39, 
225, 
169, 
170, 
81, 
38, 
49, 
38, 
41, 
51, 
42, 
89, 
39, 
40, 
59, 
59, 
38, 
43, 
46, 
42, 
48, 
44, 
41, 
58, 
67, 
48, 
57, 
72, 
50, 
43, 
46, 
45, 
44, 
94, 
53, 
47, 
41, 
46, 
52, 
43, 
47, 
40, 
41, 
48, 
63, 
38, 
51, 
41, 
40, 
52, 
43, 
50, 
45, 
42, 
40, 
83, 
40, 
47, 
50, 
41, 
49, 
39, 
41, 
49, 
45, 
40, 
46, 
44, 
40, 
46, 
57, 
40, 
46, 
41, 
50, 
56, 
42, 
42, 
48, 
39, 
51, 
55, 
40, 
55, 
49, 
46, 
42, 
47, 
45, 
41, 
48, 
52, 
40, 
49, 
43, 
39, 
44, 
42, 
40, 
49, 
42, 
40, 
39, 
50, 
42, 
44, 
45, 
73, 
151, 
105, 
81, 
301, 
128, 
46, 
40, 
41, 
38, 
49, 
45, 
41, 
48, 
49, 
39, 
44, 
49, 
53, 
47, 
47, 
49, 
64, 
39, 
49, 
43, 
38, 
49, 
40, 
38, 
47, 
45, 
53, 
70, 
41, 
52, 
40, 
48, 
51, 
48, 
47, 
48, 
47, 
47, 
50, 
45, 
40, 
49, 
52, 
44, 
48, 
43, 
45, 
50, 
40, 
38, 
45, 
49, 
40, 
47, 
43, 
40, 
48, 
40, 
44, 
52, 
51, 
39, 
47, 
40, 
46, 
51, 
41, 
48, 
47, 
43, 
40, 
48, 
42, 
40, 
38, 
43, 
41, 
46, 
47, 
54, 
42, 
43, 
48, 
40, 
47, 
45, 
40, 
51, 
43, 
42, 
46, 
48, 
42, 
47, 
44, 
41, 
51, 
48, 
40, 
43, 
34, 
39, 
37, 
129, 
139, 
98, 
155, 
270, 
159, 
40, 
56, 
42, 
44, 
54, 
44, 
46, 
62, 
41, 
48, 
60, 
40, 
73, 
52, 
54, 
50, 
67, 
40, 
46, 
46, 
50, 
43, 
47, 
48, 
45, 
50, 
43, 
41, 
46, 
62, 
39, 
47, 
41, 
35, 
50, 
48, 
40, 
50, 
61, 
57, 
57, 
48, 
55, 
51, 
41, 
44, 
45, 
36, 
43, 
48, 
38, 
47, 
60, 
42, 
67, 
47, 
47, 
39, 
52, 
44, 
40, 
64, 
47, 
63, 
51, 
42, 
45, 
46, 
40, 
41, 
57, 
54, 
40, 
59, 
51, 
61, 
53, 
44, 
46, 
39, 
39, 
43, 
50, 
40, 
59, 
43, 
41, 
45, 
45, 
42, 
48, 
39, 
50, 
52, 
40, 
46, 
46, 
59, 
42, 
45, 
45, 
39, 
125, 
45, 
102, 
159, 
168, 
111, 
58, 
40, 
48, 
44, 
42, 
59, 
43, 
52, 
76, 
53, 
39, 
44, 
46, 
44, 
39, 
44, 
46, 
43, 
43, 
56, 
65, 
51, 
40, 
40, 
53, 
69, 
57, 
48, 
41, 
49, 
43, 
45, 
48, 
40, 
43, 
46, 
44, 
43, 
53, 
45, 
39, 
50, 
63, 
43, 
46, 
42, 
48, 
46, 
66, 
48, 
40, 
65, 
59, 
45, 
48, 
51, 
40, 
47, 
40, 
42, 
48, 
48, 
98, 
42, 
49, 
47, 
48, 
38, 
50, 
41, 
47, 
78, 
39, 
42, 
47, 
43, 
46, 
50, 
43, 
63, 
54, 
84, 
42, 
54, 
44, 
42, 
46, 
42, 
44, 
39, 
67, 
50, 
45, 
50, 
39, 
47, 
41, 
43, 
54, 
39, 
43, 
50, 
213, 
62, 
175, 
262, 
181, 
227, 
43, 
51, 
39, 
39, 
40, 
53, 
45, 
55, 
40, 
41, 
37, 
45, 
42, 
40, 
46, 
48, 
42, 
47, 
51, 
45, 
73, 
43, 
49, 
46, 
52, 
53, 
46, 
40, 
50, 
67, 
43, 
62, 
38, 
48, 
41, 
39, 
64, 
49, 
51, 
43, 
43, 
53, 
40, 
43, 
51, 
40, 
42, 
44, 
42, 
41, 
43, 
64, 
45, 
54, 
43, 
39, 
38, 
49, 
42, 
41, 
54, 
41, 
39, 
44, 
44, 
41, 
48, 
50, 
40, 
46, 
45, 
45, 
46, 
65, 
39, 
49, 
43, 
42, 
50, 
41, 
41, 
43, 
47, 
43, 
59, 
46, 
44, 
47, 
42, 
39, 
50, 
46, 
40, 
42, 
41, 
53, 
54, 
40, 
41, 
44, 
39, 
47, 
47, 
116, 
150, 
80, 
156, 
285, 
142, 
44, 
45, 
40, 
39, 
37, 
42, 
42, 
39, 
44, 
40, 
40, 
45, 
57, 
40, 
47, 
43, 
65, 
49, 
43, 
38, 
48, 
41, 
44, 
45, 
59, 
44, 
46, 
103, 
47, 
78, 
42, 
47, 
54, 
41, 
41, 
49, 
64, 
47, 
47, 
41, 
40, 
53, 
38, 
68, 
44, 
52, 
50, 
73, 
79, 
54, 
45, 
46, 
41, 
46, 
46, 
40, 
70, 
40, 
67, 
40, 
40, 
45, 
41, 
46, 
50, 
50, 
55, 
48, 
45, 
43, 
48, 
102, 
42, 
39, 
49, 
39, 
111, 
41, 
39, 
48, 
45, 
67, 
42, 
43, 
53, 
67, 
44, 
53, 
46, 
45, 
49, 
38, 
44, 
50, 
41, 
46, 
73, 
38, 
47, 
42, 
42, 
48, 
80, 
137, 
120, 
151, 
1975, 
45, 
50, 
42, 
44, 
47, 
39, 
37, 
72, 
40, 
43, 
40, 
41, 
47, 
55, 
39, 
51, 
71, 
68, 
43, 
39, 
52, 
42, 
37, 
61, 
43, 
37, 
46, 
55, 
39, 
64, 
51, 
55, 
37, 
41, 
45, 
44, 
41, 
46, 
70, 
44, 
44, 
45, 
39, 
52, 
39, 
41, 
43, 
41, 
43, 
68, 
51, 
39, 
43, 
43, 
71, 
42, 
42, 
49, 
41, 
44, 
49, 
43, 
44, 
48, 
44, 
40, 
38, 
57, 
52, 
99, 
41, 
47, 
42, 
38, 
50, 
45, 
47, 
43, 
37, 
52, 
70, 
51, 
45, 
64, 
43, 
47, 
42, 
38, 
52, 
44, 
39, 
85, 
43, 
44, 
37, 
39, 
38, 
48, 
209, 
70, 
143, 
166, 
184, 
260, 
40, 
56, 
66, 
44, 
39, 
39, 
44, 
47, 
39, 
40, 
56, 
39, 
37, 
97, 
48, 
39, 
42, 
55, 
49, 
47, 
62, 
43, 
38, 
50, 
37, 
53, 
65, 
41, 
47, 
40, 
38, 
40, 
51, 
61, 
63, 
42, 
39, 
49, 
40, 
39, 
54, 
44, 
48, 
47, 
68, 
48, 
39, 
40, 
51, 
50, 
43, 
55, 
40, 
60, 
46, 
38, 
41, 
48, 
37, 
44, 
52, 
37, 
39, 
52, 
41, 
40, 
81, 
42, 
47, 
41, 
43, 
44, 
45, 
44, 
39, 
50, 
43, 
34, 
53, 
34, 
52, 
55, 
36, 
42, 
47, 
47, 
45, 
49, 
38, 
45, 
48, 
48, 
40, 
48, 
48, 
42, 
53, 
49, 
39, 
43, 
41, 
41, 
132, 
140, 
174, 
136, 
180, 
178, 
39, 
46, 
48, 
48, 
41, 
46, 
41, 
40, 
67, 
49, 
39, 
52, 
42, 
43, 
46, 
41, 
45, 
52, 
43, 
74, 
37, 
38, 
40, 
45, 
40, 
42, 
48, 
39, 
42, 
45, 
70, 
41, 
42, 
50, 
41, 
46, 
37, 
40, 
44, 
51, 
41, 
75, 
44, 
50, 
43, 
41, 
46, 
45, 
41, 
38, 
48, 
40, 
72, 
45, 
61, 
44, 
42, 
42, 
49, 
43, 
44, 
54, 
44, 
43, 
46, 
43, 
41, 
52, 
40, 
43, 
47, 
40, 
40, 
46, 
76, 
40, 
53, 
51, 
48, 
38, 
44, 
52, 
45, 
78, 
39, 
43, 
40, 
43, 
39, 
44, 
51, 
47, 
41, 
51, 
59, 
47, 
41, 
41, 
42, 
42, 
43, 
81, 
40, 
206, 
64, 
59, 
160, 
166, 
97, 
42, 
67, 
46, 
41, 
39, 
49, 
69, 
48, 
51, 
43, 
45, 
44, 
39, 
52, 
38, 
44, 
43, 
58, 
64, 
51, 
39, 
49, 
41, 
40, 
53, 
50, 
100, 
44, 
38, 
44, 
38, 
43, 
47, 
39, 
41, 
49, 
51, 
71, 
41, 
40, 
39, 
51, 
42, 
38, 
47, 
41, 
43, 
43, 
60, 
41, 
45, 
43, 
42, 
51, 
40, 
38, 
46, 
45, 
38, 
74, 
40, 
45, 
44, 
40, 
44, 
42, 
42, 
48, 
45, 
60, 
65, 
39, 
38, 
37, 
48, 
42, 
41, 
49, 
43, 
43, 
44, 
60, 
41, 
46, 
39, 
73, 
63, 
40, 
55, 
42, 
39, 
48, 
60, 
52, 
45, 
39, 
46, 
51, 
39, 
46, 
45, 
41, 
43, 
83, 
38, 
57, 
166, 
166, 
95, 
40, 
41, 
54, 
46, 
47, 
65, 
42, 
39, 
59, 
43, 
49, 
51, 
43, 
64, 
44, 
41, 
52, 
73, 
45, 
39, 
45, 
50, 
40, 
43, 
58, 
44, 
55, 
46, 
54, 
53, 
48, 
42, 
47, 
42, 
48, 
53, 
44, 
44, 
49, 
51, 
38, 
44, 
44, 
45, 
45, 
44, 
40, 
49, 
42, 
40, 
62, 
40, 
41, 
63, 
45, 
59, 
46, 
42, 
53, 
56, 
47, 
72, 
42, 
48, 
40, 
39, 
49, 
39, 
45, 
39, 
74, 
47, 
49, 
39, 
41, 
48, 
45, 
57, 
47, 
40, 
48, 
45, 
41, 
54, 
44, 
58, 
46, 
42, 
40, 
52, 
71, 
41, 
52, 
40, 
42, 
56, 
42, 
43, 
47, 
61, 
47, 
66, 
128, 
2300, 
195, 
43, 
48, 
43, 
48, 
39, 
42, 
44, 
41, 
38, 
47, 
78, 
49, 
43, 
46, 
47, 
63, 
90, 
45, 
40, 
47, 
37, 
41, 
47, 
48, 
40, 
46, 
49, 
41, 
59, 
43, 
37, 
45, 
39, 
53, 
45, 
43, 
40, 
70, 
56, 
46, 
41, 
41, 
41, 
46, 
48, 
51, 
48, 
38, 
41, 
45, 
39, 
39, 
44, 
45, 
40, 
50, 
65, 
39, 
51, 
38, 
39, 
63, 
40, 
43, 
47, 
45, 
38, 
47, 
39, 
41, 
52, 
47, 
43, 
47, 
39, 
40, 
54, 
45, 
43, 
51, 
42, 
42, 
57, 
62, 
39, 
55, 
46, 
46, 
74, 
40, 
47, 
37, 
72, 
40, 
41, 
38, 
47, 
42, 
46, 
48, 
39, 
39, 
62, 
143, 
118, 
62, 
152, 
173, 
86, 
43, 
39, 
39, 
40, 
45, 
52, 
71, 
57, 
46, 
46, 
41, 
55, 
39, 
45, 
40, 
46, 
39, 
46, 
47, 
42, 
40, 
44, 
38, 
42, 
38, 
45, 
41, 
49, 
83, 
39, 
76, 
41, 
45, 
38, 
37, 
55, 
40, 
43, 
42, 
43, 
43, 
41, 
48, 
41, 
97, 
42, 
38, 
47, 
67, 
47, 
42, 
49, 
46, 
42, 
37, 
47, 
59, 
40, 
45, 
76, 
46, 
40, 
40, 
39, 
45, 
41, 
48, 
45, 
37, 
44, 
66, 
42, 
44, 
47, 
39, 
48, 
49, 
48, 
76, 
67, 
56, 
53, 
44, 
55, 
39, 
42, 
46, 
38, 
74, 
38, 
39, 
40, 
45, 
39, 
39, 
51, 
40, 
38, 
48, 
49, 
37, 
80, 
49, 
127, 
43, 
167, 
289, 
170, 
47, 
77, 
48, 
45, 
40, 
46, 
40, 
47, 
46, 
38, 
46, 
86, 
45, 
48, 
44, 
40, 
52, 
41, 
43, 
50, 
41, 
41, 
68, 
32, 
31, 
32, 
39, 
44, 
34, 
30, 
44, 
32, 
37, 
42, 
43, 
39, 
43, 
49, 
55, 
41, 
45, 
40, 
80, 
44, 
41, 
81, 
49, 
47, 
37, 
41, 
42, 
45, 
40, 
41, 
44, 
42, 
66, 
40, 
41, 
41, 
42, 
73, 
42, 
40, 
39, 
48, 
48, 
39, 
41, 
45, 
49, 
42, 
44, 
39, 
41, 
60, 
41, 
41, 
64, 
43, 
49, 
45, 
41, 
51, 
44, 
41, 
41, 
48, 
43, 
43, 
49, 
39, 
42, 
80, 
42, 
53, 
55, 
44, 
79, 
49, 
45, 
44, 
47, 
136, 
38, 
43, 
153, 
166, 
170, 
36, 
64, 
44, 
50, 
42, 
52, 
56, 
49, 
42, 
41, 
42, 
48, 
51, 
39, 
53, 
51, 
47, 
39, 
42, 
39, 
48, 
48, 
40, 
48, 
41, 
42, 
47, 
45, 
40, 
44, 
43, 
42, 
51, 
39, 
57, 
53, 
43, 
41, 
46, 
39, 
36, 
47, 
47, 
41, 
40, 
71, 
47, 
46, 
44, 
44, 
47, 
39, 
37, 
46, 
44, 
38, 
65, 
40, 
45, 
47, 
39, 
40, 
50, 
53, 
41, 
48, 
41, 
39, 
38, 
46, 
41, 
47, 
48, 
40, 
47, 
45, 
42, 
38, 
85, 
40, 
45, 
40, 
41, 
46, 
57, 
39, 
43, 
102, 
48, 
40, 
41, 
56, 
53, 
43, 
46, 
43, 
43, 
47, 
72, 
43, 
40, 
40, 
46, 
126, 
128, 
106, 
73, 
170, 
93, 
39, 
72, 
42, 
55, 
46, 
42, 
40, 
49, 
44, 
52, 
49, 
40, 
62, 
46, 
42, 
41, 
52, 
41, 
37, 
48, 
39, 
37, 
47, 
45, 
41, 
41, 
47, 
42, 
45, 
47, 
44, 
37, 
43, 
46, 
61, 
46, 
50, 
40, 
42, 
41, 
39, 
44, 
38, 
42, 
49, 
69, 
38, 
50, 
39, 
45, 
50, 
43, 
47, 
45, 
51, 
39, 
73, 
38, 
44, 
46, 
44, 
46, 
52, 
40, 
45, 
43, 
46, 
55, 
42, 
40, 
46, 
45, 
38, 
40, 
46, 
46, 
43, 
50, 
53, 
57, 
40, 
41, 
50, 
57, 
44, 
56, 
50, 
71, 
54, 
40, 
45, 
49, 
42, 
53, 
39, 
38, 
50, 
31, 
94, 
50, 
101, 
96, 
35, 
95, 
30, 
89, 
71, 
318, 
259, 
38, 
55, 
46, 
41, 
37, 
45, 
67, 
53, 
45, 
39, 
56, 
38, 
47, 
47, 
44, 
40, 
40, 
75, 
42, 
45, 
45, 
45, 
41, 
40, 
43, 
48, 
44, 
40, 
70, 
41, 
37, 
45, 
42, 
38, 
41, 
45, 
37, 
39, 
44, 
57, 
38, 
50, 
40, 
46, 
52, 
42, 
38, 
45, 
41, 
40, 
84, 
41, 
49, 
43, 
40, 
41, 
56, 
40, 
40, 
47, 
40, 
45, 
49, 
40, 
37, 
50, 
39, 
40, 
47, 
43, 
40, 
42, 
75, 
39, 
45, 
50, 
38, 
45, 
41, 
43, 
39, 
45, 
39, 
78, 
46, 
40, 
46, 
40, 
44, 
63, 
40, 
40, 
46, 
44, 
37, 
46, 
45, 
42, 
40, 
45, 
54, 
51, 
133, 
45, 
90, 
162, 
267, 
55, 
165, 
41, 
47, 
49, 
43, 
71, 
39, 
40, 
48, 
43, 
42, 
51, 
51, 
45, 
48, 
39, 
38, 
48, 
47, 
39, 
53, 
44, 
38, 
40, 
47, 
42, 
40, 
55, 
44, 
38, 
44, 
39, 
52, 
46, 
40, 
39, 
39, 
45, 
63, 
47, 
47, 
44, 
47, 
89, 
45, 
40, 
39, 
90, 
38, 
48, 
38, 
52, 
49, 
41, 
37, 
46, 
45, 
45, 
67, 
40, 
38, 
44, 
37, 
39, 
40, 
50, 
37, 
41, 
62, 
62, 
45, 
46, 
41, 
50, 
39, 
39, 
39, 
53, 
38, 
40, 
79, 
41, 
50, 
38, 
40, 
46, 
40, 
40, 
40, 
60, 
39, 
79, 
41, 
44, 
44, 
43, 
97, 
42, 
40, 
45, 
54, 
40, 
43, 
73, 
146, 
103, 
166, 
174, 
112, 
34, 
42, 
39, 
62, 
37, 
38, 
50, 
39, 
41, 
46, 
38, 
48, 
52, 
43, 
48, 
46, 
46, 
70, 
41, 
59, 
46, 
38, 
37, 
48, 
51, 
39, 
48, 
43, 
39, 
67, 
38, 
41, 
48, 
41, 
89, 
44, 
36, 
37, 
41, 
36, 
37, 
46, 
45, 
40, 
53, 
72, 
40, 
47, 
55, 
42, 
41, 
42, 
38, 
43, 
68, 
37, 
68, 
38, 
48, 
38, 
47, 
47, 
43, 
39, 
65, 
47, 
38, 
50, 
53, 
37, 
46, 
39, 
38, 
41, 
44, 
42, 
45, 
44, 
69, 
49, 
35, 
41, 
40, 
54, 
44, 
64, 
49, 
37, 
49, 
118, 
39, 
38, 
55, 
87, 
50, 
40, 
41, 
44, 
49, 
41, 
55, 
41, 
45, 
146, 
38, 
184, 
157, 
175, 
90, 
47, 
42, 
38, 
49, 
44, 
37, 
56, 
43, 
41, 
68, 
47, 
42, 
58, 
42, 
53, 
50, 
39, 
51, 
53, 
63, 
43, 
41, 
42, 
65, 
41, 
50, 
53, 
42, 
53, 
44, 
46, 
46, 
39, 
43, 
47, 
42, 
42, 
60, 
44, 
35, 
50, 
61, 
44, 
51, 
44, 
40, 
48, 
40, 
43, 
47, 
41, 
42, 
80, 
42, 
54, 
45, 
44, 
47, 
40, 
40, 
51, 
40, 
47, 
45, 
43, 
42, 
47, 
55, 
42, 
50, 
40, 
43, 
45, 
45, 
47, 
44, 
65, 
45, 
50, 
41, 
40, 
45, 
38, 
36, 
40, 
47, 
42, 
40, 
59, 
38, 
64, 
39, 
43, 
40, 
44, 
46, 
45, 
72, 
45, 
52, 
40, 
42, 
153, 
151, 
174, 
261, 
169, 
118, 
38, 
43, 
39, 
80, 
53, 
45, 
41, 
40, 
45, 
39, 
42, 
47, 
40, 
45, 
69, 
44, 
70, 
41, 
41, 
74, 
40, 
56, 
42, 
80, 
44, 
41, 
51, 
73, 
48, 
45, 
42, 
46, 
41, 
44, 
50, 
44, 
38, 
41, 
49, 
46, 
47, 
55, 
42, 
51, 
46, 
50, 
47, 
45, 
43, 
53, 
39, 
40, 
49, 
41, 
41, 
47, 
48, 
41, 
51, 
45, 
46, 
47, 
40, 
44, 
49, 
49, 
46, 
52, 
48, 
41, 
48, 
42, 
40, 
51, 
51, 
39, 
46, 
92, 
48, 
45, 
43, 
55, 
65, 
55, 
39, 
43, 
58, 
48, 
42, 
46, 
40, 
39, 
46, 
45, 
41, 
47, 
46, 
40, 
58, 
39, 
40, 
50, 
78, 
146, 
74, 
206, 
139, 
136, 
170, 
44, 
47, 
41, 
40, 
47, 
42, 
38, 
49, 
67, 
42, 
49, 
42, 
45, 
46, 
47, 
40, 
46, 
80, 
51, 
38, 
39, 
49, 
42, 
40, 
51, 
39, 
40, 
52, 
38, 
52, 
50, 
39, 
42, 
48, 
48, 
78, 
44, 
44, 
53, 
64, 
56, 
43, 
51, 
59, 
46, 
40, 
52, 
39, 
42, 
50, 
69, 
53, 
45, 
39, 
62, 
42, 
41, 
46, 
40, 
47, 
47, 
43, 
42, 
50, 
43, 
40, 
48, 
48, 
45, 
46, 
45, 
52, 
47, 
56, 
43, 
48, 
46, 
45, 
47, 
47, 
46, 
71, 
58, 
44, 
44, 
40, 
59, 
41, 
40, 
45, 
48, 
41, 
111, 
49, 
55, 
44, 
47, 
42, 
40, 
53, 
46, 
73, 
58, 
136, 
202, 
162, 
168, 
125, 
52, 
49, 
51, 
49, 
44, 
44, 
54, 
55, 
51, 
51, 
41, 
44, 
61, 
52, 
47, 
45, 
60, 
37, 
40, 
50, 
44, 
38, 
49, 
58, 
36, 
59, 
44, 
48, 
49, 
40, 
55, 
39, 
41, 
37, 
54, 
41, 
43, 
74, 
41, 
44, 
39, 
42, 
74, 
68, 
60, 
41, 
45, 
60, 
49, 
47, 
44, 
50, 
45, 
42, 
55, 
48, 
47, 
40, 
65, 
44, 
50, 
52, 
42, 
74, 
43, 
44, 
67, 
41, 
52, 
41, 
41, 
48, 
39, 
44, 
83, 
44, 
54, 
39, 
39, 
59, 
38, 
41, 
51, 
46, 
50, 
60, 
55, 
54, 
82, 
190, 
76, 
55, 
60, 
45, 
39, 
44, 
62, 
52, 
47, 
49, 
40, 
45, 
92, 
142, 
414, 
157, 
245, 
53, 
40, 
66, 
63, 
38, 
50, 
37, 
84, 
36, 
43, 
37, 
42, 
47, 
38, 
47, 
42, 
54, 
39, 
60, 
76, 
30, 
32, 
54, 
43, 
44, 
34, 
35, 
40, 
43, 
74, 
39, 
40, 
48, 
37, 
38, 
52, 
39, 
42, 
37, 
68, 
72, 
41, 
40, 
41, 
62, 
39, 
54, 
38, 
44, 
48, 
45, 
60, 
67, 
41, 
39, 
46, 
42, 
39, 
44, 
38, 
41, 
38, 
76, 
37, 
47, 
52, 
40, 
60, 
44, 
37, 
67, 
40, 
70, 
41, 
38, 
44, 
40, 
45, 
50, 
38, 
35, 
31, 
36, 
39, 
55, 
74, 
33, 
32, 
32, 
41, 
85, 
57, 
38, 
40, 
48, 
49, 
40, 
45, 
42, 
37, 
44, 
38, 
41, 
197, 
86, 
175, 
159, 
307, 
165, 
43, 
70, 
39, 
47, 
50, 
85, 
41, 
39, 
44, 
38, 
67, 
50, 
55, 
52, 
39, 
42, 
57, 
40, 
41, 
47, 
47, 
84, 
49, 
44, 
46, 
39, 
41, 
52, 
39, 
49, 
52, 
52, 
40, 
45, 
38, 
40, 
48, 
44, 
42, 
39, 
47, 
62, 
49, 
45, 
43, 
48, 
38, 
41, 
39, 
48, 
39, 
42, 
50, 
43, 
48, 
61, 
41, 
39, 
54, 
42, 
52, 
55, 
39, 
49, 
58, 
37, 
46, 
40, 
38, 
48, 
42, 
41, 
38, 
47, 
43, 
41, 
52, 
43, 
38, 
52, 
37, 
45, 
49, 
38, 
61, 
51, 
43, 
38, 
55, 
39, 
43, 
49, 
40, 
38, 
73, 
45, 
71, 
42, 
40, 
47, 
64, 
48, 
132, 
64, 
174, 
164, 
160, 
240, 
85, 
40, 
41, 
48, 
39, 
58, 
49, 
43, 
38, 
80, 
40, 
51, 
70, 
80, 
64, 
46, 
41, 
39, 
48, 
40, 
39, 
46, 
61, 
41, 
44, 
62, 
39, 
46, 
41, 
43, 
43, 
47, 
38, 
46, 
51, 
38, 
66, 
41, 
42, 
48, 
38, 
38, 
48, 
48, 
46, 
48, 
41, 
64, 
46, 
40, 
37, 
45, 
40, 
40, 
50, 
44, 
44, 
55, 
39, 
37, 
36, 
47, 
44, 
38, 
48, 
44, 
45, 
48, 
38, 
75, 
48, 
39, 
48, 
50, 
42, 
71, 
37, 
40, 
49, 
41, 
43, 
47, 
41, 
40, 
51, 
39, 
43, 
47, 
48, 
47, 
48, 
61, 
40, 
46, 
39, 
44, 
44, 
44, 
39, 
46, 
45, 
40, 
380, 
69, 
44, 
122, 
159, 
165, 
34, 
40, 
62, 
41, 
39, 
47, 
44, 
40, 
39, 
49, 
39, 
44, 
59, 
41, 
40, 
49, 
42, 
43, 
51, 
43, 
38, 
63, 
35, 
45, 
47, 
40, 
40, 
46, 
38, 
42, 
48, 
60, 
43, 
44, 
40, 
47, 
47, 
41, 
40, 
50, 
43, 
43, 
38, 
41, 
29, 
34, 
32, 
43, 
32, 
37, 
35, 
39, 
40, 
41, 
40, 
45, 
43, 
39, 
48, 
85, 
52, 
40, 
40, 
49, 
42, 
39, 
51, 
41, 
40, 
50, 
46, 
101, 
32, 
31, 
41, 
40, 
35, 
34, 
41, 
39, 
46, 
55, 
39, 
43, 
49, 
43, 
43, 
38, 
55, 
43, 
53, 
44, 
39, 
44, 
46, 
39, 
44, 
49, 
39, 
39, 
48, 
42, 
48, 
380, 
46, 
37, 
142, 
163, 
229, 
55, 
43, 
40, 
53, 
41, 
39, 
50, 
73, 
44, 
37, 
44, 
52, 
44, 
52, 
48, 
39, 
38, 
44, 
44, 
38, 
39, 
61, 
45, 
36, 
51, 
47, 
61, 
44, 
39, 
52, 
40, 
63, 
49, 
40, 
40, 
47, 
42, 
46, 
46, 
39, 
43, 
49, 
68, 
53, 
40, 
42, 
55, 
45, 
41, 
46, 
55, 
40, 
57, 
61, 
39, 
49, 
48, 
39, 
47, 
40, 
40, 
48, 
38, 
43, 
64, 
39, 
37, 
51, 
38, 
43, 
39, 
44, 
41, 
50, 
47, 
67, 
54, 
54, 
38, 
52, 
39, 
46, 
46, 
42, 
41, 
55, 
42, 
37, 
65, 
45, 
38, 
49, 
37, 
42, 
76, 
79, 
38, 
46, 
61, 
45, 
42, 
47, 
42, 
121, 
173, 
124, 
149, 
164, 
89, 
50, 
66, 
47, 
50, 
41, 
45, 
40, 
46, 
48, 
42, 
41, 
39, 
49, 
40, 
39, 
49, 
48, 
39, 
55, 
45, 
39, 
50, 
46, 
39, 
50, 
48, 
43, 
46, 
42, 
39, 
50, 
42, 
46, 
49, 
49, 
39, 
43, 
39, 
44, 
45, 
45, 
41, 
40, 
69, 
38, 
44, 
40, 
42, 
39, 
50, 
44, 
59, 
46, 
42, 
52, 
38, 
47, 
55, 
40, 
40, 
45, 
48, 
42, 
39, 
45, 
41, 
42, 
51, 
41, 
33, 
57, 
30, 
34, 
63, 
40, 
34, 
32, 
45, 
41, 
43, 
51, 
42, 
40, 
46, 
72, 
40, 
48, 
44, 
41, 
45, 
41, 
39, 
49, 
40, 
41, 
72, 
41, 
36, 
60, 
39, 
40, 
44, 
64, 
107, 
2507, 
70, 
38, 
45, 
40, 
43, 
48, 
51, 
41, 
68, 
58, 
45, 
58, 
43, 
53, 
39, 
39, 
48, 
40, 
42, 
52, 
37, 
41, 
42, 
44, 
43, 
40, 
72, 
40, 
46, 
45, 
40, 
39, 
46, 
44, 
40, 
56, 
52, 
39, 
43, 
46, 
37, 
62, 
68, 
47, 
40, 
42, 
42, 
29, 
32, 
41, 
38, 
35, 
32, 
34, 
46, 
71, 
40, 
52, 
41, 
40, 
50, 
46, 
42, 
51, 
42, 
41, 
60, 
39, 
66, 
44, 
41, 
46, 
49, 
44, 
45, 
46, 
41, 
47, 
52, 
43, 
49, 
59, 
38, 
55, 
41, 
39, 
44, 
39, 
62, 
90, 
39, 
56, 
42, 
40, 
84, 
39, 
63, 
50, 
67, 
41, 
40, 
54, 
42, 
111, 
41, 
198, 
39, 
162, 
104, 
63, 
51, 
41, 
40, 
45, 
47, 
52, 
51, 
62, 
50, 
53, 
51, 
45, 
41, 
42, 
52, 
38, 
53, 
44, 
49, 
40, 
47, 
52, 
41, 
43, 
42, 
44, 
51, 
43, 
42, 
47, 
41, 
43, 
40, 
46, 
44, 
41, 
59, 
42, 
41, 
58, 
47, 
52, 
41, 
42, 
48, 
56, 
42, 
46, 
41, 
47, 
47, 
44, 
63, 
45, 
44, 
42, 
45, 
61, 
37, 
50, 
37, 
36, 
41, 
33, 
31, 
45, 
55, 
41, 
40, 
63, 
41, 
47, 
50, 
41, 
76, 
50, 
71, 
53, 
46, 
50, 
44, 
43, 
49, 
66, 
44, 
40, 
43, 
49, 
40, 
40, 
117, 
43, 
50, 
39, 
49, 
36, 
44, 
48, 
45, 
41, 
48, 
164, 
38, 
96, 
51, 
59, 
156, 
109, 
48, 
39, 
40, 
48, 
61, 
42, 
48, 
40, 
42, 
76, 
41, 
63, 
50, 
52, 
45, 
42, 
47, 
60, 
41, 
56, 
47, 
45, 
45, 
41, 
41, 
46, 
43, 
40, 
47, 
55, 
39, 
50, 
41, 
50, 
49, 
41, 
47, 
53, 
43, 
41, 
49, 
40, 
44, 
48, 
42, 
45, 
44, 
43, 
45, 
53, 
41, 
43, 
45, 
47, 
44, 
45, 
46, 
41, 
39, 
49, 
42, 
38, 
51, 
42, 
45, 
49, 
47, 
44, 
50, 
44, 
41, 
50, 
43, 
43, 
51, 
48, 
36, 
60, 
40, 
41, 
49, 
39, 
39, 
49, 
42, 
41, 
46, 
40, 
42, 
50, 
45, 
43, 
38, 
74, 
39, 
44, 
38, 
42, 
47, 
45, 
40, 
41, 
43, 
127, 
44, 
70, 
74, 
167, 
101, 
37, 
41, 
42, 
40, 
41, 
48, 
45, 
42, 
38, 
47, 
39, 
40, 
43, 
43, 
42, 
64, 
39, 
36, 
45, 
46, 
43, 
47, 
48, 
40, 
32, 
46, 
56, 
33, 
41, 
31, 
37, 
32, 
44, 
36, 
45, 
45, 
56, 
42, 
48, 
40, 
42, 
46, 
47, 
42, 
48, 
47, 
42, 
53, 
41, 
43, 
45, 
48, 
43, 
53, 
53, 
40, 
46, 
57, 
39, 
90, 
70, 
40, 
43, 
45, 
42, 
42, 
39, 
49, 
41, 
39, 
53, 
49, 
39, 
51, 
43, 
38, 
51, 
46, 
40, 
42, 
40, 
59, 
51, 
43, 
38, 
51, 
49, 
42, 
48, 
56, 
48, 
48, 
41, 
49, 
48, 
40, 
78, 
45, 
49, 
47, 
44, 
69, 
39, 
50, 
137, 
55, 
214, 
39, 
146, 
38, 
43, 
42, 
46, 
41, 
40, 
78, 
39, 
57, 
40, 
40, 
47, 
43, 
43, 
57, 
39, 
41, 
48, 
39, 
40, 
39, 
47, 
39, 
40, 
42, 
40, 
45, 
52, 
61, 
36, 
52, 
39, 
65, 
48, 
45, 
49, 
45, 
45, 
53, 
60, 
55, 
47, 
45, 
46, 
49, 
41, 
44, 
46, 
62, 
54, 
45, 
46, 
49, 
42, 
42, 
55, 
49, 
41, 
47, 
58, 
50, 
40, 
50, 
46, 
44, 
40, 
52, 
45, 
40, 
46, 
66, 
55, 
48, 
60, 
57, 
39, 
42, 
64, 
45, 
65, 
39, 
42, 
46, 
41, 
37, 
44, 
45, 
44, 
41, 
45, 
61, 
47, 
44, 
43, 
54, 
61, 
38, 
49, 
42, 
40, 
49, 
41, 
42, 
120, 
148, 
1180, 
163, 
57, 
40, 
49, 
40, 
42, 
47, 
65, 
40, 
48, 
38, 
42, 
49, 
41, 
42, 
57, 
39, 
47, 
44, 
42, 
42, 
47, 
40, 
42, 
38, 
54, 
53, 
57, 
39, 
39, 
46, 
43, 
40, 
51, 
45, 
50, 
49, 
42, 
44, 
58, 
37, 
42, 
45, 
50, 
40, 
37, 
54, 
38, 
40, 
48, 
46, 
39, 
53, 
46, 
40, 
49, 
43, 
37, 
43, 
41, 
48, 
49, 
58, 
46, 
45, 
41, 
41, 
46, 
42, 
38, 
46, 
50, 
54, 
46, 
39, 
39, 
47, 
40, 
42, 
68, 
37, 
36, 
32, 
40, 
53, 
32, 
64, 
33, 
32, 
43, 
53, 
52, 
47, 
37, 
38, 
71, 
43, 
42, 
48, 
40, 
39, 
44, 
45, 
40, 
78, 
126, 
184, 
267, 
180, 
107, 
36, 
36, 
57, 
40, 
42, 
44, 
39, 
37, 
40, 
48, 
40, 
40, 
45, 
41, 
60, 
69, 
45, 
43, 
42, 
37, 
42, 
46, 
39, 
40, 
47, 
50, 
67, 
43, 
51, 
48, 
43, 
42, 
45, 
48, 
39, 
47, 
46, 
83, 
51, 
42, 
48, 
45, 
43, 
45, 
52, 
41, 
66, 
40, 
44, 
52, 
39, 
75, 
41, 
44, 
48, 
42, 
44, 
48, 
41, 
42, 
48, 
46, 
45, 
48, 
43, 
46, 
44, 
46, 
42, 
48, 
48, 
40, 
40, 
42, 
43, 
38, 
43, 
41, 
49, 
75, 
40, 
57, 
40, 
42, 
46, 
43, 
40, 
38, 
48, 
40, 
39, 
45, 
46, 
54, 
44, 
38, 
42, 
45, 
49, 
39, 
46, 
69, 
40, 
116, 
47, 
94, 
180, 
166, 
123, 
39, 
39, 
45, 
37, 
41, 
45, 
50, 
43, 
48, 
43, 
40, 
37, 
48, 
51, 
49, 
46, 
43, 
49, 
46, 
41, 
35, 
43, 
39, 
39, 
46, 
42, 
46, 
49, 
41, 
44, 
44, 
49, 
39, 
45, 
56, 
38, 
41, 
64, 
42, 
53, 
46, 
40, 
51, 
38, 
40, 
48, 
42, 
44, 
48, 
52, 
41, 
46, 
48, 
40, 
45, 
40, 
44, 
43, 
64, 
40, 
48, 
40, 
41, 
49, 
42, 
47, 
45, 
40, 
48, 
47, 
40, 
44, 
45, 
46, 
44, 
48, 
51, 
42, 
43, 
44, 
62, 
48, 
43, 
45, 
45, 
45, 
41, 
47, 
51, 
43, 
100, 
47, 
44, 
60, 
49, 
41, 
40, 
46, 
39, 
38, 
38, 
54, 
46, 
120, 
142, 
51, 
157, 
167, 
105, 
38, 
39, 
47, 
41, 
52, 
45, 
40, 
40, 
68, 
46, 
39, 
49, 
47, 
41, 
47, 
41, 
39, 
49, 
43, 
40, 
49, 
59, 
37, 
53, 
39, 
42, 
48, 
57, 
39, 
46, 
55, 
39, 
47, 
44, 
44, 
77, 
47, 
44, 
42, 
40, 
45, 
43, 
41, 
50, 
43, 
42, 
69, 
42, 
39, 
48, 
39, 
40, 
46, 
49, 
38, 
45, 
46, 
55, 
45, 
65, 
47, 
45, 
41, 
37, 
45, 
56, 
44, 
48, 
41, 
51, 
53, 
42, 
48, 
39, 
41, 
47, 
47, 
42, 
39, 
47, 
43, 
43, 
46, 
42, 
42, 
54, 
44, 
40, 
48, 
40, 
39, 
45, 
47, 
40, 
45, 
50, 
43, 
47, 
48, 
46, 
46, 
38, 
47, 
120, 
141, 
47, 
160, 
160, 
115, 
43, 
40, 
67, 
43, 
44, 
49, 
42, 
48, 
52, 
42, 
43, 
42, 
38, 
57, 
42, 
42, 
47, 
44, 
67, 
45, 
41, 
39, 
48, 
49, 
73, 
46, 
55, 
45, 
43, 
44, 
49, 
41, 
43, 
55, 
45, 
39, 
49, 
37, 
41, 
61, 
40, 
41, 
49, 
40, 
40, 
49, 
48, 
42, 
44, 
46, 
39, 
40, 
44, 
43, 
36, 
46, 
42, 
62, 
51, 
52, 
49, 
44, 
37, 
43, 
42, 
50, 
38, 
48, 
52, 
41, 
43, 
43, 
40, 
50, 
41, 
41, 
40, 
44, 
38, 
56, 
48, 
39, 
44, 
48, 
43, 
46, 
41, 
40, 
39, 
49, 
54, 
49, 
42, 
46, 
43, 
62, 
41, 
42, 
40, 
39, 
39, 
46, 
45, 
123, 
126, 
73, 
301, 
166, 
134, 
45, 
39, 
41, 
43, 
40, 
45, 
44, 
48, 
45, 
47, 
43, 
48, 
50, 
43, 
44, 
46, 
42, 
39, 
37, 
48, 
47, 
38, 
49, 
44, 
44, 
57, 
43, 
38, 
47, 
81, 
50, 
58, 
46, 
49, 
45, 
47, 
48, 
39, 
43, 
44, 
40, 
47, 
65, 
39, 
51, 
43, 
45, 
48, 
41, 
65, 
47, 
42, 
49, 
47, 
45, 
47, 
52, 
41, 
46, 
41, 
48, 
45, 
44, 
44, 
45, 
45, 
45, 
44, 
50, 
41, 
44, 
48, 
47, 
46, 
47, 
42, 
46, 
79, 
51, 
42, 
44, 
44, 
44, 
39, 
73, 
45, 
39, 
47, 
42, 
40, 
50, 
41, 
40, 
46, 
43, 
54, 
53, 
42, 
47, 
44, 
41, 
40, 
120, 
62, 
107, 
159, 
291, 
163, 
50, 
49, 
38, 
48, 
41, 
36, 
57, 
38, 
39, 
53, 
60, 
40, 
46, 
44, 
42, 
56, 
45, 
41, 
46, 
41, 
38, 
43, 
39, 
40, 
54, 
74, 
46, 
45, 
43, 
41, 
41, 
47, 
41, 
50, 
42, 
41, 
53, 
47, 
39, 
88, 
43, 
46, 
40, 
39, 
51, 
47, 
39, 
46, 
83, 
47, 
42, 
40, 
51, 
44, 
41, 
52, 
52, 
43, 
50, 
50, 
44, 
48, 
49, 
44, 
46, 
46, 
44, 
65, 
63, 
44, 
45, 
44, 
48, 
47, 
42, 
51, 
46, 
39, 
47, 
63, 
47, 
43, 
41, 
50, 
45, 
41, 
38, 
48, 
42, 
39, 
73, 
39, 
49, 
54, 
37, 
60, 
48, 
42, 
54, 
49, 
41, 
63, 
46, 
186, 
198, 
277, 
264, 
163, 
45, 
47, 
43, 
50, 
45, 
37, 
59, 
41, 
42, 
64, 
42, 
47, 
48, 
45, 
44, 
48, 
42, 
46, 
50, 
44, 
45, 
45, 
42, 
46, 
72, 
38, 
72, 
42, 
48, 
47, 
39, 
49, 
40, 
42, 
50, 
39, 
42, 
61, 
40, 
43, 
43, 
59, 
43, 
61, 
43, 
49, 
43, 
40, 
38, 
47, 
42, 
42, 
49, 
38, 
38, 
42, 
46, 
44, 
39, 
56, 
40, 
40, 
46, 
41, 
42, 
51, 
42, 
43, 
61, 
41, 
68, 
45, 
37, 
35, 
44, 
39, 
34, 
35, 
47, 
43, 
39, 
77, 
41, 
47, 
41, 
40, 
46, 
65, 
39, 
44, 
40, 
42, 
73, 
45, 
39, 
51, 
48, 
42, 
45, 
48, 
46, 
42, 
40, 
190, 
57, 
151, 
179, 
165, 
252, 
65, 
42, 
43, 
55, 
46, 
39, 
45, 
65, 
58, 
44, 
38, 
38, 
45, 
38, 
44, 
44, 
44, 
39, 
47, 
44, 
43, 
38, 
47, 
44, 
54, 
48, 
46, 
43, 
44, 
38, 
41, 
46, 
41, 
48, 
46, 
44, 
40, 
45, 
40, 
40, 
43, 
47, 
45, 
45, 
67, 
38, 
50, 
38, 
37, 
50, 
45, 
43, 
51, 
44, 
42, 
59, 
43, 
41, 
59, 
50, 
40, 
47, 
45, 
39, 
73, 
41, 
49, 
38, 
42, 
46, 
44, 
43, 
45, 
50, 
45, 
70, 
42, 
38, 
102, 
43, 
45, 
40, 
39, 
45, 
47, 
42, 
49, 
47, 
40, 
51, 
45, 
39, 
49, 
47, 
39, 
79, 
38, 
50, 
42, 
39, 
48, 
40, 
137, 
60, 
117, 
165, 
143, 
125, 
180, 
39, 
52, 
51, 
45, 
40, 
70, 
46, 
40, 
40, 
45, 
39, 
40, 
49, 
48, 
41, 
38, 
65, 
41, 
48, 
38, 
38, 
37, 
54, 
41, 
38, 
54, 
41, 
71, 
42, 
37, 
44, 
49, 
43, 
47, 
48, 
44, 
46, 
53, 
77, 
40, 
40, 
53, 
43, 
42, 
39, 
46, 
40, 
41, 
44, 
59, 
40, 
48, 
61, 
50, 
39, 
40, 
40, 
49, 
59, 
55, 
40, 
44, 
48, 
48, 
41, 
48, 
41, 
42, 
45, 
71, 
41, 
49, 
47, 
38, 
50, 
40, 
48, 
56, 
41, 
35, 
75, 
45, 
44, 
39, 
39, 
51, 
54, 
38, 
48, 
40, 
57, 
45, 
39, 
52, 
43, 
42, 
44, 
47, 
47, 
41, 
47, 
45, 
89, 
124, 
69, 
123, 
172, 
162, 
46, 
42, 
39, 
49, 
39, 
39, 
45, 
40, 
38, 
39, 
46, 
54, 
38, 
47, 
53, 
45, 
43, 
48, 
39, 
49, 
40, 
38, 
43, 
43, 
43, 
74, 
50, 
47, 
40, 
40, 
38, 
47, 
40, 
39, 
46, 
42, 
41, 
49, 
38, 
42, 
39, 
48, 
41, 
39, 
46, 
44, 
44, 
64, 
43, 
39, 
55, 
45, 
39, 
72, 
42, 
46, 
39, 
41, 
48, 
49, 
41, 
39, 
40, 
43, 
38, 
41, 
37, 
45, 
39, 
49, 
43, 
45, 
75, 
39, 
51, 
51, 
40, 
52, 
50, 
40, 
50, 
45, 
38, 
48, 
98, 
39, 
39, 
42, 
55, 
43, 
47, 
58, 
69, 
44, 
39, 
42, 
46, 
48, 
41, 
48, 
38, 
39, 
60, 
189, 
65, 
37, 
134, 
180, 
160, 
40, 
38, 
39, 
45, 
64, 
48, 
40, 
42, 
37, 
44, 
40, 
39, 
56, 
41, 
43, 
80, 
47, 
48, 
39, 
46, 
42, 
43, 
40, 
50, 
40, 
49, 
64, 
44, 
40, 
41, 
38, 
39, 
39, 
48, 
41, 
40, 
45, 
65, 
48, 
43, 
45, 
38, 
47, 
48, 
38, 
53, 
42, 
38, 
63, 
41, 
39, 
48, 
41, 
39, 
47, 
46, 
41, 
50, 
40, 
70, 
41, 
56, 
46, 
40, 
43, 
46, 
47, 
41, 
40, 
44, 
44, 
42, 
45, 
47, 
38, 
53, 
47, 
38, 
41, 
47, 
41, 
68, 
42, 
44, 
49, 
42, 
41, 
52, 
45, 
39, 
60, 
57, 
45, 
41, 
47, 
45, 
63, 
39, 
45, 
40, 
41, 
86, 
48, 
136, 
69, 
40, 
142, 
166, 
244, 
42, 
39, 
72, 
40, 
44, 
36, 
48, 
40, 
71, 
39, 
44, 
39, 
43, 
59, 
44, 
43, 
42, 
52, 
44, 
40, 
37, 
45, 
42, 
46, 
51, 
39, 
39, 
46, 
58, 
42, 
48, 
38, 
40, 
45, 
42, 
56, 
43, 
37, 
39, 
40, 
61, 
40, 
40, 
52, 
39, 
41, 
65, 
41, 
44, 
45, 
68, 
52, 
41, 
51, 
43, 
40, 
40, 
43, 
38, 
54, 
43, 
40, 
42, 
38, 
50, 
47, 
50, 
47, 
54, 
45, 
47, 
41, 
48, 
58, 
39, 
42, 
47, 
42, 
46, 
39, 
40, 
40, 
46, 
45, 
40, 
54, 
40, 
32, 
65, 
77, 
45, 
94, 
44, 
33, 
29, 
31, 
43, 
44, 
39, 
40, 
39, 
44, 
47, 
131, 
41, 
39, 
147, 
166, 
160, 
44, 
41, 
40, 
44, 
64, 
46, 
40, 
39, 
35, 
55, 
43, 
39, 
48, 
43, 
39, 
78, 
48, 
43, 
38, 
49, 
45, 
39, 
44, 
45, 
47, 
39, 
54, 
64, 
44, 
42, 
43, 
38, 
44, 
45, 
40, 
45, 
44, 
43, 
46, 
44, 
41, 
40, 
49, 
48, 
41, 
49, 
46, 
40, 
48, 
39, 
38, 
43, 
41, 
43, 
47, 
40, 
44, 
47, 
46, 
51, 
47, 
38, 
49, 
67, 
44, 
40, 
66, 
41, 
71, 
43, 
61, 
43, 
43, 
48, 
39, 
42, 
40, 
43, 
38, 
73, 
38, 
41, 
57, 
40, 
47, 
50, 
38, 
44, 
44, 
41, 
50, 
53, 
36, 
70, 
45, 
42, 
38, 
60, 
40, 
78, 
32, 
39, 
30, 
2371, 
171, 
45, 
45, 
36, 
43, 
43, 
44, 
47, 
39, 
44, 
37, 
39, 
46, 
46, 
43, 
45, 
37, 
43, 
37, 
48, 
51, 
36, 
47, 
39, 
41, 
65, 
45, 
38, 
52, 
37, 
41, 
60, 
44, 
69, 
38, 
44, 
46, 
44, 
39, 
40, 
50, 
47, 
70, 
38, 
38, 
44, 
42, 
41, 
39, 
46, 
42, 
40, 
47, 
53, 
44, 
45, 
41, 
41, 
47, 
36, 
59, 
48, 
40, 
41, 
47, 
38, 
44, 
50, 
40, 
43, 
54, 
38, 
41, 
38, 
43, 
54, 
38, 
47, 
38, 
40, 
47, 
39, 
38, 
38, 
48, 
41, 
68, 
39, 
40, 
49, 
45, 
42, 
35, 
44, 
39, 
40, 
48, 
66, 
37, 
47, 
39, 
46, 
47, 
41, 
43, 
74, 
42, 
209, 
102, 
175, 
94, 
46, 
43, 
47, 
45, 
46, 
41, 
48, 
41, 
40, 
67, 
42, 
40, 
71, 
41, 
44, 
40, 
42, 
45, 
47, 
42, 
60, 
39, 
44, 
44, 
47, 
47, 
49, 
41, 
43, 
45, 
44, 
59, 
53, 
45, 
39, 
49, 
38, 
41, 
49, 
40, 
45, 
43, 
66, 
40, 
50, 
44, 
61, 
43, 
43, 
40, 
45, 
91, 
43, 
42, 
38, 
46, 
39, 
43, 
44, 
45, 
40, 
48, 
68, 
39, 
45, 
44, 
46, 
51, 
48, 
48, 
55, 
42, 
49, 
39, 
45, 
56, 
43, 
40, 
45, 
40, 
43, 
46, 
84, 
46, 
38, 
41, 
40, 
44, 
44, 
37, 
43, 
39, 
42, 
49, 
40, 
40, 
37, 
51, 
42, 
39, 
40, 
40, 
38, 
112, 
131, 
125, 
73, 
170, 
104, 
51, 
40, 
41, 
45, 
39, 
42, 
49, 
38, 
44, 
65, 
39, 
40, 
45, 
37, 
40, 
38, 
46, 
43, 
46, 
60, 
55, 
47, 
38, 
53, 
47, 
44, 
59, 
44, 
37, 
43, 
47, 
51, 
38, 
48, 
38, 
44, 
48, 
42, 
41, 
51, 
42, 
43, 
54, 
41, 
41, 
40, 
43, 
41, 
40, 
49, 
40, 
40, 
45, 
74, 
40, 
46, 
42, 
38, 
44, 
48, 
44, 
44, 
40, 
40, 
72, 
38, 
39, 
47, 
40, 
45, 
46, 
43, 
39, 
40, 
48, 
57, 
43, 
45, 
44, 
46, 
48, 
40, 
39, 
44, 
43, 
42, 
57, 
42, 
40, 
45, 
41, 
41, 
47, 
38, 
38, 
41, 
45, 
61, 
56, 
41, 
41, 
48, 
45, 
60, 
131, 
40, 
341, 
265, 
159, 
40, 
49, 
43, 
44, 
46, 
55, 
43, 
50, 
38, 
37, 
43, 
45, 
42, 
38, 
44, 
40, 
81, 
37, 
42, 
46, 
48, 
62, 
46, 
38, 
38, 
46, 
43, 
54, 
51, 
42, 
43, 
49, 
41, 
40, 
47, 
42, 
58, 
42, 
39, 
45, 
60, 
37, 
40, 
45, 
48, 
39, 
39, 
47, 
39, 
40, 
49, 
38, 
47, 
47, 
57, 
38, 
46, 
40, 
48, 
43, 
54, 
39, 
57, 
44, 
44, 
49, 
41, 
46, 
51, 
43, 
39, 
52, 
63, 
42, 
43, 
42, 
39, 
57, 
41, 
42, 
36, 
29, 
35, 
32, 
45, 
31, 
34, 
37, 
40, 
39, 
44, 
42, 
43, 
40, 
44, 
54, 
41, 
41, 
43, 
40, 
41, 
41, 
42, 
114, 
1194, 
167, 
110, 
36, 
42, 
48, 
41, 
44, 
47, 
43, 
51, 
44, 
40, 
54, 
44, 
67, 
39, 
45, 
49, 
41, 
48, 
42, 
44, 
51, 
41, 
74, 
41, 
43, 
43, 
41, 
43, 
46, 
43, 
42, 
39, 
42, 
69, 
54, 
41, 
43, 
43, 
46, 
42, 
49, 
39, 
41, 
38, 
69, 
42, 
78, 
46, 
51, 
44, 
45, 
42, 
48, 
60, 
42, 
36, 
45, 
45, 
50, 
46, 
42, 
39, 
45, 
45, 
80, 
45, 
42, 
41, 
38, 
48, 
38, 
41, 
44, 
42, 
41, 
66, 
39, 
41, 
46, 
42, 
46, 
46, 
45, 
48, 
44, 
43, 
59, 
47, 
42, 
41, 
42, 
41, 
39, 
48, 
46, 
44, 
38, 
70, 
46, 
49, 
39, 
42, 
42, 
85, 
165, 
172, 
162, 
159, 
137, 
50, 
40, 
57, 
40, 
48, 
47, 
52, 
58, 
47, 
42, 
38, 
50, 
39, 
42, 
46, 
43, 
40, 
49, 
71, 
39, 
41, 
46, 
40, 
51, 
39, 
43, 
47, 
41, 
49, 
47, 
39, 
43, 
44, 
41, 
40, 
36, 
42, 
46, 
37, 
46, 
57, 
37, 
42, 
45, 
36, 
55, 
38, 
39, 
46, 
43, 
41, 
56, 
48, 
43, 
40, 
55, 
40, 
47, 
47, 
39, 
37, 
40, 
44, 
46, 
32, 
42, 
36, 
49, 
44, 
56, 
43, 
40, 
39, 
155, 
70, 
42, 
239, 
41, 
40, 
41, 
40, 
48, 
44, 
46, 
38, 
57, 
37, 
46, 
67, 
45, 
42, 
48, 
50, 
40, 
45, 
39, 
47, 
55, 
43, 
44, 
47, 
45, 
41, 
53, 
43, 
46, 
51, 
44, 
98, 
41, 
40, 
42, 
63, 
41, 
43, 
48, 
53, 
46, 
39, 
42, 
42, 
45, 
44, 
40, 
46, 
39, 
39, 
47, 
46, 
49, 
173, 
79, 
42, 
239, 
46, 
47, 
40, 
45, 
38, 
46, 
58, 
42, 
40, 
46, 
70, 
45, 
44, 
60, 
41, 
40, 
42, 
69, 
43, 
39, 
42, 
40, 
49, 
49, 
40, 
44, 
45, 
46, 
44, 
46, 
45, 
64, 
40, 
40, 
40, 
43, 
46, 
40, 
41, 
41, 
52, 
49, 
51, 
41, 
48, 
62, 
43, 
40, 
45, 
55, 
47, 
38, 
63, 
132, 
128, 
172, 
117, 
163, 
244, 
43, 
38, 
42, 
44, 
38, 
54, 
48, 
40, 
47, 
75, 
46, 
53, 
41, 
42, 
46, 
39, 
42, 
47, 
46, 
41, 
58, 
39, 
42, 
46, 
55, 
42, 
48, 
43, 
45, 
50, 
39, 
39, 
49, 
45, 
45, 
48, 
44, 
41, 
39, 
53, 
43, 
52, 
50, 
44, 
48, 
47, 
47, 
49, 
40, 
47, 
48, 
68, 
52, 
42, 
46, 
46, 
40, 
43, 
50, 
44, 
42, 
49, 
67, 
43, 
53, 
48, 
47, 
62, 
52, 
44, 
49, 
84, 
41, 
39, 
58, 
40, 
43, 
62, 
42, 
49, 
51, 
41, 
48, 
41, 
41, 
38, 
49, 
43, 
41, 
44, 
36, 
40, 
51, 
53, 
42, 
45, 
40, 
44, 
55, 
38, 
44, 
57, 
50, 
137, 
53, 
165, 
163, 
176, 
266, 
41, 
72, 
58, 
60, 
38, 
43, 
44, 
44, 
40, 
44, 
43, 
42, 
41, 
47, 
40, 
