raspberry pi VPN network-home, 
69, 
50, 
47, 
54, 
45, 
47, 
45, 
50, 
47, 
47, 
49, 
49, 
47, 
58, 
53, 
47, 
46, 
45, 
45, 
50, 
47, 
49, 
41, 
46, 
49, 
47, 
50, 
46, 
49, 
64, 
50, 
49, 
51, 
51, 
53, 
50, 
47, 
50, 
49, 
46, 
56, 
53, 
44, 
46, 
48, 
46, 
47, 
48, 
56, 
49, 
53, 
48, 
50, 
44, 
43, 
50, 
123, 
141, 
44, 
47, 
46, 
47, 
53, 
43, 
44, 
44, 
46, 
51, 
46, 
66, 
45, 
41, 
40, 
37, 
39, 
37, 
33, 
39, 
38, 
48, 
49, 
45, 
49, 
50, 
49, 
46, 
61, 
66, 
46, 
44, 
45, 
45, 
47, 
45, 
46, 
45, 
48, 
49, 
45, 
49, 
51, 
61, 
51, 
47, 
48, 
45, 
46, 
48, 
46, 
48, 
45, 
69, 
47, 
49, 
49, 
50, 
43, 
48, 
44, 
47, 
50, 
51, 
50, 
59, 
53, 
38, 
38, 
40, 
42, 
37, 
37, 
38, 
38, 
47, 
43, 
47, 
46, 
45, 
45, 
47, 
50, 
48, 
43, 
48, 
46, 
47, 
50, 
48, 
53, 
46, 
49, 
44, 
55, 
38, 
40, 
41, 
42, 
39, 
35, 
41, 
40, 
38, 
48, 
48, 
43, 
132, 
46, 
49, 
47, 
43, 
45, 
52, 
48, 
50, 
45, 
48, 
45, 
44, 
47, 
46, 
51, 
53, 
54, 
48, 
65, 
47, 
48, 
54, 
49, 
45, 
48, 
47, 
47, 
46, 
45, 
46, 
46, 
46, 
49, 
47, 
52, 
46, 
68, 
47, 
46, 
43, 
47, 
43, 
76, 
48, 
44, 
48, 
46, 
48, 
48, 
48, 
46, 
47, 
48, 
51, 
48, 
47, 
48, 
56, 
49, 
47, 
51, 
45, 
46, 
47, 
47, 
49, 
47, 
47, 
45, 
39, 
46, 
51, 
48, 
44, 
44, 
43, 
43, 
48, 
47, 
44, 
47, 
54, 
47, 
45, 
45, 
60, 
49, 
45, 
47, 
59, 
46, 
45, 
47, 
45, 
55, 
42, 
37, 
40, 
38, 
40, 
37, 
39, 
39, 
36, 
38, 
37, 
135, 
46, 
45, 
51, 
48, 
45, 
47, 
49, 
45, 
44, 
45, 
48, 
42, 
48, 
46, 
47, 
46, 
42, 
39, 
40, 
39, 
40, 
40, 
38, 
41, 
35, 
38, 
47, 
50, 
49, 
45, 
63, 
47, 
45, 
46, 
44, 
47, 
49, 
47, 
48, 
52, 
49, 
45, 
46, 
51, 
37, 
47, 
39, 
39, 
37, 
37, 
43, 
39, 
37, 
41, 
48, 
46, 
48, 
54, 
48, 
49, 
48, 
47, 
50, 
49, 
50, 
47, 
50, 
48, 
46, 
55, 
48, 
49, 
44, 
46, 
50, 
44, 
44, 
47, 
44, 
51, 
47, 
55, 
45, 
51, 
49, 
46, 
44, 
43, 
49, 
46, 
48, 
48, 
48, 
46, 
47, 
46, 
46, 
45, 
46, 
42, 
47, 
47, 
48, 
46, 
47, 
47, 
49, 
44, 
117, 
49, 
48, 
47, 
44, 
46, 
44, 
42, 
46, 
47, 
46, 
44, 
47, 
47, 
48, 
50, 
48, 
47, 
55, 
47, 
49, 
67, 
45, 
65, 
55, 
46, 
45, 
48, 
45, 
48, 
43, 
48, 
52, 
49, 
52, 
48, 
49, 
44, 
57, 
53, 
44, 
46, 
46, 
48, 
52, 
48, 
44, 
46, 
46, 
49, 
44, 
50, 
46, 
48, 
50, 
47, 
50, 
49, 
48, 
51, 
47, 
50, 
46, 
46, 
54, 
47, 
51, 
51, 
47, 
50, 
48, 
48, 
48, 
54, 
42, 
39, 
36, 
39, 
38, 
39, 
40, 
43, 
40, 
46, 
44, 
48, 
59, 
47, 
47, 
53, 
46, 
51, 
48, 
47, 
45, 
32, 
47, 
44, 
43, 
45, 
47, 
39, 
39, 
40, 
39, 
35, 
39, 
40, 
125, 
41, 
101, 
47, 
65, 
79, 
93, 
107, 
107, 
46, 
52, 
56, 
48, 
45, 
48, 
46, 
62, 
48, 
55, 
49, 
53, 
45, 
50, 
49, 
47, 
49, 
46, 
44, 
45, 
45, 
48, 
49, 
47, 
49, 
49, 
47, 
51, 
46, 
46, 
46, 
50, 
49, 
46, 
49, 
50, 
47, 
62, 
41, 
47, 
46, 
46, 
44, 
45, 
46, 
54, 
49, 
44, 
52, 
63, 
44, 
45, 
46, 
50, 
45, 
47, 
49, 
46, 
49, 
48, 
51, 
48, 
56, 
47, 
50, 
47, 
49, 
45, 
46, 
51, 
51, 
49, 
48, 
58, 
48, 
46, 
46, 
49, 
51, 
44, 
46, 
50, 
45, 
47, 
46, 
43, 
52, 
46, 
46, 
46, 
48, 
47, 
48, 
46, 
50, 
53, 
54, 
93, 
96, 
49, 
53, 
46, 
50, 
48, 
42, 
47, 
49, 
45, 
64, 
45, 
46, 
51, 
46, 
55, 
52, 
48, 
41, 
43, 
48, 
50, 
45, 
49, 
51, 
45, 
45, 
47, 
49, 
45, 
46, 
49, 
55, 
48, 
48, 
48, 
48, 
44, 
44, 
49, 
54, 
45, 
46, 
47, 
45, 
46, 
45, 
50, 
47, 
44, 
50, 
47, 
48, 
50, 
49, 
47, 
45, 
47, 
47, 
50, 
44, 
51, 
50, 
48, 
50, 
45, 
49, 
44, 
44, 
45, 
49, 
45, 
45, 
51, 
50, 
48, 
45, 
38, 
39, 
39, 
37, 
38, 
45, 
40, 
40, 
41, 
38, 
43, 
49, 
46, 
46, 
51, 
50, 
45, 
47, 
51, 
44, 
49, 
55, 
63, 
47, 
51, 
50, 
44, 
51, 
43, 
48, 
43, 
135, 
45, 
50, 
69, 
48, 
53, 
51, 
48, 
50, 
46, 
46, 
48, 
47, 
48, 
45, 
49, 
52, 
49, 
46, 
45, 
48, 
48, 
42, 
42, 
36, 
46, 
37, 
37, 
39, 
45, 
39, 
37, 
39, 
43, 
54, 
47, 
50, 
47, 
45, 
52, 
48, 
44, 
43, 
47, 
46, 
52, 
42, 
50, 
46, 
43, 
41, 
49, 
44, 
50, 
42, 
42, 
54, 
46, 
49, 
46, 
49, 
46, 
51, 
44, 
54, 
45, 
50, 
47, 
44, 
46, 
47, 
46, 
48, 
48, 
58, 
48, 
47, 
47, 
46, 
47, 
45, 
45, 
49, 
47, 
56, 
52, 
50, 
48, 
48, 
47, 
49, 
47, 
52, 
45, 
57, 
48, 
50, 
47, 
44, 
51, 
57, 
47, 
56, 
46, 
63, 
46, 
43, 
69, 
46, 
45, 
56, 
51, 
56, 
45, 
47, 
48, 
44, 
48, 
44, 
43, 
46, 
48, 
46, 
48, 
47, 
45, 
43, 
44, 
45, 
46, 
46, 
59, 
50, 
81, 
46, 
50, 
46, 
49, 
44, 
46, 
49, 
46, 
54, 
48, 
47, 
49, 
45, 
47, 
45, 
47, 
48, 
46, 
50, 
48, 
49, 
45, 
43, 
62, 
47, 
48, 
41, 
44, 
40, 
38, 
39, 
40, 
38, 
36, 
38, 
38, 
40, 
47, 
46, 
45, 
44, 
47, 
48, 
47, 
48, 
48, 
50, 
49, 
48, 
49, 
45, 
48, 
47, 
49, 
45, 
39, 
38, 
37, 
37, 
38, 
40, 
39, 
38, 
39, 
48, 
48, 
51, 
46, 
48, 
48, 
43, 
66, 
63, 
54, 
48, 
51, 
46, 
44, 
48, 
44, 
47, 
73, 
48, 
129, 
40, 
40, 
38, 
36, 
36, 
38, 
38, 
39, 
47, 
45, 
46, 
45, 
63, 
48, 
51, 
47, 
48, 
44, 
47, 
47, 
46, 
49, 
47, 
45, 
46, 
45, 
37, 
36, 
39, 
38, 
37, 
34, 
39, 
39, 
38, 
52, 
48, 
45, 
46, 
46, 
54, 
49, 
55, 
52, 
49, 
65, 
45, 
44, 
47, 
49, 
45, 
45, 
50, 
45, 
45, 
50, 
49, 
48, 
54, 
48, 
44, 
48, 
46, 
48, 
45, 
45, 
46, 
45, 
49, 
51, 
45, 
48, 
49, 
57, 
48, 
46, 
44, 
45, 
47, 
49, 
49, 
36, 
43, 
37, 
40, 
59, 
40, 
37, 
56, 
47, 
50, 
47, 
47, 
50, 
44, 
49, 
47, 
45, 
45, 
45, 
45, 
48, 
52, 
47, 
47, 
100, 
134, 
44, 
37, 
36, 
44, 
40, 
39, 
40, 
41, 
40, 
39, 
47, 
48, 
47, 
45, 
45, 
47, 
45, 
51, 
51, 
46, 
47, 
46, 
46, 
47, 
47, 
47, 
46, 
58, 
47, 
52, 
49, 
47, 
43, 
45, 
48, 
50, 
49, 
50, 
48, 
45, 
45, 
45, 
44, 
50, 
46, 
48, 
46, 
47, 
44, 
47, 
50, 
55, 
48, 
48, 
49, 
46, 
46, 
49, 
51, 
47, 
54, 
46, 
56, 
49, 
49, 
46, 
50, 
50, 
45, 
47, 
46, 
49, 
48, 
47, 
54, 
46, 
43, 
46, 
45, 
52, 
48, 
51, 
61, 
55, 
37, 
42, 
39, 
36, 
37, 
39, 
37, 
41, 
38, 
60, 
48, 
44, 
45, 
47, 
45, 
48, 
65, 
46, 
52, 
47, 
45, 
56, 
47, 
129, 
48, 
44, 
50, 
44, 
47, 
55, 
53, 
47, 
45, 
66, 
46, 
44, 
48, 
44, 
48, 
49, 
45, 
168, 
75, 
48, 
48, 
50, 
50, 
54, 
53, 
46, 
45, 
49, 
47, 
47, 
46, 
47, 
44, 
50, 
53, 
46, 
68, 
53, 
48, 
46, 
49, 
45, 
48, 
46, 
45, 
46, 
48, 
45, 
42, 
51, 
44, 
47, 
44, 
42, 
51, 
47, 
47, 
52, 
54, 
49, 
45, 
52, 
46, 
50, 
58, 
46, 
47, 
47, 
47, 
46, 
45, 
48, 
49, 
56, 
46, 
66, 
45, 
47, 
47, 
50, 
45, 
47, 
47, 
49, 
52, 
54, 
43, 
49, 
47, 
50, 
45, 
47, 
46, 
48, 
46, 
50, 
46, 
51, 
45, 
49, 
47, 
52, 
47, 
44, 
51, 
44, 
53, 
52, 
43, 
50, 
45, 
50, 
48, 
42, 
37, 
40, 
37, 
41, 
44, 
37, 
38, 
37, 
44, 
47, 
49, 
46, 
44, 
49, 
48, 
45, 
53, 
50, 
49, 
48, 
55, 
47, 
47, 
47, 
48, 
46, 
48, 
49, 
44, 
45, 
51, 
44, 
48, 
49, 
46, 
46, 
47, 
46, 
49, 
45, 
48, 
46, 
49, 
47, 
43, 
44, 
47, 
43, 
50, 
47, 
54, 
53, 
46, 
51, 
42, 
38, 
39, 
39, 
45, 
40, 
38, 
40, 
55, 
46, 
50, 
49, 
59, 
48, 
44, 
51, 
43, 
46, 
48, 
48, 
52, 
50, 
45, 
49, 
48, 
41, 
44, 
38, 
42, 
38, 
40, 
39, 
37, 
38, 
37, 
41, 
48, 
47, 
45, 
48, 
53, 
51, 
47, 
51, 
48, 
48, 
48, 
51, 
91, 
47, 
49, 
48, 
46, 
46, 
43, 
51, 
47, 
46, 
53, 
48, 
48, 
50, 
50, 
43, 
51, 
46, 
54, 
45, 
44, 
49, 
46, 
47, 
46, 
48, 
52, 
47, 
49, 
46, 
45, 
48, 
49, 
46, 
48, 
44, 
52, 
45, 
51, 
46, 
52, 
48, 
94, 
45, 
48, 
51, 
47, 
48, 
49, 
46, 
46, 
45, 
46, 
49, 
48, 
56, 
49, 
48, 
43, 
42, 
48, 
61, 
49, 
46, 
50, 
43, 
45, 
48, 
45, 
49, 
47, 
49, 
48, 
45, 
46, 
48, 
47, 
48, 
44, 
46, 
47, 
46, 
44, 
45, 
51, 
45, 
48, 
48, 
48, 
49, 
48, 
49, 
48, 
50, 
46, 
50, 
47, 
46, 
50, 
48, 
50, 
48, 
48, 
57, 
46, 
49, 
98, 
45, 
46, 
45, 
46, 
46, 
47, 
48, 
45, 
46, 
37, 
40, 
37, 
38, 
41, 
38, 
40, 
37, 
36, 
47, 
47, 
47, 
46, 
51, 
47, 
50, 
45, 
47, 
46, 
52, 
45, 
45, 
48, 
48, 
46, 
49, 
47, 
53, 
37, 
35, 
44, 
36, 
38, 
43, 
40, 
43, 
41, 
50, 
48, 
49, 
42, 
49, 
44, 
51, 
47, 
47, 
64, 
55, 
48, 
50, 
47, 
53, 
48, 
47, 
55, 
45, 
48, 
55, 
46, 
47, 
48, 
55, 
49, 
49, 
46, 
43, 
49, 
48, 
51, 
45, 
45, 
45, 
45, 
47, 
46, 
49, 
47, 
46, 
50, 
49, 
50, 
46, 
46, 
48, 
52, 
48, 
47, 
50, 
46, 
50, 
44, 
52, 
50, 
47, 
47, 
50, 
52, 
67, 
123, 
51, 
48, 
49, 
46, 
48, 
50, 
48, 
45, 
46, 
74, 
75, 
50, 
90, 
48, 
54, 
71, 
43, 
46, 
46, 
48, 
45, 
50, 
56, 
54, 
48, 
45, 
49, 
46, 
46, 
48, 
51, 
46, 
50, 
48, 
51, 
49, 
53, 
44, 
40, 
41, 
37, 
41, 
39, 
39, 
41, 
38, 
41, 
48, 
69, 
46, 
50, 
45, 
50, 
47, 
46, 
49, 
46, 
44, 
46, 
48, 
48, 
47, 
45, 
45, 
45, 
51, 
48, 
47, 
46, 
106, 
45, 
49, 
51, 
47, 
45, 
43, 
45, 
48, 
47, 
51, 
46, 
52, 
45, 
49, 
48, 
49, 
43, 
47, 
44, 
49, 
45, 
49, 
73, 
65, 
43, 
39, 
40, 
39, 
39, 
37, 
52, 
39, 
51, 
49, 
49, 
49, 
49, 
45, 
46, 
47, 
58, 
49, 
50, 
44, 
43, 
46, 
50, 
47, 
44, 
52, 
43, 
47, 
48, 
47, 
44, 
46, 
48, 
48, 
48, 
47, 
47, 
58, 
46, 
51, 
46, 
51, 
45, 
48, 
47, 
49, 
46, 
48, 
45, 
44, 
47, 
48, 
44, 
52, 
50, 
62, 
46, 
47, 
47, 
49, 
48, 
46, 
50, 
47, 
52, 
48, 
45, 
45, 
47, 
49, 
50, 
46, 
46, 
47, 
51, 
45, 
46, 
46, 
49, 
50, 
46, 
39, 
41, 
39, 
39, 
38, 
43, 
39, 
39, 
45, 
45, 
46, 
46, 
42, 
49, 
43, 
48, 
49, 
50, 
53, 
46, 
46, 
47, 
49, 
47, 
47, 
44, 
48, 
48, 
47, 
45, 
49, 
48, 
47, 
52, 
49, 
50, 
46, 
48, 
44, 
45, 
84, 
47, 
46, 
45, 
46, 
52, 
48, 
51, 
54, 
46, 
46, 
49, 
43, 
44, 
44, 
38, 
42, 
36, 
41, 
38, 
37, 
39, 
43, 
46, 
44, 
49, 
48, 
48, 
46, 
48, 
46, 
46, 
45, 
48, 
46, 
61, 
47, 
47, 
48, 
46, 
48, 
50, 
50, 
46, 
43, 
48, 
48, 
48, 
51, 
47, 
49, 
47, 
49, 
58, 
47, 
47, 
50, 
48, 
44, 
44, 
49, 
44, 
50, 
47, 
49, 
49, 
48, 
47, 
45, 
44, 
40, 
47, 
51, 
47, 
45, 
49, 
47, 
45, 
45, 
46, 
49, 
48, 
44, 
48, 
49, 
48, 
47, 
45, 
51, 
47, 
48, 
47, 
44, 
45, 
49, 
46, 
48, 
46, 
54, 
47, 
51, 
46, 
49, 
47, 
44, 
45, 
47, 
45, 
45, 
121, 
57, 
45, 
48, 
46, 
46, 
47, 
50, 
48, 
41, 
47, 
48, 
44, 
46, 
45, 
46, 
34, 
39, 
40, 
40, 
41, 
43, 
40, 
39, 
40, 
54, 
48, 
62, 
45, 
44, 
47, 
50, 
55, 
42, 
46, 
45, 
48, 
51, 
47, 
46, 
46, 
47, 
48, 
57, 
44, 
37, 
41, 
40, 
39, 
45, 
41, 
41, 
47, 
45, 
43, 
47, 
46, 
48, 
47, 
50, 
61, 
48, 
45, 
48, 
47, 
46, 
46, 
44, 
45, 
52, 
46, 
51, 
44, 
52, 
45, 
47, 
48, 
54, 
49, 
50, 
46, 
45, 
49, 
46, 
47, 
47, 
44, 
47, 
49, 
51, 
46, 
57, 
50, 
47, 
45, 
47, 
48, 
47, 
54, 
37, 
38, 
39, 
38, 
39, 
41, 
43, 
39, 
37, 
49, 
43, 
60, 
46, 
51, 
46, 
43, 
45, 
46, 
46, 
44, 
47, 
52, 
44, 
51, 
47, 
46, 
50, 
42, 
46, 
63, 
49, 
44, 
46, 
46, 
45, 
51, 
52, 
44, 
48, 
48, 
52, 
58, 
49, 
45, 
61, 
46, 
49, 
50, 
52, 
45, 
46, 
50, 
45, 
55, 
53, 
40, 
36, 
41, 
46, 
37, 
36, 
39, 
39, 
41, 
51, 
46, 
49, 
45, 
50, 
42, 
45, 
46, 
45, 
49, 
48, 
45, 
47, 
53, 
47, 
47, 
50, 
49, 
57, 
45, 
46, 
48, 
50, 
52, 
48, 
47, 
45, 
59, 
46, 
50, 
45, 
47, 
48, 
49, 
51, 
46, 
45, 
48, 
44, 
43, 
47, 
47, 
66, 
48, 
48, 
43, 
45, 
49, 
48, 
49, 
46, 
49, 
81, 
47, 
48, 
46, 
49, 
45, 
45, 
46, 
45, 
47, 
49, 
47, 
48, 
51, 
71, 
47, 
45, 
48, 
46, 
44, 
46, 
40, 
40, 
39, 
38, 
37, 
40, 
41, 
36, 
36, 
49, 
49, 
51, 
49, 
48, 
51, 
48, 
48, 
50, 
55, 
47, 
45, 
49, 
49, 
46, 
48, 
48, 
43, 
44, 
49, 
44, 
50, 
46, 
45, 
44, 
45, 
49, 
43, 
46, 
45, 
49, 
44, 
51, 
43, 
50, 
47, 
48, 
57, 
50, 
46, 
48, 
52, 
47, 
48, 
45, 
47, 
50, 
52, 
51, 
51, 
51, 
43, 
49, 
43, 
45, 
47, 
49, 
57, 
47, 
45, 
51, 
46, 
44, 
47, 
46, 
44, 
48, 
43, 
46, 
47, 
49, 
51, 
46, 
32, 
37, 
39, 
37, 
45, 
120, 
39, 
39, 
56, 
50, 
45, 
53, 
61, 
52, 
45, 
47, 
53, 
47, 
49, 
52, 
47, 
52, 
48, 
46, 
46, 
53, 
58, 
47, 
52, 
48, 
44, 
58, 
48, 
45, 
51, 
50, 
50, 
52, 
50, 
46, 
43, 
51, 
44, 
51, 
46, 
47, 
48, 
54, 
48, 
46, 
49, 
48, 
50, 
43, 
53, 
50, 
49, 
63, 
46, 
47, 
57, 
48, 
48, 
60, 
46, 
61, 
46, 
51, 
47, 
49, 
49, 
45, 
48, 
53, 
48, 
44, 
49, 
48, 
45, 
51, 
47, 
48, 
46, 
48, 
47, 
49, 
47, 
49, 
45, 
44, 
45, 
51, 
54, 
53, 
51, 
48, 
48, 
47, 
50, 
47, 
49, 
54, 
48, 
59, 
60, 
50, 
46, 
48, 
60, 
51, 
45, 
41, 
43, 
126, 
40, 
41, 
41, 
39, 
39, 
45, 
49, 
56, 
55, 
50, 
53, 
50, 
48, 
52, 
50, 
45, 
45, 
46, 
62, 
46, 
45, 
52, 
44, 
49, 
48, 
56, 
51, 
51, 
56, 
63, 
55, 
59, 
52, 
47, 
47, 
45, 
48, 
50, 
53, 
58, 
48, 
48, 
54, 
47, 
45, 
46, 
50, 
52, 
45, 
47, 
47, 
49, 
47, 
45, 
44, 
45, 
49, 
51, 
48, 
56, 
47, 
50, 
46, 
47, 
48, 
51, 
47, 
46, 
44, 
44, 
53, 
50, 
48, 
49, 
48, 
49, 
50, 
48, 
48, 
54, 
49, 
47, 
47, 
49, 
47, 
46, 
49, 
165, 
48, 
47, 
47, 
47, 
51, 
47, 
45, 
55, 
47, 
47, 
47, 
50, 
62, 
49, 
46, 
49, 
49, 
50, 
45, 
135, 
46, 
48, 
47, 
47, 
48, 
51, 
46, 
44, 
47, 
45, 
45, 
46, 
50, 
49, 
49, 
44, 
51, 
53, 
51, 
51, 
47, 
47, 
47, 
49, 
41, 
37, 
40, 
37, 
37, 
41, 
38, 
38, 
39, 
47, 
56, 
53, 
46, 
59, 
50, 
58, 
54, 
50, 
54, 
49, 
49, 
47, 
47, 
50, 
50, 
49, 
49, 
47, 
55, 
51, 
48, 
46, 
47, 
47, 
49, 
47, 
50, 
51, 
50, 
48, 
49, 
48, 
56, 
48, 
45, 
47, 
46, 
51, 
52, 
49, 
54, 
46, 
47, 
47, 
45, 
48, 
49, 
49, 
47, 
48, 
56, 
48, 
48, 
45, 
48, 
50, 
49, 
56, 
48, 
69, 
55, 
48, 
49, 
52, 
49, 
46, 
71, 
46, 
56, 
51, 
58, 
144, 
48, 
135, 
50, 
46, 
48, 
49, 
51, 
49, 
47, 
44, 
48, 
49, 
47, 
56, 
46, 
46, 
46, 
48, 
51, 
50, 
46, 
51, 
47, 
49, 
49, 
49, 
49, 
41, 
41, 
36, 
35, 
40, 
39, 
46, 
37, 
41, 
46, 
46, 
49, 
52, 
44, 
49, 
57, 
54, 
47, 
44, 
47, 
47, 
47, 
50, 
50, 
48, 
46, 
56, 
53, 
46, 
52, 
48, 
48, 
46, 
48, 
48, 
48, 
47, 
52, 
50, 
49, 
50, 
47, 
61, 
46, 
46, 
49, 
49, 
45, 
47, 
48, 
48, 
46, 
50, 
44, 
48, 
43, 
44, 
41, 
38, 
40, 
37, 
52, 
47, 
40, 
55, 
46, 
44, 
45, 
45, 
52, 
45, 
56, 
45, 
48, 
51, 
56, 
47, 
46, 
54, 
51, 
49, 
134, 
45, 
40, 
42, 
38, 
38, 
41, 
44, 
42, 
36, 
41, 
47, 
47, 
49, 
49, 
45, 
48, 
70, 
55, 
67, 
60, 
57, 
106, 
62, 
48, 
49, 
50, 
45, 
47, 
51, 
48, 
45, 
47, 
50, 
46, 
47, 
44, 
49, 
48, 
46, 
50, 
47, 
46, 
45, 
61, 
53, 
48, 
47, 
47, 
51, 
50, 
49, 
48, 
47, 
47, 
49, 
50, 
52, 
48, 
50, 
49, 
55, 
51, 
57, 
55, 
46, 
51, 
47, 
46, 
43, 
53, 
48, 
45, 
46, 
46, 
57, 
48, 
49, 
53, 
50, 
49, 
72, 
49, 
44, 
50, 
47, 
47, 
48, 
56, 
55, 
53, 
46, 
51, 
48, 
52, 
51, 
49, 
58, 
45, 
48, 
48, 
45, 
50, 
47, 
48, 
48, 
121, 
47, 
131, 
50, 
57, 
46, 
50, 
54, 
49, 
52, 
53, 
49, 
60, 
50, 
49, 
45, 
46, 
59, 
55, 
45, 
54, 
52, 
48, 
49, 
47, 
49, 
48, 
49, 
51, 
48, 
50, 
47, 
41, 
46, 
50, 
52, 
49, 
46, 
45, 
48, 
48, 
48, 
48, 
45, 
48, 
44, 
65, 
45, 
48, 
48, 
52, 
45, 
46, 
47, 
46, 
48, 
51, 
47, 
49, 
42, 
58, 
46, 
49, 
47, 
49, 
48, 
45, 
46, 
48, 
47, 
49, 
47, 
48, 
48, 
52, 
50, 
66, 
44, 
51, 
48, 
44, 
48, 
45, 
46, 
52, 
50, 
48, 
45, 
50, 
53, 
46, 
45, 
46, 
59, 
45, 
54, 
56, 
45, 
47, 
44, 
49, 
53, 
47, 
46, 
48, 
46, 
47, 
51, 
88, 
43, 
44, 
45, 
48, 
46, 
40, 
38, 
38, 
48, 
40, 
44, 
37, 
40, 
39, 
44, 
47, 
52, 
46, 
45, 
51, 
51, 
60, 
47, 
59, 
49, 
46, 
46, 
50, 
48, 
50, 
50, 
46, 
49, 
37, 
39, 
41, 
37, 
47, 
39, 
38, 
45, 
39, 
57, 
50, 
48, 
49, 
46, 
62, 
49, 
56, 
47, 
53, 
46, 
48, 
47, 
48, 
57, 
47, 
49, 
46, 
45, 
51, 
45, 
48, 
47, 
47, 
45, 
44, 
62, 
57, 
44, 
45, 
49, 
45, 
50, 
46, 
47, 
48, 
47, 
48, 
50, 
45, 
47, 
44, 
45, 
47, 
47, 
42, 
50, 
47, 
49, 
49, 
46, 
46, 
52, 
46, 
46, 
47, 
49, 
47, 
50, 
55, 
48, 
47, 
46, 
48, 
47, 
104, 
46, 
54, 
50, 
49, 
45, 
43, 
50, 
48, 
53, 
47, 
49, 
48, 
49, 
50, 
46, 
53, 
48, 
56, 
53, 
48, 
47, 
45, 
58, 
45, 
45, 
46, 
46, 
47, 
45, 
48, 
45, 
45, 
61, 
47, 
47, 
48, 
52, 
50, 
46, 
47, 
46, 
44, 
45, 
44, 
47, 
62, 
52, 
44, 
46, 
51, 
54, 
50, 
43, 
50, 
49, 
55, 
48, 
50, 
45, 
45, 
44, 
59, 
37, 
41, 
40, 
37, 
39, 
37, 
37, 
35, 
40, 
45, 
47, 
46, 
44, 
50, 
47, 
45, 
48, 
47, 
49, 
49, 
47, 
49, 
47, 
53, 
50, 
50, 
47, 
41, 
37, 
39, 
40, 
38, 
37, 
37, 
38, 
37, 
53, 
48, 
47, 
48, 
47, 
49, 
45, 
48, 
44, 
46, 
44, 
42, 
53, 
44, 
50, 
46, 
51, 
46, 
50, 
39, 
47, 
39, 
38, 
37, 
40, 
38, 
39, 
40, 
57, 
48, 
52, 
45, 
50, 
48, 
50, 
46, 
46, 
47, 
50, 
50, 
50, 
44, 
44, 
52, 
48, 
44, 
39, 
48, 
53, 
45, 
50, 
51, 
49, 
45, 
46, 
46, 
47, 
46, 
48, 
49, 
49, 
48, 
49, 
46, 
64, 
46, 
54, 
48, 
47, 
48, 
48, 
53, 
49, 
45, 
46, 
48, 
47, 
46, 
48, 
48, 
44, 
51, 
47, 
49, 
47, 
52, 
51, 
51, 
52, 
49, 
49, 
48, 
45, 
48, 
46, 
46, 
48, 
47, 
46, 
50, 
48, 
36, 
37, 
40, 
42, 
36, 
41, 
39, 
36, 
38, 
47, 
51, 
47, 
45, 
43, 
44, 
54, 
84, 
44, 
46, 
48, 
48, 
51, 
46, 
50, 
51, 
48, 
47, 
44, 
52, 
51, 
52, 
48, 
57, 
54, 
50, 
50, 
49, 
46, 
61, 
46, 
46, 
48, 
47, 
47, 
47, 
49, 
46, 
47, 
52, 
46, 
46, 
45, 
49, 
47, 
50, 
51, 
43, 
45, 
43, 
46, 
44, 
48, 
44, 
48, 
62, 
68, 
46, 
49, 
49, 
51, 
45, 
50, 
46, 
47, 
44, 
46, 
47, 
47, 
48, 
53, 
44, 
46, 
37, 
45, 
36, 
39, 
37, 
40, 
39, 
41, 
39, 
47, 
51, 
51, 
50, 
48, 
50, 
48, 
44, 
49, 
46, 
47, 
56, 
49, 
46, 
46, 
47, 
55, 
49, 
45, 
53, 
53, 
48, 
44, 
52, 
46, 
53, 
49, 
49, 
51, 
53, 
52, 
50, 
47, 
119, 
51, 
42, 
50, 
49, 
45, 
46, 
49, 
48, 
55, 
47, 
46, 
46, 
52, 
62, 
44, 
47, 
43, 
44, 
46, 
50, 
45, 
49, 
44, 
52, 
46, 
44, 
51, 
49, 
53, 
49, 
52, 
51, 
49, 
46, 
46, 
45, 
48, 
58, 
51, 
47, 
53, 
39, 
39, 
45, 
39, 
37, 
39, 
41, 
42, 
44, 
48, 
51, 
43, 
45, 
44, 
46, 
46, 
46, 
45, 
47, 
48, 
51, 
47, 
45, 
44, 
46, 
62, 
47, 
45, 
48, 
46, 
49, 
44, 
51, 
46, 
49, 
45, 
43, 
45, 
49, 
49, 
48, 
47, 
52, 
50, 
46, 
47, 
47, 
44, 
45, 
46, 
51, 
50, 
47, 
37, 
39, 
39, 
41, 
303, 
38, 
40, 
37, 
41, 
48, 
46, 
46, 
80, 
47, 
128, 
45, 
47, 
49, 
45, 
45, 
45, 
45, 
47, 
48, 
44, 
48, 
48, 
39, 
46, 
46, 
59, 
47, 
47, 
48, 
49, 
46, 
50, 
44, 
47, 
44, 
47, 
46, 
47, 
45, 
46, 
47, 
45, 
71, 
47, 
47, 
45, 
48, 
47, 
49, 
46, 
48, 
45, 
46, 
46, 
54, 
43, 
48, 
47, 
45, 
90, 
48, 
45, 
49, 
44, 
50, 
47, 
45, 
45, 
47, 
46, 
46, 
46, 
51, 
48, 
48, 
46, 
48, 
41, 
44, 
47, 
47, 
49, 
48, 
47, 
46, 
45, 
44, 
44, 
57, 
48, 
50, 
46, 
45, 
47, 
43, 
44, 
47, 
51, 
44, 
48, 
44, 
45, 
43, 
44, 
49, 
47, 
47, 
45, 
46, 
47, 
49, 
48, 
48, 
42, 
47, 
44, 
49, 
124, 
46, 
47, 
43, 
45, 
49, 
48, 
44, 
48, 
46, 
47, 
46, 
49, 
47, 
47, 
47, 
49, 
47, 
50, 
44, 
50, 
45, 
46, 
46, 
48, 
45, 
64, 
46, 
48, 
46, 
49, 
45, 
50, 
45, 
49, 
44, 
46, 
50, 
47, 
46, 
47, 
45, 
50, 
47, 
46, 
49, 
45, 
48, 
45, 
48, 
48, 
45, 
48, 
46, 
47, 
44, 
45, 
49, 
45, 
47, 
46, 
49, 
46, 
50, 
48, 
47, 
47, 
46, 
46, 
47, 
45, 
45, 
45, 
48, 
49, 
51, 
48, 
47, 
48, 
45, 
47, 
43, 
48, 
47, 
51, 
49, 
44, 
37, 
60, 
38, 
36, 
38, 
40, 
38, 
40, 
38, 
48, 
46, 
48, 
47, 
47, 
47, 
60, 
46, 
43, 
46, 
143, 
50, 
144, 
47, 
47, 
47, 
47, 
49, 
48, 
43, 
45, 
47, 
47, 
49, 
45, 
48, 
57, 
55, 
46, 
38, 
40, 
54, 
41, 
40, 
39, 
39, 
42, 
38, 
48, 
45, 
60, 
47, 
46, 
47, 
45, 
49, 
50, 
49, 
46, 
51, 
47, 
46, 
45, 
46, 
46, 
50, 
68, 
65, 
44, 
44, 
45, 
48, 
50, 
45, 
45, 
69, 
54, 
48, 
49, 
48, 
46, 
45, 
48, 
50, 
51, 
49, 
47, 
47, 
47, 
47, 
48, 
47, 
49, 
48, 
49, 
52, 
48, 
46, 
53, 
49, 
51, 
54, 
46, 
46, 
58, 
48, 
55, 
49, 
51, 
47, 
58, 
45, 
49, 
48, 
47, 
47, 
57, 
49, 
49, 
48, 
48, 
39, 
42, 
59, 
40, 
43, 
40, 
40, 
43, 
41, 
44, 
46, 
47, 
46, 
44, 
46, 
47, 
44, 
45, 
50, 
45, 
43, 
59, 
51, 
52, 
48, 
47, 
49, 
54, 
48, 
55, 
48, 
50, 
89, 
68, 
59, 
93, 
108, 
100, 
47, 
47, 
45, 
51, 
50, 
52, 
45, 
57, 
47, 
50, 
52, 
48, 
49, 
47, 
45, 
47, 
49, 
40, 
36, 
41, 
39, 
41, 
39, 
41, 
37, 
42, 
52, 
55, 
48, 
57, 
51, 
55, 
47, 
45, 
44, 
52, 
45, 
47, 
50, 
45, 
49, 
47, 
48, 
46, 
44, 
48, 
47, 
50, 
47, 
50, 
46, 
55, 
44, 
47, 
46, 
49, 
50, 
49, 
50, 
60, 
54, 
47, 
51, 
47, 
49, 
40, 
39, 
38, 
38, 
38, 
46, 
48, 
49, 
47, 
45, 
43, 
46, 
44, 
48, 
45, 
46, 
47, 
46, 
48, 
71, 
49, 
46, 
41, 
37, 
45, 
38, 
37, 
39, 
36, 
42, 
37, 
51, 
46, 
47, 
46, 
48, 
53, 
47, 
52, 
46, 
45, 
48, 
50, 
47, 
49, 
42, 
47, 
44, 
51, 
44, 
48, 
44, 
47, 
45, 
49, 
44, 
45, 
115, 
48, 
48, 
47, 
48, 
43, 
49, 
44, 
49, 
47, 
49, 
43, 
50, 
48, 
50, 
49, 
48, 
43, 
54, 
42, 
49, 
46, 
48, 
51, 
47, 
46, 
50, 
44, 
47, 
47, 
48, 
46, 
50, 
45, 
54, 
48, 
45, 
47, 
45, 
49, 
44, 
44, 
46, 
47, 
47, 
48, 
46, 
35, 
37, 
79, 
94, 
41, 
40, 
40, 
39, 
40, 
49, 
49, 
48, 
44, 
47, 
48, 
46, 
62, 
48, 
46, 
49, 
50, 
43, 
49, 
47, 
45, 
46, 
57, 
38, 
40, 
36, 
39, 
38, 
48, 
40, 
44, 
38, 
59, 
47, 
46, 
48, 
54, 
44, 
56, 
46, 
51, 
54, 
44, 
47, 
47, 
48, 
46, 
47, 
50, 
50, 
46, 
48, 
45, 
48, 
54, 
47, 
47, 
48, 
49, 
45, 
48, 
47, 
49, 
53, 
48, 
43, 
47, 
45, 
48, 
48, 
49, 
46, 
50, 
50, 
52, 
45, 
50, 
44, 
34, 
38, 
36, 
37, 
39, 
37, 
38, 
36, 
42, 
47, 
56, 
47, 
50, 
49, 
46, 
47, 
46, 
52, 
47, 
47, 
53, 
47, 
45, 
50, 
49, 
46, 
48, 
44, 
46, 
100, 
46, 
90, 
46, 
51, 
47, 
58, 
45, 
46, 
46, 
46, 
46, 
45, 
44, 
50, 
46, 
48, 
41, 
48, 
53, 
47, 
48, 
46, 
47, 
49, 
48, 
45, 
47, 
44, 
47, 
46, 
51, 
49, 
45, 
55, 
46, 
44, 
50, 
46, 
51, 
46, 
45, 
44, 
46, 
47, 
45, 
44, 
49, 
42, 
50, 
47, 
45, 
45, 
48, 
46, 
51, 
44, 
44, 
55, 
47, 
67, 
45, 
61, 
47, 
44, 
51, 
49, 
45, 
43, 
44, 
44, 
48, 
43, 
47, 
46, 
46, 
47, 
47, 
44, 
46, 
48, 
46, 
42, 
45, 
44, 
45, 
51, 
43, 
48, 
48, 
47, 
44, 
44, 
48, 
48, 
46, 
49, 
46, 
52, 
43, 
46, 
48, 
44, 
47, 
45, 
49, 
46, 
65, 
138, 
132, 
45, 
48, 
45, 
47, 
46, 
50, 
48, 
48, 
45, 
51, 
51, 
50, 
45, 
46, 
46, 
47, 
52, 
51, 
46, 
47, 
49, 
48, 
45, 
44, 
45, 
43, 
38, 
39, 
39, 
37, 
40, 
36, 
38, 
42, 
38, 
47, 
47, 
47, 
48, 
58, 
46, 
46, 
47, 
50, 
47, 
48, 
42, 
48, 
47, 
48, 
51, 
46, 
50, 
36, 
39, 
39, 
39, 
39, 
40, 
36, 
40, 
39, 
46, 
45, 
47, 
47, 
44, 
47, 
45, 
47, 
45, 
50, 
67, 
49, 
46, 
46, 
46, 
45, 
53, 
46, 
45, 
44, 
45, 
45, 
44, 
49, 
47, 
46, 
52, 
47, 
49, 
46, 
47, 
48, 
41, 
44, 
46, 
45, 
64, 
47, 
49, 
45, 
51, 
46, 
51, 
51, 
48, 
127, 
37, 
45, 
38, 
41, 
38, 
39, 
40, 
36, 
40, 
47, 
43, 
46, 
45, 
46, 
45, 
43, 
51, 
48, 
48, 
48, 
46, 
44, 
53, 
49, 
51, 
49, 
47, 
44, 
46, 
46, 
47, 
46, 
47, 
47, 
50, 
45, 
44, 
44, 
49, 
49, 
50, 
43, 
50, 
43, 
44, 
44, 
50, 
46, 
44, 
51, 
51, 
51, 
48, 
49, 
44, 
45, 
47, 
48, 
42, 
50, 
45, 
44, 
54, 
45, 
44, 
44, 
45, 
46, 
47, 
47, 
45, 
45, 
49, 
47, 
45, 
48, 
47, 
49, 
52, 
47, 
49, 
48, 
46, 
47, 
49, 
44, 
85, 
47, 
61, 
51, 
50, 
68, 
53, 
59, 
57, 
47, 
46, 
43, 
48, 
47, 
48, 
49, 
62, 
45, 
49, 
52, 
50, 
44, 
45, 
44, 
46, 
50, 
45, 
66, 
48, 
47, 
49, 
48, 
46, 
48, 
45, 
46, 
47, 
43, 
46, 
47, 
53, 
46, 
45, 
46, 
46, 
44, 
51, 
56, 
50, 
50, 
50, 
38, 
44, 
35, 
43, 
37, 
40, 
38, 
42, 
41, 
49, 
47, 
49, 
48, 
45, 
45, 
50, 
46, 
43, 
48, 
51, 
48, 
49, 
61, 
50, 
46, 
49, 
49, 
44, 
40, 
39, 
38, 
38, 
44, 
41, 
41, 
44, 
47, 
49, 
53, 
56, 
48, 
54, 
45, 
46, 
50, 
50, 
47, 
45, 
47, 
47, 
47, 
46, 
47, 
46, 
57, 
65, 
45, 
50, 
44, 
45, 
48, 
43, 
50, 
49, 
47, 
49, 
46, 
48, 
45, 
47, 
48, 
46, 
44, 
43, 
49, 
48, 
48, 
71, 
52, 
44, 
46, 
42, 
45, 
52, 
49, 
44, 
45, 
47, 
45, 
47, 
50, 
43, 
47, 
46, 
47, 
47, 
44, 
49, 
51, 
46, 
49, 
47, 
51, 
43, 
50, 
45, 
46, 
47, 
46, 
50, 
44, 
49, 
48, 
50, 
49, 
48, 
46, 
50, 
47, 
48, 
49, 
45, 
48, 
44, 
47, 
48, 
43, 
47, 
47, 
46, 
48, 
48, 
49, 
45, 
47, 
43, 
45, 
45, 
37, 
37, 
37, 
36, 
40, 
39, 
39, 
38, 
35, 
50, 
46, 
48, 
48, 
48, 
44, 
47, 
48, 
49, 
62, 
45, 
44, 
44, 
47, 
57, 
48, 
47, 
43, 
48, 
51, 
46, 
48, 
44, 
46, 
46, 
43, 
48, 
47, 
44, 
47, 
46, 
53, 
47, 
48, 
49, 
50, 
45, 
44, 
46, 
137, 
53, 
46, 
49, 
46, 
50, 
56, 
41, 
52, 
40, 
38, 
41, 
38, 
37, 
40, 
41, 
44, 
43, 
44, 
49, 
46, 
52, 
47, 
46, 
47, 
44, 
46, 
47, 
48, 
48, 
65, 
47, 
45, 
47, 
46, 
51, 
45, 
47, 
43, 
46, 
45, 
45, 
46, 
50, 
46, 
50, 
50, 
53, 
48, 
49, 
47, 
45, 
45, 
45, 
43, 
50, 
46, 
49, 
48, 
47, 
45, 
36, 
37, 
34, 
36, 
38, 
35, 
36, 
39, 
40, 
40, 
67, 
50, 
48, 
43, 
51, 
46, 
50, 
46, 
45, 
46, 
48, 
44, 
46, 
50, 
46, 
46, 
45, 
45, 
44, 
48, 
44, 
55, 
43, 
47, 
44, 
48, 
45, 
47, 
47, 
50, 
46, 
49, 
45, 
49, 
47, 
49, 
85, 
135, 
33, 
51, 
48, 
44, 
51, 
45, 
48, 
43, 
47, 
46, 
47, 
47, 
48, 
45, 
45, 
45, 
46, 
49, 
46, 
48, 
47, 
50, 
47, 
56, 
44, 
47, 
47, 
58, 
49, 
44, 
46, 
47, 
49, 
52, 
47, 
47, 
49, 
45, 
46, 
54, 
44, 
49, 
46, 
49, 
46, 
53, 
48, 
48, 
45, 
47, 
47, 
50, 
45, 
54, 
48, 
45, 
49, 
43, 
45, 
47, 
50, 
50, 
43, 
63, 
45, 
48, 
46, 
49, 
48, 
51, 
45, 
48, 
46, 
42, 
46, 
46, 
50, 
45, 
48, 
46, 
52, 
49, 
47, 
48, 
46, 
49, 
55, 
47, 
46, 
50, 
41, 
41, 
37, 
37, 
37, 
41, 
37, 
39, 
42, 
45, 
47, 
45, 
44, 
47, 
48, 
45, 
51, 
124, 
47, 
45, 
46, 
45, 
47, 
47, 
46, 
68, 
46, 
47, 
48, 
47, 
44, 
44, 
45, 
46, 
48, 
47, 
45, 
49, 
45, 
47, 
48, 
48, 
45, 
46, 
44, 
48, 
48, 
67, 
53, 
89, 
116, 
103, 
50, 
45, 
49, 
47, 
45, 
47, 
47, 
46, 
47, 
46, 
48, 
44, 
45, 
47, 
45, 
48, 
51, 
44, 
52, 
45, 
49, 
53, 
63, 
46, 
44, 
47, 
55, 
44, 
49, 
43, 
49, 
46, 
46, 
44, 
48, 
46, 
48, 
51, 
47, 
44, 
46, 
49, 
50, 
48, 
52, 
44, 
43, 
43, 
43, 
52, 
46, 
46, 
45, 
43, 
50, 
47, 
49, 
38, 
37, 
37, 
40, 
38, 
44, 
42, 
36, 
37, 
42, 
45, 
49, 
45, 
49, 
45, 
130, 
50, 
46, 
48, 
45, 
46, 
45, 
45, 
53, 
44, 
49, 
45, 
49, 
50, 
50, 
45, 
48, 
44, 
44, 
47, 
46, 
50, 
46, 
46, 
46, 
48, 
49, 
45, 
47, 
48, 
51, 
44, 
46, 
48, 
43, 
48, 
46, 
46, 
44, 
49, 
44, 
38, 
41, 
35, 
35, 
40, 
38, 
39, 
37, 
38, 
48, 
68, 
56, 
44, 
44, 
46, 
46, 
50, 
46, 
48, 
48, 
44, 
47, 
46, 
51, 
47, 
44, 
49, 
45, 
46, 
62, 
54, 
47, 
48, 
49, 
46, 
46, 
46, 
48, 
51, 
50, 
42, 
45, 
46, 
47, 
48, 
51, 
43, 
42, 
45, 
45, 
46, 
45, 
46, 
47, 
48, 
48, 
48, 
46, 
46, 
47, 
47, 
47, 
50, 
46, 
48, 
56, 
43, 
76, 
46, 
132, 
44, 
47, 
45, 
47, 
47, 
49, 
48, 
46, 
46, 
45, 
45, 
42, 
46, 
42, 
47, 
44, 
46, 
47, 
48, 
46, 
44, 
46, 
45, 
49, 
41, 
44, 
49, 
46, 
45, 
47, 
47, 
46, 
50, 
48, 
45, 
48, 
45, 
50, 
45, 
43, 
44, 
63, 
51, 
46, 
47, 
50, 
46, 
46, 
48, 
48, 
46, 
46, 
48, 
45, 
49, 
46, 
50, 
45, 
53, 
45, 
44, 
46, 
45, 
46, 
43, 
44, 
45, 
46, 
49, 
43, 
51, 
42, 
44, 
48, 
49, 
45, 
43, 
49, 
52, 
47, 
45, 
50, 
44, 
46, 
46, 
49, 
45, 
46, 
45, 
50, 
49, 
45, 
49, 
49, 
41, 
38, 
39, 
41, 
39, 
37, 
37, 
44, 
46, 
37, 
77, 
108, 
46, 
136, 
52, 
46, 
48, 
46, 
44, 
47, 
46, 
45, 
47, 
45, 
47, 
46, 
48, 
45, 
55, 
46, 
47, 
52, 
45, 
46, 
57, 
47, 
42, 
46, 
51, 
53, 
52, 
51, 
46, 
48, 
45, 
47, 
47, 
48, 
62, 
44, 
48, 
46, 
49, 
49, 
46, 
48, 
53, 
49, 
52, 
51, 
47, 
45, 
49, 
47, 
47, 
46, 
49, 
49, 
44, 
49, 
49, 
50, 
48, 
48, 
50, 
51, 
46, 
51, 
49, 
46, 
45, 
45, 
52, 
50, 
47, 
51, 
46, 
43, 
45, 
47, 
57, 
45, 
44, 
47, 
46, 
46, 
46, 
50, 
46, 
49, 
47, 
52, 
45, 
45, 
51, 
47, 
47, 
57, 
46, 
52, 
37, 
38, 
40, 
39, 
37, 
45, 
41, 
37, 
36, 
130, 
46, 
52, 
46, 
45, 
48, 
44, 
47, 
46, 
50, 
46, 
49, 
54, 
48, 
47, 
47, 
48, 
47, 
42, 
37, 
36, 
39, 
40, 
36, 
39, 
41, 
37, 
43, 
48, 
43, 
59, 
46, 
45, 
44, 
49, 
48, 
46, 
49, 
43, 
49, 
46, 
44, 
49, 
46, 
46, 
48, 
45, 
42, 
39, 
37, 
40, 
39, 
37, 
43, 
38, 
49, 
45, 
45, 
52, 
44, 
56, 
48, 
47, 
48, 
46, 
47, 
47, 
56, 
46, 
53, 
48, 
51, 
45, 
50, 
37, 
41, 
38, 
39, 
36, 
46, 
49, 
41, 
36, 
51, 
44, 
48, 
47, 
50, 
47, 
49, 
46, 
48, 
47, 
47, 
45, 
43, 
43, 
48, 
48, 
46, 
47, 
38, 
41, 
37, 
38, 
36, 
37, 
38, 
39, 
138, 
116, 
47, 
45, 
46, 
46, 
45, 
46, 
43, 
45, 
42, 
46, 
45, 
45, 
40, 
44, 
43, 
44, 
44, 
48, 
48, 
47, 
63, 
50, 
44, 
39, 
36, 
38, 
46, 
47, 
46, 
56, 
44, 
50, 
49, 
48, 
44, 
45, 
48, 
56, 
47, 
46, 
44, 
58, 
53, 
44, 
46, 
47, 
45, 
48, 
47, 
45, 
45, 
44, 
46, 
48, 
43, 
47, 
45, 
54, 
43, 
52, 
51, 
47, 
49, 
46, 
46, 
48, 
49, 
50, 
50, 
49, 
44, 
57, 
58, 
38, 
40, 
38, 
41, 
38, 
40, 
36, 
39, 
38, 
45, 
48, 
47, 
45, 
46, 
49, 
49, 
47, 
42, 
49, 
46, 
50, 
44, 
47, 
48, 
49, 
49, 
50, 
48, 
47, 
46, 
49, 
46, 
47, 
71, 
50, 
46, 
48, 
47, 
45, 
46, 
51, 
48, 
47, 
53, 
52, 
55, 
43, 
46, 
60, 
48, 
52, 
46, 
45, 
48, 
42, 
50, 
47, 
49, 
50, 
49, 
46, 
48, 
47, 
45, 
45, 
45, 
46, 
43, 
47, 
52, 
43, 
47, 
48, 
44, 
50, 
44, 
46, 
46, 
48, 
45, 
45, 
49, 
47, 
48, 
47, 
47, 
45, 
48, 
48, 
45, 
46, 
46, 
43, 
49, 
46, 
82, 
49, 
47, 
43, 
48, 
43, 
49, 
49, 
47, 
47, 
45, 
47, 
45, 
45, 
44, 
45, 
44, 
46, 
49, 
44, 
44, 
47, 
46, 
45, 
49, 
49, 
45, 
48, 
50, 
52, 
45, 
50, 
46, 
48, 
47, 
52, 
46, 
50, 
45, 
48, 
47, 
45, 
37, 
42, 
36, 
39, 
72, 
39, 
37, 
40, 
39, 
46, 
49, 
47, 
61, 
47, 
45, 
50, 
47, 
45, 
47, 
44, 
48, 
45, 
45, 
44, 
44, 
46, 
54, 
39, 
39, 
41, 
38, 
45, 
41, 
40, 
39, 
38, 
37, 
47, 
46, 
46, 
54, 
47, 
45, 
48, 
47, 
49, 
45, 
47, 
50, 
49, 
47, 
49, 
46, 
44, 
48, 
42, 
37, 
36, 
40, 
37, 
36, 
39, 
37, 
40, 
50, 
50, 
50, 
50, 
47, 
60, 
48, 
49, 
47, 
45, 
44, 
51, 
46, 
45, 
44, 
47, 
46, 
51, 
51, 
36, 
50, 
48, 
48, 
46, 
45, 
48, 
39, 
38, 
46, 
51, 
47, 
57, 
45, 
57, 
48, 
46, 
49, 
48, 
48, 
48, 
44, 
46, 
44, 
45, 
48, 
45, 
52, 
47, 
44, 
148, 
43, 
50, 
47, 
47, 
46, 
71, 
49, 
48, 
42, 
45, 
50, 
46, 
45, 
45, 
50, 
48, 
49, 
45, 
46, 
47, 
51, 
49, 
49, 
40, 
51, 
47, 
49, 
47, 
48, 
46, 
47, 
46, 
47, 
50, 
50, 
48, 
48, 
46, 
43, 
44, 
53, 
49, 
50, 
50, 
45, 
46, 
45, 
48, 
46, 
48, 
47, 
42, 
43, 
49, 
47, 
48, 
47, 
48, 
45, 
48, 
45, 
48, 
42, 
48, 
51, 
45, 
43, 
46, 
48, 
47, 
44, 
53, 
55, 
44, 
46, 
45, 
45, 
48, 
40, 
45, 
50, 
47, 
48, 
50, 
48, 
49, 
45, 
45, 
45, 
48, 
47, 
50, 
46, 
46, 
46, 
50, 
46, 
50, 
48, 
43, 
60, 
47, 
48, 
46, 
45, 
102, 
53, 
113, 
45, 
46, 
44, 
47, 
34, 
44, 
45, 
47, 
51, 
45, 
46, 
44, 
48, 
49, 
46, 
50, 
46, 
54, 
50, 
47, 
45, 
47, 
49, 
44, 
44, 
47, 
44, 
44, 
49, 
43, 
50, 
45, 
48, 
45, 
43, 
46, 
49, 
47, 
47, 
46, 
50, 
45, 
47, 
47, 
42, 
47, 
46, 
56, 
45, 
51, 
52, 
53, 
55, 
56, 
48, 
53, 
45, 
47, 
53, 
45, 
50, 
47, 
45, 
45, 
48, 
48, 
48, 
46, 
45, 
49, 
51, 
49, 
46, 
53, 
50, 
48, 
87, 
50, 
49, 
49, 
47, 
47, 
47, 
48, 
45, 
45, 
45, 
47, 
46, 
50, 
46, 
43, 
44, 
61, 
47, 
50, 
44, 
48, 
45, 
48, 
45, 
50, 
46, 
52, 
46, 
51, 
132, 
37, 
39, 
43, 
38, 
43, 
41, 
44, 
36, 
40, 
44, 
47, 
47, 
43, 
45, 
44, 
46, 
47, 
47, 
47, 
51, 
45, 
50, 
45, 
45, 
45, 
49, 
49, 
47, 
50, 
47, 
46, 
48, 
45, 
49, 
44, 
54, 
64, 
59, 
51, 
55, 
46, 
50, 
51, 
51, 
50, 
45, 
55, 
48, 
47, 
61, 
51, 
45, 
44, 
45, 
47, 
42, 
38, 
38, 
46, 
41, 
41, 
36, 
38, 
38, 
48, 
45, 
70, 
48, 
45, 
46, 
50, 
46, 
49, 
45, 
46, 
43, 
47, 
49, 
47, 
45, 
51, 
45, 
49, 
54, 
49, 
49, 
47, 
68, 
47, 
44, 
45, 
48, 
48, 
44, 
53, 
48, 
46, 
45, 
47, 
50, 
50, 
46, 
49, 
44, 
43, 
44, 
50, 
94, 
44, 
44, 
45, 
46, 
48, 
41, 
47, 
47, 
51, 
45, 
45, 
46, 
47, 
47, 
45, 
46, 
49, 
44, 
46, 
50, 
44, 
51, 
46, 
45, 
48, 
52, 
46, 
46, 
46, 
51, 
39, 
46, 
37, 
37, 
37, 
42, 
39, 
42, 
39, 
50, 
44, 
49, 
48, 
45, 
42, 
46, 
53, 
44, 
44, 
45, 
46, 
49, 
45, 
46, 
43, 
83, 
45, 
48, 
45, 
54, 
47, 
45, 
50, 
48, 
46, 
45, 
45, 
49, 
49, 
44, 
49, 
46, 
47, 
45, 
44, 
47, 
48, 
49, 
44, 
46, 
64, 
45, 
47, 
51, 
51, 
45, 
47, 
45, 
47, 
46, 
45, 
48, 
53, 
50, 
45, 
49, 
47, 
48, 
49, 
52, 
48, 
52, 
45, 
46, 
46, 
48, 
44, 
83, 
44, 
45, 
50, 
46, 
35, 
37, 
41, 
38, 
38, 
42, 
38, 
39, 
41, 
45, 
47, 
46, 
48, 
49, 
50, 
45, 
46, 
47, 
45, 
45, 
48, 
46, 
44, 
46, 
44, 
45, 
45, 
49, 
46, 
48, 
49, 
47, 
50, 
47, 
46, 
49, 
46, 
44, 
45, 
46, 
47, 
51, 
48, 
50, 
50, 
44, 
50, 
47, 
46, 
51, 
44, 
48, 
56, 
48, 
43, 
48, 
51, 
44, 
49, 
46, 
44, 
44, 
44, 
47, 
50, 
49, 
45, 
53, 
46, 
63, 
47, 
49, 
49, 
47, 
46, 
52, 
46, 
43, 
46, 
46, 
48, 
52, 
58, 
45, 
48, 
47, 
43, 
46, 
43, 
46, 
47, 
53, 
63, 
47, 
47, 
44, 
62, 
48, 
51, 
49, 
45, 
45, 
46, 
129, 
45, 
55, 
47, 
44, 
52, 
50, 
52, 
46, 
55, 
46, 
47, 
51, 
46, 
46, 
50, 
44, 
45, 
46, 
45, 
47, 
46, 
45, 
44, 
45, 
48, 
46, 
49, 
45, 
45, 
47, 
46, 
46, 
47, 
44, 
46, 
46, 
49, 
47, 
55, 
46, 
47, 
42, 
48, 
41, 
47, 
56, 
48, 
49, 
51, 
50, 
48, 
45, 
48, 
43, 
53, 
48, 
45, 
66, 
52, 
46, 
51, 
45, 
46, 
45, 
47, 
44, 
67, 
45, 
45, 
44, 
46, 
44, 
44, 
52, 
48, 
46, 
48, 
47, 
46, 
47, 
47, 
46, 
50, 
44, 
46, 
46, 
45, 
51, 
41, 
49, 
51, 
51, 
45, 
47, 
45, 
49, 
44, 
50, 
47, 
63, 
48, 
47, 
45, 
45, 
45, 
48, 
46, 
70, 
45, 
42, 
47, 
47, 
44, 
46, 
35, 
51, 
46, 
45, 
46, 
45, 
52, 
46, 
52, 
47, 
46, 
48, 
50, 
55, 
45, 
47, 
44, 
46, 
52, 
45, 
45, 
44, 
44, 
46, 
46, 
45, 
49, 
50, 
48, 
43, 
47, 
49, 
49, 
51, 
51, 
56, 
45, 
53, 
47, 
44, 
48, 
46, 
51, 
48, 
50, 
47, 
46, 
48, 
47, 
49, 
45, 
52, 
48, 
71, 
45, 
51, 
58, 
40, 
39, 
40, 
40, 
41, 
39, 
38, 
56, 
41, 
45, 
46, 
51, 
47, 
47, 
47, 
47, 
46, 
44, 
48, 
46, 
50, 
48, 
47, 
49, 
48, 
48, 
45, 
49, 
46, 
45, 
50, 
51, 
48, 
45, 
49, 
48, 
45, 
51, 
43, 
48, 
45, 
46, 
49, 
47, 
100, 
46, 
46, 
50, 
46, 
47, 
44, 
45, 
47, 
47, 
49, 
35, 
38, 
43, 
38, 
37, 
36, 
38, 
38, 
35, 
51, 
50, 
47, 
49, 
49, 
44, 
48, 
45, 
46, 
48, 
45, 
50, 
48, 
47, 
46, 
44, 
60, 
49, 
46, 
46, 
44, 
53, 
46, 
44, 
46, 
46, 
43, 
50, 
49, 
52, 
44, 
44, 
45, 
59, 
46, 
45, 
49, 
53, 
48, 
51, 
51, 
46, 
44, 
44, 
48, 
51, 
51, 
54, 
46, 
50, 
45, 
50, 
47, 
45, 
52, 
44, 
49, 
44, 
49, 
45, 
46, 
46, 
45, 
57, 
55, 
46, 
43, 
46, 
46, 
46, 
46, 
43, 
45, 
46, 
50, 
45, 
50, 
45, 
48, 
48, 
46, 
47, 
43, 
49, 
58, 
57, 
48, 
44, 
104, 
51, 
47, 
44, 
47, 
44, 
48, 
49, 
51, 
49, 
46, 
45, 
41, 
48, 
46, 
45, 
47, 
47, 
46, 
49, 
45, 
48, 
48, 
45, 
51, 
49, 
47, 
45, 
46, 
45, 
50, 
46, 
46, 
53, 
55, 
46, 
45, 
49, 
55, 
47, 
48, 
52, 
48, 
51, 
47, 
45, 
61, 
45, 
50, 
47, 
47, 
46, 
51, 
46, 
49, 
51, 
50, 
54, 
48, 
44, 
48, 
48, 
45, 
54, 
46, 
44, 
54, 
51, 
51, 
51, 
50, 
44, 
49, 
44, 
49, 
44, 
54, 
46, 
47, 
43, 
45, 
54, 
46, 
44, 
47, 
44, 
45, 
49, 
48, 
49, 
47, 
47, 
46, 
48, 
47, 
49, 
46, 
44, 
44, 
46, 
50, 
50, 
47, 
48, 
48, 
47, 
48, 
49, 
90, 
44, 
45, 
43, 
49, 
44, 
44, 
46, 
48, 
44, 
45, 
47, 
51, 
49, 
51, 
45, 
46, 
45, 
46, 
47, 
47, 
48, 
48, 
52, 
45, 
47, 
46, 
47, 
43, 
51, 
48, 
43, 
47, 
43, 
47, 
45, 
50, 
45, 
49, 
64, 
45, 
46, 
40, 
43, 
38, 
39, 
44, 
36, 
36, 
41, 
37, 
44, 
49, 
47, 
50, 
46, 
50, 
48, 
47, 
47, 
47, 
50, 
47, 
64, 
47, 
44, 
46, 
50, 
45, 
50, 
44, 
48, 
45, 
53, 
47, 
45, 
49, 
46, 
47, 
44, 
45, 
46, 
45, 
48, 
45, 
55, 
45, 
69, 
45, 
52, 
50, 
50, 
48, 
45, 
45, 
48, 
48, 
40, 
44, 
42, 
46, 
51, 
45, 
52, 
42, 
49, 
46, 
44, 
46, 
50, 
87, 
79, 
47, 
47, 
50, 
44, 
47, 
45, 
50, 
49, 
48, 
50, 
46, 
44, 
48, 
41, 
47, 
44, 
44, 
47, 
48, 
46, 
50, 
46, 
45, 
47, 
55, 
45, 
43, 
47, 
67, 
48, 
47, 
45, 
47, 
47, 
46, 
45, 
48, 
45, 
52, 
40, 
36, 
39, 
40, 
39, 
36, 
41, 
40, 
37, 
40, 
47, 
44, 
48, 
47, 
46, 
48, 
49, 
49, 
45, 
44, 
47, 
46, 
45, 
46, 
44, 
47, 
44, 
45, 
49, 
47, 
50, 
46, 
47, 
50, 
45, 
44, 
49, 
46, 
48, 
47, 
46, 
46, 
46, 
47, 
48, 
45, 
46, 
47, 
48, 
45, 
50, 
54, 
53, 
45, 
44, 
45, 
49, 
53, 
46, 
48, 
49, 
46, 
49, 
44, 
47, 
85, 
47, 
131, 
51, 
48, 
45, 
52, 
45, 
50, 
48, 
51, 
47, 
50, 
52, 
54, 
44, 
48, 
45, 
46, 
47, 
46, 
45, 
47, 
46, 
46, 
61, 
49, 
48, 
46, 
46, 
47, 
45, 
50, 
44, 
47, 
45, 
48, 
48, 
49, 
46, 
57, 
49, 
46, 
48, 
47, 
44, 
49, 
41, 
35, 
38, 
36, 
37, 
37, 
40, 
39, 
46, 
48, 
49, 
47, 
48, 
47, 
46, 
51, 
47, 
47, 
46, 
47, 
47, 
47, 
49, 
43, 
49, 
45, 
48, 
45, 
48, 
51, 
43, 
52, 
46, 
51, 
46, 
48, 
47, 
46, 
46, 
47, 
45, 
51, 
42, 
45, 
50, 
46, 
47, 
45, 
47, 
52, 
44, 
52, 
45, 
52, 
37, 
38, 
42, 
37, 
42, 
39, 
39, 
128, 
41, 
135, 
45, 
47, 
50, 
108, 
50, 
50, 
47, 
47, 
47, 
45, 
42, 
102, 
45, 
47, 
46, 
59, 
49, 
37, 
35, 
37, 
40, 
42, 
49, 
61, 
40, 
34, 
45, 
58, 
48, 
48, 
43, 
50, 
48, 
50, 
43, 
44, 
45, 
44, 
47, 
112, 
105, 
79, 
71, 
47, 
49, 
46, 
47, 
51, 
44, 
45, 
47, 
64, 
44, 
49, 
47, 
45, 
46, 
47, 
49, 
46, 
45, 
47, 
42, 
46, 
47, 
46, 
44, 
46, 
49, 
45, 
47, 
40, 
50, 
47, 
51, 
46, 
49, 
44, 
42, 
47, 
46, 
47, 
48, 
47, 
50, 
43, 
46, 
45, 
47, 
46, 
42, 
48, 
62, 
47, 
47, 
44, 
46, 
46, 
48, 
52, 
46, 
45, 
45, 
45, 
46, 
84, 
138, 
49, 
48, 
44, 
45, 
44, 
52, 
46, 
45, 
48, 
61, 
51, 
50, 
50, 
45, 
46, 
50, 
48, 
48, 
49, 
39, 
41, 
38, 
42, 
37, 
35, 
37, 
37, 
38, 
46, 
46, 
48, 
45, 
44, 
49, 
44, 
46, 
50, 
44, 
48, 
58, 
49, 
47, 
46, 
50, 
46, 
47, 
43, 
49, 
47, 
47, 
49, 
62, 
45, 
44, 
46, 
44, 
46, 
46, 
43, 
48, 
44, 
48, 
49, 
44, 
49, 
46, 
49, 
46, 
49, 
46, 
46, 
49, 
47, 
46, 
42, 
46, 
49, 
44, 
50, 
43, 
54, 
46, 
43, 
46, 
45, 
48, 
49, 
43, 
45, 
44, 
66, 
46, 
50, 
46, 
53, 
46, 
46, 
44, 
49, 
51, 
44, 
49, 
48, 
48, 
48, 
48, 
82, 
47, 
51, 
51, 
60, 
44, 
47, 
45, 
69, 
46, 
50, 
44, 
52, 
46, 
47, 
45, 
47, 
52, 
46, 
46, 
44, 
47, 
50, 
42, 
45, 
45, 
44, 
47, 
46, 
44, 
44, 
44, 
53, 
47, 
48, 
52, 
46, 
45, 
45, 
49, 
51, 
46, 
46, 
47, 
45, 
47, 
50, 
46, 
47, 
49, 
45, 
46, 
49, 
46, 
50, 
46, 
47, 
44, 
48, 
48, 
47, 
46, 
42, 
48, 
46, 
47, 
47, 
46, 
47, 
54, 
49, 
48, 
46, 
44, 
47, 
47, 
48, 
62, 
47, 
54, 
44, 
51, 
44, 
49, 
48, 
48, 
49, 
53, 
50, 
49, 
45, 
48, 
50, 
48, 
45, 
50, 
44, 
45, 
45, 
48, 
44, 
53, 
48, 
44, 
47, 
56, 
39, 
40, 
39, 
119, 
38, 
40, 
39, 
40, 
49, 
49, 
51, 
48, 
53, 
44, 
42, 
48, 
47, 
46, 
42, 
44, 
43, 
46, 
53, 
46, 
48, 
50, 
44, 
47, 
50, 
46, 
44, 
48, 
48, 
49, 
49, 
46, 
49, 
49, 
50, 
43, 
47, 
51, 
48, 
45, 
45, 
50, 
46, 
50, 
46, 
56, 
47, 
51, 
46, 
46, 
39, 
38, 
38, 
40, 
36, 
36, 
42, 
38, 
38, 
47, 
47, 
49, 
47, 
50, 
47, 
46, 
48, 
47, 
45, 
47, 
46, 
47, 
44, 
49, 
52, 
47, 
48, 
50, 
46, 
48, 
45, 
45, 
45, 
50, 
44, 
43, 
46, 
48, 
51, 
47, 
46, 
45, 
49, 
46, 
45, 
47, 
64, 
48, 
47, 
46, 
46, 
47, 
48, 
46, 
47, 
44, 
66, 
45, 
46, 
44, 
47, 
47, 
46, 
46, 
50, 
46, 
67, 
46, 
46, 
43, 
46, 
47, 
45, 
45, 
44, 
43, 
45, 
52, 
50, 
49, 
44, 
49, 
46, 
65, 
47, 
66, 
46, 
47, 
46, 
43, 
54, 
44, 
51, 
46, 
47, 
47, 
45, 
46, 
50, 
44, 
45, 
51, 
47, 
46, 
45, 
44, 
48, 
49, 
44, 
53, 
46, 
51, 
45, 
50, 
47, 
43, 
47, 
46, 
56, 
43, 
50, 
50, 
50, 
47, 
44, 
44, 
46, 
49, 
47, 
45, 
51, 
43, 
59, 
48, 
49, 
45, 
46, 
53, 
40, 
39, 
38, 
40, 
40, 
40, 
49, 
37, 
45, 
62, 
49, 
49, 
46, 
48, 
46, 
48, 
44, 
59, 
46, 
51, 
47, 
43, 
45, 
49, 
47, 
46, 
83, 
38, 
40, 
38, 
38, 
36, 
43, 
37, 
41, 
37, 
49, 
32, 
50, 
50, 
51, 
46, 
49, 
49, 
59, 
45, 
46, 
46, 
49, 
47, 
47, 
44, 
45, 
59, 
60, 
44, 
47, 
49, 
46, 
70, 
49, 
45, 
46, 
48, 
49, 
48, 
58, 
51, 
51, 
48, 
46, 
48, 
45, 
58, 
45, 
47, 
46, 
46, 
46, 
46, 
52, 
46, 
50, 
46, 
47, 
45, 
50, 
49, 
46, 
43, 
47, 
47, 
51, 
44, 
50, 
44, 
44, 
48, 
57, 
46, 
48, 
47, 
44, 
49, 
44, 
50, 
47, 
46, 
52, 
43, 
54, 
39, 
37, 
40, 
38, 
40, 
42, 
40, 
49, 
42, 
65, 
84, 
47, 
46, 
52, 
51, 
50, 
72, 
52, 
49, 
45, 
45, 
42, 
45, 
119, 
43, 
45, 
49, 
48, 
45, 
48, 
47, 
45, 
48, 
46, 
51, 
45, 
45, 
51, 
48, 
47, 
45, 
45, 
47, 
44, 
48, 
49, 
45, 
43, 
48, 
50, 
45, 
46, 
47, 
43, 
38, 
45, 
39, 
41, 
39, 
39, 
40, 
41, 
47, 
54, 
47, 
50, 
46, 
52, 
45, 
47, 
53, 
45, 
45, 
46, 
44, 
49, 
44, 
49, 
47, 
49, 
48, 
48, 
49, 
44, 
48, 
57, 
47, 
48, 
46, 
52, 
49, 
46, 
45, 
51, 
45, 
50, 
50, 
56, 
44, 
46, 
65, 
47, 
51, 
46, 
47, 
43, 
47, 
47, 
39, 
39, 
36, 
38, 
36, 
38, 
38, 
39, 
37, 
48, 
50, 
44, 
46, 
47, 
46, 
49, 
46, 
46, 
46, 
48, 
48, 
46, 
45, 
96, 
49, 
43, 
45, 
56, 
43, 
39, 
42, 
43, 
36, 
39, 
44, 
37, 
37, 
51, 
45, 
49, 
46, 
45, 
46, 
47, 
43, 
47, 
44, 
52, 
48, 
50, 
45, 
46, 
47, 
46, 
47, 
45, 
46, 
44, 
48, 
45, 
50, 
49, 
43, 
46, 
47, 
48, 
46, 
57, 
48, 
48, 
46, 
48, 
51, 
51, 
45, 
46, 
52, 
48, 
45, 
46, 
46, 
46, 
47, 
49, 
46, 
47, 
48, 
46, 
51, 
45, 
45, 
50, 
47, 
62, 
47, 
53, 
45, 
50, 
46, 
46, 
52, 
46, 
49, 
46, 
51, 
47, 
47, 
45, 
48, 
52, 
44, 
47, 
52, 
45, 
45, 
48, 
49, 
48, 
47, 
48, 
73, 
46, 
49, 
48, 
53, 
52, 
48, 
51, 
46, 
46, 
52, 
46, 
45, 
95, 
44, 
46, 
46, 
48, 
46, 
46, 
45, 
47, 
52, 
49, 
77, 
46, 
48, 
51, 
46, 
48, 
53, 
45, 
49, 
48, 
51, 
54, 
47, 
46, 
47, 
49, 
45, 
48, 
46, 
52, 
47, 
53, 
46, 
53, 
45, 
49, 
47, 
51, 
49, 
44, 
47, 
48, 
46, 
47, 
49, 
47, 
50, 
62, 
45, 
45, 
47, 
46, 
46, 
46, 
47, 
47, 
47, 
50, 
37, 
42, 
59, 
38, 
37, 
40, 
43, 
38, 
36, 
49, 
48, 
44, 
46, 
48, 
47, 
46, 
47, 
48, 
46, 
47, 
43, 
51, 
47, 
49, 
49, 
50, 
44, 
45, 
47, 
51, 
46, 
48, 
49, 
48, 
46, 
46, 
48, 
49, 
57, 
45, 
47, 
43, 
48, 
48, 
54, 
47, 
44, 
151, 
139, 
46, 
51, 
44, 
48, 
42, 
46, 
40, 
40, 
35, 
36, 
45, 
37, 
38, 
43, 
35, 
47, 
49, 
47, 
46, 
51, 
44, 
47, 
45, 
47, 
43, 
47, 
44, 
52, 
55, 
49, 
47, 
50, 
46, 
45, 
50, 
48, 
55, 
47, 
49, 
49, 
47, 
45, 
46, 
49, 
46, 
49, 
43, 
49, 
47, 
53, 
52, 
43, 
49, 
49, 
61, 
47, 
52, 
44, 
46, 
56, 
47, 
44, 
48, 
45, 
51, 
48, 
48, 
45, 
51, 
45, 
45, 
48, 
45, 
47, 
47, 
50, 
47, 
49, 
44, 
46, 
47, 
45, 
45, 
49, 
46, 
47, 
55, 
50, 
47, 
38, 
36, 
35, 
45, 
39, 
41, 
42, 
54, 
37, 
44, 
49, 
50, 
53, 
49, 
50, 
48, 
46, 
54, 
124, 
46, 
45, 
47, 
48, 
45, 
48, 
45, 
45, 
45, 
45, 
53, 
46, 
49, 
46, 
49, 
49, 
47, 
61, 
47, 
47, 
46, 
44, 
49, 
48, 
47, 
47, 
45, 
45, 
49, 
50, 
47, 
45, 
48, 
44, 
48, 
39, 
60, 
39, 
39, 
41, 
39, 
37, 
38, 
36, 
48, 
97, 
107, 
80, 
68, 
44, 
46, 
45, 
45, 
50, 
47, 
48, 
46, 
50, 
47, 
46, 
48, 
45, 
45, 
37, 
40, 
39, 
42, 
38, 
36, 
40, 
37, 
37, 
54, 
46, 
45, 
45, 
48, 
52, 
48, 
42, 
44, 
48, 
47, 
47, 
45, 
45, 
48, 
46, 
46, 
46, 
55, 
49, 
46, 
50, 
50, 
46, 
55, 
53, 
48, 
46, 
49, 
47, 
45, 
45, 
50, 
47, 
101, 
47, 
47, 
46, 
46, 
51, 
49, 
48, 
49, 
54, 
47, 
59, 
53, 
45, 
46, 
48, 
46, 
44, 
48, 
50, 
45, 
50, 
47, 
46, 
47, 
48, 
44, 
44, 
48, 
46, 
47, 
46, 
47, 
47, 
46, 
50, 
43, 
45, 
46, 
48, 
47, 
47, 
61, 
46, 
47, 
47, 
49, 
47, 
47, 
48, 
46, 
53, 
51, 
52, 
48, 
47, 
51, 
44, 
54, 
43, 
43, 
48, 
49, 
47, 
49, 
44, 
48, 
46, 
48, 
47, 
45, 
48, 
48, 
47, 
47, 
46, 
48, 
53, 
43, 
48, 
44, 
48, 
49, 
47, 
45, 
48, 
44, 
49, 
50, 
48, 
47, 
48, 
48, 
46, 
49, 
54, 
44, 
45, 
45, 
50, 
47, 
46, 
47, 
49, 
44, 
45, 
51, 
50, 
126, 
48, 
48, 
56, 
45, 
50, 
43, 
47, 
44, 
48, 
44, 
44, 
33, 
40, 
36, 
39, 
50, 
39, 
38, 
39, 
39, 
36, 
37, 
49, 
41, 
45, 
50, 
49, 
48, 
49, 
49, 
46, 
46, 
47, 
46, 
74, 
45, 
49, 
50, 
47, 
45, 
38, 
37, 
37, 
45, 
42, 
39, 
35, 
40, 
37, 
46, 
47, 
43, 
44, 
45, 
45, 
47, 
46, 
47, 
46, 
47, 
44, 
47, 
52, 
46, 
65, 
47, 
47, 
51, 
44, 
38, 
36, 
36, 
36, 
40, 
36, 
37, 
36, 
105, 
50, 
45, 
44, 
46, 
47, 
46, 
46, 
46, 
45, 
48, 
68, 
45, 
48, 
56, 
50, 
46, 
48, 
37, 
39, 
40, 
40, 
40, 
37, 
37, 
36, 
39, 
45, 
46, 
50, 
125, 
51, 
43, 
48, 
47, 
46, 
47, 
47, 
42, 
48, 
45, 
46, 
46, 
47, 
46, 
53, 
38, 
36, 
36, 
37, 
40, 
39, 
39, 
39, 
38, 
47, 
50, 
44, 
59, 
47, 
48, 
44, 
47, 
50, 
44, 
46, 
47, 
45, 
48, 
46, 
47, 
49, 
44, 
46, 
48, 
47, 
45, 
46, 
47, 
45, 
45, 
46, 
47, 
43, 
48, 
45, 
46, 
49, 
47, 
49, 
47, 
47, 
47, 
53, 
45, 
47, 
46, 
46, 
48, 
46, 
44, 
43, 
42, 
37, 
37, 
48, 
41, 
40, 
81, 
40, 
50, 
46, 
43, 
46, 
46, 
49, 
44, 
51, 
57, 
50, 
48, 
44, 
52, 
51, 
47, 
45, 
44, 
41, 
46, 
49, 
44, 
50, 
67, 
49, 
47, 
49, 
47, 
45, 
44, 
135, 
46, 
46, 
44, 
47, 
47, 
51, 
47, 
50, 
45, 
48, 
46, 
32, 
57, 
48, 
49, 
37, 
38, 
39, 
39, 
54, 
36, 
40, 
44, 
38, 
46, 
45, 
47, 
48, 
44, 
46, 
45, 
47, 
45, 
49, 
44, 
43, 
45, 
47, 
46, 
48, 
46, 
89, 
52, 
48, 
45, 
49, 
44, 
49, 
51, 
48, 
48, 
46, 
49, 
51, 
47, 
52, 
44, 
44, 
47, 
47, 
50, 
46, 
50, 
45, 
45, 
47, 
44, 
48, 
44, 
45, 
45, 
48, 
47, 
48, 
48, 
45, 
44, 
50, 
44, 
48, 
44, 
45, 
44, 
46, 
48, 
44, 
47, 
43, 
46, 
43, 
46, 
49, 
55, 
46, 
46, 
45, 
52, 
49, 
49, 
50, 
58, 
46, 
53, 
46, 
48, 
46, 
120, 
46, 
50, 
46, 
51, 
47, 
49, 
43, 
50, 
48, 
44, 
47, 
53, 
49, 
66, 
44, 
45, 
45, 
48, 
47, 
47, 
46, 
45, 
44, 
41, 
44, 
45, 
48, 
43, 
45, 
51, 
45, 
44, 
48, 
50, 
45, 
50, 
50, 
49, 
48, 
44, 
45, 
49, 
46, 
44, 
47, 
46, 
41, 
37, 
36, 
41, 
43, 
39, 
39, 
38, 
40, 
58, 
46, 
45, 
45, 
51, 
47, 
50, 
45, 
49, 
50, 
48, 
51, 
50, 
44, 
48, 
50, 
51, 
45, 
38, 
35, 
39, 
38, 
41, 
37, 
56, 
38, 
37, 
46, 
44, 
46, 
51, 
45, 
50, 
47, 
46, 
46, 
53, 
45, 
48, 
46, 
58, 
45, 
48, 
46, 
48, 
45, 
39, 
38, 
38, 
40, 
36, 
41, 
125, 
40, 
39, 
47, 
47, 
43, 
49, 
65, 
49, 
47, 
49, 
46, 
47, 
50, 
45, 
45, 
50, 
52, 
48, 
46, 
47, 
39, 
37, 
38, 
39, 
39, 
36, 
36, 
36, 
35, 
49, 
48, 
48, 
44, 
47, 
48, 
45, 
46, 
47, 
46, 
45, 
46, 
46, 
48, 
46, 
47, 
47, 
46, 
46, 
51, 
45, 
45, 
45, 
49, 
46, 
55, 
53, 
50, 
47, 
53, 
45, 
45, 
47, 
45, 
47, 
51, 
46, 
48, 
47, 
66, 
44, 
50, 
51, 
49, 
44, 
46, 
44, 
49, 
51, 
47, 
45, 
50, 
45, 
49, 
42, 
47, 
47, 
46, 
48, 
57, 
48, 
44, 
49, 
49, 
47, 
56, 
61, 
46, 
45, 
48, 
48, 
47, 
45, 
46, 
46, 
46, 
45, 
47, 
144, 
48, 
99, 
49, 
51, 
49, 
48, 
47, 
46, 
47, 
46, 
46, 
45, 
50, 
47, 
46, 
49, 
51, 
50, 
48, 
45, 
50, 
50, 
41, 
50, 
49, 
45, 
48, 
49, 
48, 
46, 
49, 
44, 
45, 
47, 
50, 
44, 
45, 
55, 
45, 
46, 
45, 
49, 
50, 
48, 
44, 
48, 
49, 
44, 
44, 
45, 
44, 
47, 
55, 
48, 
49, 
49, 
49, 
50, 
48, 
48, 
50, 
46, 
50, 
49, 
48, 
47, 
48, 
48, 
48, 
45, 
47, 
51, 
45, 
45, 
50, 
45, 
49, 
48, 
48, 
43, 
50, 
46, 
49, 
48, 
46, 
51, 
47, 
44, 
47, 
51, 
49, 
50, 
47, 
45, 
49, 
49, 
46, 
45, 
49, 
50, 
64, 
46, 
48, 
52, 
41, 
36, 
44, 
77, 
37, 
42, 
42, 
41, 
36, 
51, 
48, 
47, 
44, 
47, 
45, 
51, 
44, 
54, 
48, 
49, 
42, 
44, 
50, 
45, 
49, 
43, 
49, 
54, 
45, 
52, 
46, 
46, 
49, 
45, 
47, 
49, 
48, 
46, 
49, 
44, 
48, 
52, 
43, 
46, 
44, 
49, 
51, 
50, 
46, 
49, 
55, 
46, 
54, 
49, 
46, 
40, 
39, 
38, 
38, 
38, 
40, 
39, 
39, 
41, 
47, 
51, 
47, 
47, 
49, 
45, 
49, 
49, 
46, 
49, 
51, 
88, 
52, 
47, 
46, 
48, 
51, 
46, 
45, 
41, 
38, 
38, 
39, 
41, 
38, 
44, 
38, 
39, 
48, 
46, 
44, 
47, 
49, 
63, 
45, 
48, 
48, 
44, 
45, 
48, 
47, 
44, 
47, 
47, 
45, 
45, 
46, 
70, 
48, 
92, 
47, 
51, 
48, 
51, 
45, 
45, 
47, 
48, 
51, 
49, 
85, 
48, 
47, 
46, 
48, 
51, 
45, 
48, 
44, 
52, 
44, 
50, 
47, 
38, 
44, 
40, 
38, 
37, 
37, 
38, 
37, 
39, 
45, 
50, 
52, 
56, 
45, 
45, 
47, 
46, 
46, 
49, 
45, 
45, 
48, 
47, 
48, 
50, 
57, 
50, 
46, 
45, 
42, 
47, 
51, 
48, 
55, 
50, 
46, 
70, 
44, 
48, 
44, 
46, 
45, 
50, 
49, 
47, 
47, 
44, 
49, 
47, 
45, 
43, 
48, 
45, 
47, 
49, 
40, 
44, 
46, 
46, 
49, 
46, 
65, 
46, 
48, 
50, 
50, 
53, 
52, 
44, 
46, 
47, 
48, 
51, 
54, 
46, 
52, 
46, 
49, 
45, 
46, 
44, 
55, 
44, 
117, 
94, 
46, 
48, 
46, 
47, 
46, 
53, 
46, 
46, 
46, 
46, 
45, 
48, 
43, 
47, 
49, 
50, 
45, 
47, 
48, 
44, 
47, 
46, 
45, 
50, 
45, 
34, 
39, 
38, 
39, 
39, 
38, 
40, 
38, 
39, 
43, 
48, 
45, 
57, 
47, 
47, 
48, 
43, 
47, 
48, 
46, 
47, 
45, 
51, 
63, 
87, 
46, 
66, 
92, 
40, 
37, 
38, 
38, 
44, 
43, 
45, 
41, 
51, 
53, 
51, 
44, 
45, 
44, 
52, 
48, 
45, 
41, 
51, 
50, 
44, 
49, 
48, 
48, 
61, 
47, 
47, 
36, 
38, 
40, 
37, 
35, 
38, 
38, 
39, 
44, 
44, 
48, 
48, 
48, 
46, 
45, 
45, 
57, 
48, 
56, 
45, 
49, 
46, 
47, 
45, 
45, 
137, 
47, 
39, 
38, 
42, 
37, 
40, 
41, 
36, 
39, 
36, 
40, 
44, 
45, 
46, 
47, 
47, 
47, 
45, 
53, 
48, 
44, 
44, 
45, 
46, 
49, 
48, 
45, 
50, 
48, 
49, 
49, 
45, 
45, 
45, 
45, 
46, 
49, 
49, 
48, 
45, 
45, 
47, 
50, 
47, 
46, 
58, 
48, 
46, 
46, 
49, 
46, 
45, 
48, 
49, 
45, 
58, 
48, 
37, 
40, 
39, 
48, 
38, 
38, 
59, 
40, 
38, 
46, 
47, 
46, 
44, 
53, 
49, 
65, 
47, 
44, 
49, 
47, 
46, 
44, 
46, 
46, 
49, 
49, 
53, 
50, 
44, 
50, 
48, 
48, 
48, 
47, 
48, 
48, 
47, 
49, 
50, 
46, 
48, 
45, 
51, 
43, 
45, 
48, 
46, 
49, 
47, 
46, 
49, 
122, 
42, 
47, 
74, 
43, 
46, 
46, 
46, 
46, 
44, 
51, 
46, 
47, 
47, 
46, 
47, 
41, 
47, 
46, 
45, 
47, 
45, 
55, 
46, 
45, 
48, 
47, 
60, 
46, 
46, 
51, 
47, 
44, 
44, 
45, 
48, 
47, 
45, 
44, 
48, 
45, 
50, 
47, 
49, 
44, 
49, 
44, 
44, 
44, 
46, 
45, 
45, 
46, 
46, 
48, 
44, 
47, 
47, 
46, 
46, 
48, 
46, 
45, 
44, 
47, 
60, 
46, 
45, 
45, 
46, 
49, 
47, 
39, 
46, 
46, 
47, 
47, 
47, 
45, 
43, 
49, 
49, 
46, 
47, 
45, 
50, 
49, 
53, 
57, 
47, 
43, 
46, 
48, 
48, 
45, 
44, 
46, 
45, 
45, 
49, 
46, 
47, 
48, 
42, 
46, 
51, 
48, 
52, 
126, 
47, 
46, 
48, 
46, 
41, 
49, 
47, 
51, 
44, 
50, 
46, 
49, 
54, 
47, 
48, 
42, 
46, 
47, 
43, 
46, 
46, 
46, 
49, 
48, 
47, 
45, 
46, 
45, 
49, 
52, 
48, 
47, 
45, 
46, 
39, 
37, 
37, 
39, 
38, 
38, 
34, 
47, 
46, 
49, 
50, 
46, 
51, 
44, 
48, 
45, 
49, 
44, 
47, 
44, 
46, 
43, 
48, 
61, 
47, 
40, 
39, 
39, 
36, 
38, 
37, 
40, 
43, 
40, 
34, 
45, 
55, 
45, 
45, 
47, 
43, 
46, 
45, 
48, 
56, 
47, 
49, 
48, 
50, 
46, 
48, 
51, 
46, 
37, 
45, 
37, 
42, 
38, 
44, 
41, 
41, 
40, 
44, 
51, 
43, 
45, 
48, 
47, 
46, 
48, 
46, 
43, 
43, 
67, 
46, 
47, 
47, 
47, 
48, 
47, 
47, 
43, 
37, 
40, 
38, 
39, 
38, 
42, 
40, 
40, 
45, 
44, 
48, 
46, 
47, 
50, 
47, 
46, 
47, 
50, 
44, 
44, 
47, 
55, 
48, 
49, 
46, 
46, 
46, 
46, 
45, 
49, 
46, 
46, 
43, 
49, 
46, 
53, 
43, 
47, 
44, 
49, 
48, 
47, 
63, 
50, 
46, 
45, 
48, 
54, 
50, 
49, 
48, 
44, 
48, 
45, 
50, 
47, 
51, 
48, 
48, 
49, 
48, 
46, 
46, 
46, 
48, 
50, 
45, 
46, 
48, 
45, 
53, 
44, 
48, 
47, 
48, 
45, 
44, 
47, 
52, 
57, 
49, 
43, 
37, 
37, 
36, 
44, 
44, 
40, 
39, 
38, 
45, 
50, 
49, 
47, 
46, 
49, 
45, 
50, 
50, 
45, 
136, 
43, 
48, 
45, 
46, 
45, 
49, 
54, 
40, 
38, 
36, 
40, 
39, 
39, 
39, 
36, 
38, 
41, 
46, 
52, 
48, 
59, 
48, 
47, 
47, 
49, 
46, 
45, 
44, 
54, 
52, 
51, 
45, 
47, 
47, 
46, 
47, 
46, 
50, 
48, 
46, 
49, 
72, 
62, 
44, 
51, 
47, 
51, 
46, 
45, 
44, 
47, 
48, 
48, 
49, 
48, 
52, 
45, 
47, 
42, 
45, 
49, 
52, 
39, 
41, 
40, 
39, 
40, 
35, 
43, 
37, 
38, 
45, 
50, 
46, 
49, 
51, 
45, 
46, 
45, 
46, 
46, 
46, 
50, 
47, 
46, 
45, 
44, 
46, 
50, 
51, 
54, 
47, 
44, 
49, 
55, 
51, 
45, 
47, 
44, 
48, 
44, 
48, 
51, 
51, 
47, 
42, 
49, 
132, 
46, 
55, 
45, 
47, 
41, 
47, 
46, 
48, 
49, 
39, 
40, 
46, 
39, 
39, 
38, 
37, 
36, 
44, 
50, 
48, 
50, 
44, 
43, 
50, 
55, 
45, 
50, 
46, 
50, 
50, 
45, 
51, 
46, 
46, 
49, 
62, 
47, 
46, 
47, 
47, 
46, 
46, 
46, 
46, 
46, 
49, 
50, 
49, 
49, 
50, 
45, 
50, 
43, 
50, 
47, 
49, 
47, 
48, 
46, 
47, 
48, 
44, 
44, 
52, 
49, 
49, 
45, 
48, 
52, 
46, 
46, 
45, 
49, 
46, 
49, 
49, 
47, 
47, 
47, 
52, 
49, 
51, 
45, 
58, 
49, 
46, 
49, 
44, 
47, 
45, 
46, 
48, 
47, 
55, 
45, 
51, 
46, 
49, 
48, 
47, 
47, 
51, 
50, 
53, 
48, 
46, 
128, 
46, 
50, 
47, 
52, 
54, 
46, 
51, 
47, 
48, 
49, 
50, 
46, 
47, 
52, 
49, 
48, 
51, 
45, 
42, 
46, 
83, 
46, 
46, 
47, 
51, 
50, 
48, 
49, 
45, 
63, 
48, 
46, 
47, 
47, 
45, 
48, 
49, 
48, 
49, 
46, 
51, 
48, 
49, 
46, 
50, 
48, 
48, 
46, 
47, 
45, 
46, 
46, 
49, 
50, 
47, 
48, 
46, 
42, 
44, 
52, 
50, 
48, 
46, 
49, 
48, 
50, 
46, 
43, 
45, 
47, 
51, 
49, 
48, 
46, 
44, 
47, 
47, 
60, 
47, 
54, 
44, 
46, 
49, 
44, 
47, 
44, 
43, 
49, 
50, 
46, 
50, 
46, 
49, 
48, 
44, 
46, 
45, 
49, 
44, 
53, 
47, 
49, 
52, 
49, 
63, 
51, 
135, 
44, 
101, 
49, 
49, 
48, 
46, 
45, 
48, 
45, 
47, 
46, 
45, 
48, 
42, 
50, 
48, 
43, 
43, 
46, 
50, 
55, 
47, 
47, 
77, 
48, 
45, 
44, 
44, 
46, 
45, 
47, 
46, 
51, 
48, 
51, 
45, 
46, 
44, 
48, 
53, 
47, 
48, 
38, 
38, 
36, 
39, 
47, 
37, 
38, 
38, 
37, 
49, 
52, 
45, 
50, 
46, 
46, 
48, 
62, 
47, 
47, 
43, 
48, 
47, 
47, 
49, 
51, 
46, 
63, 
49, 
48, 
46, 
49, 
45, 
50, 
45, 
49, 
44, 
47, 
50, 
45, 
45, 
46, 
47, 
46, 
45, 
49, 
44, 
38, 
39, 
40, 
37, 
38, 
38, 
38, 
38, 
35, 
47, 
51, 
45, 
47, 
47, 
48, 
46, 
44, 
49, 
46, 
48, 
118, 
46, 
40, 
45, 
51, 
52, 
45, 
46, 
51, 
50, 
47, 
49, 
45, 
59, 
46, 
43, 
63, 
44, 
51, 
46, 
50, 
45, 
46, 
49, 
45, 
49, 
48, 
44, 
46, 
48, 
47, 
47, 
46, 
47, 
50, 
49, 
45, 
45, 
49, 
46, 
50, 
50, 
45, 
45, 
51, 
46, 
45, 
45, 
52, 
52, 
61, 
51, 
49, 
46, 
46, 
43, 
48, 
50, 
58, 
65, 
47, 
49, 
44, 
51, 
48, 
47, 
51, 
51, 
47, 
50, 
47, 
85, 
46, 
45, 
47, 
49, 
52, 
47, 
52, 
47, 
45, 
49, 
48, 
45, 
48, 
48, 
44, 
51, 
46, 
50, 
48, 
45, 
48, 
48, 
45, 
48, 
46, 
48, 
44, 
38, 
38, 
39, 
38, 
37, 
38, 
44, 
39, 
116, 
47, 
50, 
49, 
49, 
49, 
44, 
47, 
46, 
43, 
64, 
44, 
47, 
45, 
48, 
46, 
47, 
49, 
50, 
48, 
48, 
43, 
53, 
45, 
49, 
46, 
43, 
45, 
42, 
44, 
43, 
47, 
46, 
47, 
44, 
44, 
47, 
43, 
47, 
46, 
53, 
49, 
62, 
48, 
47, 
48, 
43, 
46, 
46, 
46, 
45, 
52, 
46, 
52, 
49, 
48, 
49, 
73, 
68, 
105, 
99, 
103, 
44, 
45, 
44, 
45, 
47, 
46, 
46, 
47, 
46, 
46, 
47, 
40, 
36, 
39, 
36, 
41, 
40, 
41, 
33, 
37, 
44, 
46, 
43, 
50, 
47, 
47, 
52, 
44, 
46, 
45, 
49, 
45, 
49, 
48, 
50, 
45, 
48, 
44, 
47, 
53, 
48, 
56, 
47, 
48, 
50, 
44, 
59, 
125, 
47, 
67, 
49, 
46, 
47, 
48, 
47, 
60, 
49, 
49, 
46, 
50, 
49, 
52, 
41, 
53, 
46, 
51, 
46, 
52, 
50, 
47, 
49, 
47, 
45, 
46, 
57, 
47, 
47, 
48, 
50, 
48, 
45, 
46, 
45, 
48, 
50, 
52, 
57, 
55, 
50, 
50, 
47, 
47, 
53, 
40, 
45, 
43, 
45, 
56, 
50, 
49, 
50, 
54, 
48, 
43, 
48, 
46, 
46, 
45, 
48, 
45, 
50, 
44, 
49, 
47, 
44, 
46, 
49, 
53, 
46, 
47, 
48, 
35, 
41, 
37, 
38, 
49, 
41, 
36, 
50, 
38, 
58, 
45, 
48, 
50, 
51, 
45, 
46, 
49, 
50, 
49, 
52, 
47, 
49, 
50, 
92, 
47, 
48, 
54, 
43, 
45, 
71, 
47, 
47, 
84, 
129, 
51, 
46, 
48, 
49, 
48, 
50, 
49, 
49, 
47, 
50, 
51, 
59, 
48, 
45, 
48, 
49, 
47, 
45, 
50, 
47, 
44, 
46, 
45, 
47, 
49, 
46, 
46, 
48, 
43, 
46, 
44, 
46, 
45, 
50, 
53, 
48, 
46, 
44, 
46, 
50, 
48, 
43, 
46, 
53, 
54, 
56, 
48, 
50, 
38, 
37, 
36, 
37, 
39, 
37, 
39, 
40, 
38, 
49, 
45, 
45, 
46, 
44, 
47, 
47, 
49, 
44, 
47, 
44, 
46, 
48, 
43, 
49, 
43, 
50, 
46, 
45, 
44, 
38, 
38, 
41, 
37, 
37, 
40, 
37, 
38, 
49, 
48, 
46, 
49, 
52, 
48, 
47, 
44, 
43, 
45, 
48, 
61, 
48, 
49, 
48, 
48, 
46, 
45, 
49, 
48, 
47, 
83, 
48, 
134, 
48, 
48, 
46, 
52, 
44, 
43, 
58, 
48, 
50, 
46, 
48, 
50, 
41, 
40, 
50, 
45, 
48, 
48, 
47, 
45, 
47, 
48, 
45, 
46, 
51, 
47, 
46, 
53, 
48, 
61, 
50, 
52, 
48, 
51, 
48, 
50, 
48, 
48, 
47, 
47, 
49, 
47, 
49, 
46, 
43, 
45, 
46, 
48, 
47, 
43, 
45, 
48, 
48, 
46, 
44, 
51, 
46, 
46, 
44, 
44, 
43, 
45, 
46, 
46, 
46, 
50, 
47, 
50, 
49, 
47, 
47, 
46, 
46, 
47, 
49, 
47, 
38, 
45, 
40, 
38, 
39, 
36, 
40, 
37, 
43, 
48, 
48, 
50, 
60, 
48, 
41, 
46, 
46, 
49, 
48, 
50, 
48, 
85, 
55, 
46, 
51, 
49, 
45, 
50, 
37, 
99, 
40, 
83, 
41, 
38, 
38, 
37, 
36, 
49, 
50, 
48, 
44, 
48, 
48, 
48, 
53, 
72, 
47, 
48, 
50, 
44, 
46, 
46, 
46, 
47, 
44, 
50, 
46, 
53, 
46, 
44, 
45, 
45, 
47, 
47, 
48, 
46, 
45, 
45, 
47, 
50, 
48, 
50, 
48, 
45, 
55, 
50, 
52, 
55, 
50, 
45, 
48, 
47, 
41, 
36, 
44, 
41, 
35, 
39, 
39, 
39, 
37, 
47, 
44, 
50, 
48, 
46, 
47, 
45, 
51, 
48, 
54, 
45, 
46, 
49, 
44, 
44, 
44, 
49, 
44, 
55, 
47, 
46, 
48, 
63, 
45, 
44, 
46, 
47, 
47, 
46, 
46, 
44, 
48, 
45, 
48, 
48, 
50, 
46, 
46, 
49, 
54, 
47, 
51, 
50, 
46, 
45, 
45, 
52, 
36, 
86, 
40, 
39, 
41, 
48, 
39, 
42, 
48, 
48, 
47, 
43, 
43, 
50, 
48, 
49, 
53, 
50, 
50, 
44, 
52, 
50, 
49, 
49, 
49, 
48, 
49, 
37, 
40, 
40, 
38, 
39, 
41, 
37, 
39, 
40, 
45, 
45, 
45, 
48, 
48, 
47, 
48, 
48, 
47, 
56, 
48, 
49, 
47, 
48, 
47, 
50, 
44, 
47, 
38, 
40, 
38, 
40, 
39, 
40, 
36, 
39, 
37, 
47, 
43, 
48, 
47, 
50, 
48, 
48, 
44, 
49, 
48, 
47, 
43, 
49, 
65, 
67, 
46, 
50, 
48, 
48, 
46, 
50, 
45, 
50, 
44, 
47, 
49, 
51, 
48, 
45, 
45, 
46, 
51, 
44, 
44, 
43, 
45, 
45, 
46, 
47, 
47, 
53, 
50, 
46, 
61, 
114, 
47, 
42, 
45, 
49, 
45, 
46, 
47, 
54, 
46, 
45, 
49, 
45, 
43, 
46, 
46, 
53, 
48, 
50, 
45, 
50, 
47, 
44, 
46, 
49, 
44, 
47, 
48, 
48, 
46, 
36, 
44, 
46, 
38, 
38, 
37, 
42, 
36, 
36, 
47, 
47, 
47, 
53, 
47, 
53, 
45, 
44, 
59, 
47, 
46, 
48, 
48, 
46, 
44, 
50, 
46, 
45, 
47, 
54, 
48, 
43, 
47, 
48, 
48, 
46, 
50, 
48, 
60, 
44, 
49, 
61, 
43, 
51, 
50, 
51, 
44, 
48, 
44, 
48, 
59, 
46, 
49, 
47, 
47, 
50, 
39, 
38, 
38, 
41, 
35, 
38, 
38, 
39, 
38, 
51, 
45, 
47, 
46, 
45, 
46, 
47, 
48, 
50, 
47, 
47, 
48, 
47, 
46, 
47, 
45, 
131, 
48, 
59, 
50, 
45, 
48, 
47, 
45, 
48, 
48, 
44, 
46, 
44, 
47, 
48, 
46, 
46, 
49, 
33, 
45, 
47, 
53, 
55, 
48, 
45, 
48, 
46, 
55, 
47, 
46, 
47, 
46, 
49, 
47, 
48, 
46, 
47, 
44, 
47, 
48, 
46, 
49, 
55, 
49, 
47, 
49, 
50, 
50, 
50, 
50, 
46, 
45, 
46, 
46, 
46, 
45, 
49, 
47, 
47, 
46, 
46, 
68, 
47, 
58, 
45, 
54, 
49, 
48, 
47, 
45, 
51, 
46, 
47, 
46, 
48, 
46, 
44, 
44, 
55, 
49, 
49, 
46, 
45, 
46, 
43, 
47, 
43, 
44, 
46, 
47, 
47, 
45, 
46, 
43, 
46, 
45, 
46, 
50, 
44, 
45, 
45, 
42, 
48, 
67, 
50, 
46, 
71, 
128, 
48, 
55, 
51, 
48, 
62, 
47, 
56, 
48, 
47, 
47, 
48, 
48, 
45, 
51, 
48, 
47, 
42, 
49, 
49, 
45, 
47, 
44, 
51, 
44, 
54, 
49, 
50, 
50, 
46, 
54, 
46, 
45, 
45, 
46, 
45, 
46, 
47, 
45, 
49, 
46, 
47, 
49, 
46, 
44, 
51, 
48, 
49, 
46, 
48, 
45, 
43, 
46, 
48, 
47, 
62, 
48, 
50, 
49, 
52, 
47, 
44, 
43, 
48, 
48, 
45, 
50, 
48, 
46, 
45, 
49, 
46, 
56, 
47, 
44, 
45, 
48, 
45, 
51, 
48, 
47, 
45, 
46, 
46, 
48, 
46, 
48, 
44, 
47, 
55, 
46, 
47, 
46, 
47, 
44, 
48, 
45, 
46, 
47, 
46, 
46, 
50, 
47, 
47, 
47, 
46, 
45, 
96, 
47, 
105, 
46, 
47, 
44, 
51, 
45, 
40, 
38, 
40, 
39, 
36, 
36, 
42, 
38, 
37, 
47, 
46, 
47, 
46, 
45, 
44, 
46, 
47, 
48, 
46, 
49, 
48, 
45, 
49, 
46, 
47, 
45, 
52, 
45, 
46, 
46, 
47, 
46, 
49, 
46, 
44, 
50, 
44, 
54, 
49, 
46, 
43, 
60, 
46, 
42, 
49, 
46, 
46, 
46, 
43, 
47, 
50, 
48, 
48, 
46, 
45, 
43, 
42, 
50, 
46, 
47, 
48, 
55, 
49, 
48, 
46, 
49, 
47, 
42, 
47, 
46, 
45, 
47, 
45, 
51, 
51, 
44, 
48, 
43, 
45, 
46, 
48, 
54, 
40, 
47, 
45, 
36, 
38, 
37, 
36, 
37, 
38, 
46, 
48, 
49, 
44, 
43, 
52, 
45, 
44, 
62, 
70, 
146, 
47, 
46, 
48, 
50, 
45, 
47, 
46, 
42, 
48, 
49, 
43, 
46, 
47, 
43, 
43, 
43, 
46, 
47, 
48, 
48, 
46, 
46, 
54, 
46, 
45, 
47, 
44, 
45, 
45, 
45, 
50, 
50, 
46, 
47, 
45, 
50, 
57, 
46, 
48, 
50, 
60, 
47, 
46, 
56, 
43, 
48, 
46, 
47, 
47, 
46, 
50, 
51, 
50, 
47, 
46, 
48, 
48, 
46, 
44, 
48, 
80, 
79, 
40, 
61, 
110, 
39, 
36, 
38, 
42, 
39, 
38, 
49, 
47, 
47, 
45, 
47, 
50, 
50, 
51, 
50, 
46, 
48, 
47, 
45, 
48, 
47, 
47, 
47, 
46, 
48, 
47, 
47, 
49, 
47, 
49, 
45, 
50, 
46, 
51, 
47, 
50, 
44, 
48, 
43, 
47, 
45, 
56, 
47, 
98, 
48, 
46, 
46, 
47, 
45, 
47, 
52, 
48, 
40, 
39, 
40, 
40, 
38, 
40, 
38, 
35, 
39, 
33, 
55, 
46, 
52, 
44, 
54, 
47, 
44, 
46, 
47, 
46, 
55, 
47, 
48, 
47, 
64, 
44, 
48, 
50, 
37, 
36, 
38, 
39, 
38, 
38, 
39, 
37, 
43, 
49, 
52, 
48, 
47, 
48, 
44, 
47, 
47, 
44, 
45, 
49, 
47, 
75, 
48, 
47, 
47, 
46, 
49, 
50, 
48, 
54, 
46, 
45, 
45, 
49, 
53, 
46, 
45, 
51, 
46, 
44, 
49, 
44, 
48, 
50, 
49, 
51, 
46, 
50, 
48, 
46, 
45, 
46, 
46, 
46, 
41, 
50, 
50, 
49, 
44, 
45, 
45, 
45, 
50, 
49, 
45, 
45, 
43, 
45, 
48, 
100, 
121, 
45, 
50, 
45, 
49, 
46, 
48, 
48, 
47, 
45, 
48, 
49, 
47, 
49, 
49, 
46, 
53, 
45, 
44, 
44, 
45, 
48, 
45, 
54, 
48, 
48, 
46, 
64, 
48, 
47, 
46, 
49, 
48, 
48, 
44, 
47, 
47, 
49, 
48, 
40, 
39, 
40, 
39, 
42, 
44, 
40, 
39, 
39, 
46, 
54, 
44, 
49, 
49, 
52, 
45, 
45, 
48, 
51, 
49, 
45, 
48, 
46, 
45, 
44, 
49, 
46, 
58, 
48, 
50, 
46, 
47, 
46, 
45, 
46, 
45, 
48, 
50, 
48, 
48, 
47, 
47, 
44, 
49, 
47, 
48, 
44, 
44, 
44, 
46, 
47, 
44, 
48, 
45, 
51, 
40, 
43, 
57, 
45, 
48, 
48, 
53, 
71, 
47, 
46, 
48, 
47, 
58, 
72, 
49, 
44, 
43, 
50, 
45, 
49, 
62, 
49, 
46, 
44, 
47, 
41, 
42, 
42, 
38, 
34, 
33, 
36, 
36, 
33, 
49, 
36, 
35, 
47, 
41, 
48, 
47, 
46, 
46, 
50, 
48, 
50, 
46, 
46, 
45, 
45, 
46, 
50, 
47, 
45, 
45, 
45, 
49, 
43, 
44, 
45, 
47, 
46, 
46, 
46, 
47, 
45, 
45, 
50, 
46, 
47, 
47, 
45, 
45, 
46, 
46, 
46, 
45, 
45, 
45, 
45, 
52, 
47, 
53, 
48, 
47, 
45, 
46, 
44, 
46, 
49, 
47, 
45, 
45, 
49, 
43, 
46, 
44, 
44, 
42, 
50, 
44, 
47, 
50, 
46, 
46, 
48, 
47, 
51, 
44, 
44, 
45, 
45, 
46, 
48, 
49, 
49, 
47, 
51, 
45, 
50, 
45, 
120, 
143, 
107, 
46, 
50, 
48, 
52, 
48, 
47, 
51, 
47, 
47, 
48, 
44, 
64, 
47, 
43, 
40, 
38, 
43, 
38, 
38, 
36, 
38, 
40, 
48, 
47, 
48, 
53, 
46, 
68, 
45, 
49, 
45, 
47, 
45, 
43, 
42, 
50, 
46, 
53, 
50, 
45, 
52, 
46, 
45, 
47, 
59, 
47, 
50, 
47, 
45, 
46, 
46, 
50, 
45, 
45, 
47, 
47, 
51, 
46, 
49, 
47, 
47, 
47, 
48, 
46, 
47, 
45, 
49, 
49, 
46, 
45, 
52, 
44, 
50, 
46, 
49, 
52, 
50, 
51, 
48, 
44, 
51, 
50, 
48, 
55, 
47, 
53, 
49, 
48, 
49, 
43, 
48, 
58, 
51, 
44, 
51, 
45, 
54, 
52, 
44, 
48, 
43, 
44, 
47, 
42, 
44, 
49, 
124, 
48, 
46, 
49, 
47, 
46, 
65, 
48, 
49, 
48, 
46, 
47, 
48, 
48, 
46, 
52, 
45, 
46, 
46, 
45, 
44, 
48, 
46, 
49, 
45, 
47, 
45, 
56, 
47, 
45, 
70, 
46, 
46, 
45, 
44, 
44, 
47, 
48, 
47, 
57, 
48, 
46, 
48, 
46, 
39, 
37, 
36, 
37, 
42, 
36, 
36, 
39, 
37, 
53, 
50, 
54, 
48, 
44, 
48, 
46, 
48, 
48, 
44, 
48, 
48, 
43, 
47, 
47, 
46, 
44, 
47, 
45, 
41, 
49, 
47, 
46, 
44, 
47, 
47, 
45, 
45, 
50, 
47, 
47, 
46, 
49, 
47, 
48, 
46, 
47, 
47, 
47, 
48, 
48, 
46, 
44, 
54, 
46, 
43, 
45, 
40, 
38, 
39, 
36, 
38, 
40, 
37, 
144, 
45, 
45, 
49, 
45, 
50, 
51, 
48, 
50, 
48, 
47, 
46, 
48, 
51, 
48, 
44, 
48, 
49, 
46, 
47, 
47, 
46, 
45, 
47, 
46, 
46, 
47, 
46, 
42, 
49, 
45, 
46, 
48, 
53, 
46, 
44, 
44, 
45, 
48, 
50, 
48, 
55, 
51, 
45, 
48, 
48, 
44, 
48, 
39, 
38, 
38, 
38, 
38, 
36, 
38, 
38, 
37, 
49, 
49, 
45, 
47, 
49, 
48, 
45, 
49, 
47, 
47, 
49, 
48, 
48, 
44, 
46, 
45, 
53, 
47, 
37, 
44, 
38, 
44, 
37, 
37, 
40, 
40, 
37, 
49, 
45, 
44, 
50, 
46, 
50, 
46, 
47, 
48, 
48, 
48, 
47, 
46, 
46, 
45, 
49, 
50, 
65, 
47, 
47, 
47, 
49, 
44, 
48, 
69, 
52, 
136, 
44, 
45, 
46, 
48, 
49, 
49, 
52, 
49, 
45, 
49, 
45, 
47, 
49, 
43, 
48, 
49, 
44, 
44, 
46, 
47, 
46, 
56, 
45, 
48, 
48, 
49, 
47, 
49, 
47, 
46, 
46, 
47, 
44, 
45, 
51, 
48, 
50, 
46, 
47, 
46, 
47, 
47, 
45, 
45, 
46, 
50, 
42, 
47, 
53, 
55, 
49, 
44, 
47, 
46, 
45, 
50, 
57, 
45, 
49, 
48, 
45, 
47, 
45, 
45, 
48, 
43, 
46, 
49, 
48, 
50, 
46, 
51, 
48, 
46, 
40, 
44, 
47, 
50, 
46, 
49, 
45, 
49, 
47, 
51, 
44, 
50, 
45, 
45, 
67, 
48, 
44, 
65, 
45, 
46, 
50, 
45, 
45, 
46, 
49, 
45, 
62, 
49, 
46, 
60, 
44, 
46, 
133, 
42, 
47, 
50, 
46, 
47, 
43, 
48, 
52, 
47, 
43, 
54, 
50, 
44, 
47, 
48, 
50, 
45, 
44, 
46, 
51, 
48, 
44, 
46, 
47, 
52, 
46, 
48, 
48, 
48, 
53, 
51, 
45, 
53, 
47, 
48, 
54, 
50, 
47, 
49, 
46, 
50, 
49, 
49, 
48, 
46, 
51, 
49, 
49, 
46, 
51, 
45, 
53, 
50, 
47, 
45, 
45, 
50, 
45, 
45, 
50, 
46, 
45, 
50, 
47, 
49, 
50, 
52, 
54, 
46, 
49, 
50, 
52, 
49, 
46, 
51, 
50, 
43, 
50, 
56, 
47, 
62, 
56, 
47, 
50, 
49, 
59, 
48, 
47, 
49, 
46, 
51, 
47, 
46, 
47, 
45, 
48, 
46, 
48, 
48, 
46, 
45, 
47, 
54, 
41, 
47, 
149, 
44, 
137, 
46, 
51, 
46, 
45, 
43, 
47, 
52, 
48, 
44, 
45, 
47, 
47, 
48, 
48, 
49, 
44, 
46, 
44, 
49, 
55, 
48, 
44, 
47, 
48, 
47, 
38, 
43, 
39, 
37, 
38, 
38, 
40, 
51, 
48, 
45, 
48, 
51, 
48, 
44, 
49, 
45, 
50, 
49, 
46, 
50, 
47, 
48, 
46, 
55, 
46, 
48, 
49, 
48, 
49, 
45, 
48, 
45, 
46, 
48, 
43, 
50, 
44, 
46, 
47, 
48, 
47, 
46, 
47, 
46, 
50, 
50, 
45, 
51, 
51, 
51, 
45, 
52, 
48, 
65, 
46, 
46, 
48, 
44, 
53, 
47, 
47, 
46, 
45, 
46, 
45, 
47, 
45, 
46, 
50, 
47, 
46, 
50, 
47, 
46, 
46, 
48, 
43, 
49, 
45, 
46, 
46, 
44, 
134, 
52, 
44, 
48, 
45, 
44, 
55, 
48, 
106, 
53, 
56, 
45, 
46, 
58, 
47, 
49, 
44, 
44, 
47, 
49, 
50, 
51, 
50, 
49, 
43, 
49, 
46, 
47, 
45, 
50, 
47, 
47, 
46, 
48, 
44, 
49, 
46, 
45, 
46, 
53, 
41, 
45, 
39, 
43, 
41, 
46, 
46, 
49, 
40, 
46, 
44, 
43, 
41, 
49, 
46, 
45, 
47, 
50, 
46, 
45, 
44, 
44, 
46, 
46, 
47, 
119, 
89, 
86, 
62, 
110, 
49, 
44, 
63, 
49, 
46, 
52, 
46, 
44, 
48, 
44, 
46, 
47, 
49, 
46, 
46, 
45, 
48, 
45, 
58, 
48, 
50, 
54, 
58, 
46, 
49, 
47, 
46, 
47, 
47, 
48, 
47, 
46, 
47, 
45, 
50, 
96, 
122, 
52, 
44, 
46, 
46, 
47, 
52, 
43, 
47, 
48, 
45, 
49, 
49, 
44, 
50, 
46, 
45, 
44, 
47, 
52, 
46, 
48, 
45, 
66, 
47, 
47, 
47, 
45, 
44, 
46, 
46, 
45, 
45, 
48, 
47, 
44, 
47, 
50, 
45, 
51, 
49, 
47, 
48, 
48, 
50, 
49, 
48, 
72, 
50, 
44, 
44, 
47, 
46, 
47, 
45, 
44, 
44, 
50, 
43, 
47, 
54, 
48, 
52, 
45, 
51, 
52, 
48, 
63, 
49, 
50, 
46, 
47, 
47, 
47, 
45, 
48, 
47, 
45, 
49, 
44, 
48, 
46, 
73, 
48, 
54, 
44, 
48, 
48, 
46, 
45, 
50, 
47, 
50, 
46, 
48, 
45, 
45, 
48, 
46, 
48, 
50, 
48, 
53, 
50, 
49, 
46, 
49, 
94, 
134, 
51, 
38, 
36, 
39, 
37, 
38, 
41, 
42, 
37, 
36, 
40, 
43, 
47, 
48, 
48, 
48, 
45, 
44, 
44, 
46, 
45, 
47, 
50, 
46, 
44, 
48, 
46, 
49, 
46, 
39, 
37, 
39, 
41, 
39, 
37, 
60, 
40, 
62, 
47, 
54, 
46, 
48, 
44, 
46, 
47, 
52, 
45, 
50, 
51, 
47, 
55, 
47, 
46, 
49, 
48, 
54, 
49, 
49, 
48, 
85, 
49, 
50, 
47, 
46, 
49, 
48, 
48, 
47, 
46, 
59, 
46, 
47, 
47, 
50, 
44, 
47, 
53, 
53, 
44, 
42, 
50, 
49, 
48, 
47, 
43, 
44, 
46, 
49, 
44, 
47, 
45, 
49, 
46, 
47, 
48, 
49, 
48, 
50, 
45, 
46, 
46, 
49, 
46, 
42, 
46, 
45, 
88, 
46, 
129, 
45, 
46, 
42, 
46, 
50, 
48, 
44, 
45, 
49, 
47, 
48, 
44, 
47, 
46, 
47, 
44, 
47, 
53, 
45, 
47, 
45, 
46, 
46, 
45, 
47, 
50, 
48, 
52, 
44, 
48, 
42, 
38, 
38, 
42, 
35, 
48, 
35, 
41, 
38, 
50, 
46, 
49, 
46, 
46, 
48, 
46, 
51, 
49, 
46, 
46, 
55, 
66, 
46, 
56, 
46, 
51, 
47, 
38, 
46, 
47, 
48, 
50, 
45, 
46, 
48, 
45, 
44, 
49, 
45, 
47, 
47, 
46, 
45, 
56, 
49, 
46, 
46, 
46, 
40, 
45, 
46, 
47, 
47, 
41, 
47, 
45, 
54, 
45, 
49, 
46, 
48, 
48, 
46, 
50, 
45, 
48, 
44, 
45, 
48, 
48, 
49, 
49, 
48, 
43, 
49, 
123, 
133, 
48, 
50, 
45, 
45, 
44, 
45, 
48, 
47, 
46, 
49, 
45, 
48, 
47, 
46, 
47, 
46, 
50, 
53, 
48, 
48, 
46, 
47, 
47, 
47, 
48, 
48, 
48, 
47, 
46, 
47, 
48, 
47, 
46, 
47, 
74, 
49, 
52, 
46, 
45, 
51, 
43, 
48, 
44, 
49, 
49, 
63, 
55, 
47, 
47, 
42, 
49, 
44, 
48, 
49, 
51, 
45, 
55, 
46, 
53, 
47, 
47, 
47, 
49, 
47, 
46, 
47, 
47, 
48, 
49, 
49, 
48, 
48, 
49, 
48, 
44, 
47, 
46, 
45, 
56, 
46, 
49, 
45, 
47, 
45, 
47, 
70, 
49, 
42, 
46, 
50, 
49, 
46, 
52, 
45, 
47, 
44, 
45, 
53, 
46, 
44, 
46, 
47, 
47, 
52, 
47, 
47, 
46, 
127, 
47, 
54, 
46, 
45, 
45, 
46, 
48, 
44, 
45, 
47, 
46, 
50, 
45, 
42, 
49, 
46, 
46, 
41, 
45, 
53, 
46, 
47, 
46, 
44, 
43, 
53, 
48, 
46, 
50, 
45, 
50, 
45, 
44, 
52, 
42, 
50, 
47, 
46, 
67, 
50, 
51, 
45, 
49, 
45, 
45, 
46, 
46, 
50, 
45, 
47, 
